年,月-期底,機構類型名稱,機構名稱,流通卡數-張,有效卡數-張,本月發卡數-張,本月停卡數-張,循環信用餘額-新臺幣百萬元,本月簽帳金額-新臺幣百萬元,本月預借現金金額-新臺幣百萬元,逾期帳款比率-%,備抵呆帳提足率-%,本月轉銷呆帳金額-新臺幣百萬元,循環信用利息收入-新臺幣百萬元,簽帳手續費收入-新臺幣百萬元,預借現金手續費-新臺幣百萬元,收單特約商店家數-家
104,1,本國銀行,臺灣銀行#,225744,115423,502,1591,242,654,1,0.33,518.01,0,3,11,0,1096
104,1,本國銀行,臺灣土地銀行,123416,54717,654,817,205,338,1,0.34,1696.12,2,2,5,0,3590
104,1,本國銀行,合作金庫商業銀行#,400723,237647,2606,7719,602,1698,4,0.93,250.73,0,6,25,0,28206
104,1,本國銀行,第一商業銀行#,813420,555037,15215,8392,1309,3554,15,0.23,1484.23,5,18,54,0,772
104,1,本國銀行,華南商業銀行#,749151,517241,12108,9691,665,3140,1,0.08,1367.98,0,8,62,0,5356
104,1,本國銀行,彰化商業銀行,391021,205866,4243,4129,196,1030,1,0.22,769.65,0,4,14,0,283
104,1,本國銀行,上海商業儲蓄銀行,387885,198848,1303,5180,781,1225,8,0.76,1731.11,0,10,20,0,186
104,1,本國銀行,台北富邦銀行#,2376014,1612315,32688,24669,6918,12869,96,0.2,733.96,21,89,183,4,493
104,1,本國銀行,國泰世華商業銀行#,4797855,3371865,67494,32495,14674,24754,250,0.13,2174.53,29,189,294,5,9231
104,1,本國銀行,高雄銀行,9052,4615,75,54,6,132,0,0.04,1410.2,0,0,0,0,1116
104,1,本國銀行,兆豐國際商業銀行#,569958,386467,6661,6186,1314,2415,8,0.16,868.85,3,19,40,0,61
104,1,本國銀行,花旗(台灣)商業銀行,2907945,2488489,19561,30528,17258,20020,191,0.49,751.47,114,232,256,6,34331
104,1,本國銀行,澳盛(台灣)商業銀行,645317,382432,5517,4524,3474,3468,19,0.31,5231.05,15,47,28,1,963
104,1,本國銀行,臺灣中小企業銀行,336640,135226,1164,1844,580,865,5,0.22,1014.85,2,8,9,0,5
104,1,本國銀行,渣打國際商業銀行,418806,272500,10552,4529,2276,1621,8,0.5,452.89,13,33,25,0,0
104,1,本國銀行,台中商業銀行,156299,59402,1548,762,213,359,0,1.68,462.67,0,3,5,0,495
104,1,本國銀行,滙豐(台灣)商業銀行,618602,440435,9153,6353,3166,4346,59,0.26,2097.18,8,45,62,1,6
104,1,本國銀行,華泰商業銀行,10501,6726,32,69,20,64,0,0.76,180.65,0,0,1,0,0
104,1,本國銀行,臺灣新光商業銀行#,915711,449771,7713,5476,2260,3142,19,0.18,245.74,6,28,67,0,2109
104,1,本國銀行,陽信商業銀行,66629,37552,995,567,281,234,0,0.4,987.81,0,3,4,0,10
104,1,本國銀行,三信商業銀行,16466,11127,494,73,34,129,0,0.34,4126.95,0,0,1,0,0
104,1,本國銀行,聯邦商業銀行,1777391,791475,22905,16288,5102,5109,187,0.27,129.88,12,52,80,1,3394
104,1,本國銀行,遠東國際商業銀行,1493439,1012732,14502,8844,5375,5104,230,0.26,100.43,12,84,77,1,13
104,1,本國銀行,元大商業銀行#,314627,152457,8171,1919,474,1593,1,0.26,1009.05,2,5,27,0,83
104,1,本國銀行,永豐商業銀行#,2184231,1321057,19290,13230,4936,7093,124,0.3,1250.97,14,77,97,3,3981
104,1,本國銀行,玉山商業銀行#,3715397,2555721,48512,27383,10558,18400,159,0.23,2568.97,38,138,259,6,13368
104,1,本國銀行,凱基商業銀行#,496348,193451,5168,4100,1301,731,12,1.36,181.77,6,18,0,0,3282
104,1,本國銀行,星展(台灣)商業銀行,12544,6575,120,120,17,64,0,0.65,1036.82,0,0,1,0,0
104,1,本國銀行,台新國際商業銀行#,3514678,2408179,46223,28772,10470,14230,135,0.26,603.67,17,107,210,8,74467
104,1,本國銀行,大眾商業銀行,591031,292736,9195,7598,914,1776,70,0.0,485.37,9,21,31,1,340
104,1,本國銀行,日盛國際商業銀行#,192269,108054,406,939,507,399,10,0.29,290.09,3,6,5,0,0
104,1,本國銀行,安泰商業銀行,204451,71396,1025,1016,486,461,1,0.25,429.35,0,5,7,0,2982
104,1,本國銀行,中國信託商業銀行#,5820462,3763510,96600,32840,15298,25227,618,0.15,745.08,63,172,329,37,67121
104,1,信用卡公司,台灣樂天信用卡股份有限公司,879,173,747,1,0,2,0,0.0,0.0,0,0,0,0,0
104,1,信用卡公司,台灣美國運通國際(股)公司,161932,89728,3028,2613,329,3863,0,0.09,518.49,6,3,67,0,80844
104,1,信用卡公司,台灣大來國際信用卡(股)公司,25438,9971,5,476,25,47,1,2.05,9.82,0,0,0,0,3370
104,1,信用卡公司,台灣永旺信用卡(股)公司,109293,82025,2924,11652,343,214,3,1.6,728.8,3,5,3,0,383
104,1,信用卡公司,香港商台灣環滙亞太信用卡,0,0,0,0,0,0,0,0.0,0.0,0,0,0,0,10017
104,1,信用卡公司,財團法人聯合信用卡處理中心,0,0,0,0,0,0,0,0.0,0.0,0,0,0,0,91369
104,2,本國銀行,臺灣銀行#,225585,114319,362,813,237,627,1,0.46,382.97,1,2,10,0,1098
104,2,本國銀行,臺灣土地銀行,123608,54397,574,456,202,328,0,0.25,2023.32,1,2,5,0,3604
104,2,本國銀行,合作金庫商業銀行#,395722,237050,1876,7452,582,1995,3,0.47,304.68,13,5,25,0,28348
104,2,本國銀行,第一商業銀行#,820834,561420,11428,6011,1314,3489,9,0.2,1611.82,6,19,49,0,872
104,2,本國銀行,華南商業銀行#,749500,521096,8874,6561,646,3043,1,0.11,1095.61,0,8,57,0,5442
104,2,本國銀行,彰化商業銀行,393646,203693,4263,2283,209,1001,0,0.13,1083.38,2,3,13,0,283
104,2,本國銀行,上海商業儲蓄銀行,386692,197053,1043,2236,750,1008,5,0.59,1963.79,4,8,17,0,213
104,2,本國銀行,台北富邦銀行#,2381816,1613526,22832,17030,6847,11398,67,0.18,782.9,26,73,184,3,495
104,2,本國銀行,國泰世華商業銀行#,4830914,3400863,55230,22171,14469,22958,182,0.11,2229.89,28,181,240,4,9259
104,2,本國銀行,高雄銀行,9067,4395,44,27,6,122,0,0.03,1444.05,0,0,0,0,1101
104,2,本國銀行,兆豐國際商業銀行#,571239,386102,5339,4058,1333,2338,7,0.13,961.68,3,16,41,0,62
104,2,本國銀行,花旗(台灣)商業銀行,2929905,2501556,13368,25821,17432,18302,122,0.61,598.67,0,209,237,4,38134
104,2,本國銀行,澳盛(台灣)商業銀行,637181,380200,3963,12043,3434,3000,15,0.35,4744.66,9,41,26,1,963
104,2,本國銀行,臺灣中小企業銀行,336339,134468,982,1283,577,909,4,0.19,436.31,3,6,8,0,5
104,2,本國銀行,渣打國際商業銀行,421540,274861,6423,3639,2269,1478,4,0.52,454.62,11,26,22,0,0
104,2,本國銀行,台中商業銀行,157347,59826,1808,536,193,364,0,2.06,372.97,0,3,5,0,541
104,2,本國銀行,滙豐(台灣)商業銀行,620837,443960,6915,4680,3107,3838,45,0.28,2017.89,6,40,56,1,6
104,2,本國銀行,華泰商業銀行,10451,6760,14,52,22,55,0,0.93,189.06,0,0,1,0,0
104,2,本國銀行,臺灣新光商業銀行#,898152,450493,8131,4039,2242,3218,12,0.15,249.52,6,26,69,0,2117
104,2,本國銀行,陽信商業銀行,66977,37778,861,376,263,220,0,0.71,856.38,0,2,3,0,38
104,2,本國銀行,三信商業銀行,16556,11162,202,58,36,111,0,0.31,4596.21,0,0,1,0,0
104,2,本國銀行,聯邦商業銀行,1772811,796158,10102,14682,5059,4971,136,0.26,129.12,12,49,74,1,3416
104,2,本國銀行,遠東國際商業銀行,1482479,1016220,10671,21646,5421,4498,188,0.28,100.36,11,84,37,1,27
104,2,本國銀行,元大商業銀行#,323288,158407,9708,1351,437,1534,1,0.23,1035.57,1,5,26,0,83
104,2,本國銀行,永豐商業銀行#,2180900,1317301,13189,16520,4942,6634,81,0.27,1294.25,15,77,92,3,4127
104,2,本國銀行,玉山商業銀行#,3725189,2570752,28676,18884,10482,17299,86,0.22,2495.28,38,93,250,5,13829
104,2,本國銀行,凱基商業銀行#,497641,194197,4480,3193,1311,645,7,1.45,175.0,4,18,6,0,3397
104,2,本國銀行,星展(台灣)商業銀行,12549,6519,70,65,16,58,0,0.77,980.47,0,0,1,0,0
104,2,本國銀行,台新國際商業銀行#,3530779,2415822,31093,14992,10450,13620,114,0.25,592.95,21,96,221,7,74872
104,2,本國銀行,大眾商業銀行,591668,294166,7327,6664,906,1540,51,0.0,479.86,7,19,26,0,426
104,2,本國銀行,日盛國際商業銀行#,192012,108007,383,640,495,379,7,0.26,362.67,2,6,5,0,0
104,2,本國銀行,安泰商業銀行,204291,70917,800,679,485,390,1,0.29,452.62,0,5,6,0,2985
104,2,本國銀行,中國信託商業銀行#,5826421,3793427,49341,34009,14908,25210,479,0.16,725.39,54,174,316,33,67737
104,2,信用卡公司,台灣樂天信用卡股份有限公司,2493,1295,1607,1,0,24,0,0.0,0.0,0,0,1,0,0
104,2,信用卡公司,台灣美國運通國際(股)公司,162219,89755,2210,1923,331,3296,0,0.08,677.1,2,3,60,0,80949
104,2,信用卡公司,台灣大來國際信用卡(股)公司,0,0,0,0,0,0,0,0.0,0.0,0,0,0,0,0
104,2,信用卡公司,台灣永旺信用卡(股)公司,107848,74068,243,1693,330,188,3,1.57,782.86,3,5,3,0,377
104,2,信用卡公司,香港商台灣環滙亞太信用卡,0,0,0,0,0,0,0,0.0,0.0,0,0,0,0,10036
104,2,信用卡公司,財團法人聯合信用卡處理中心,0,0,0,0,0,0,0,0.0,0.0,0,0,0,0,91546
104,2,本國銀行,臺灣銀行#,225585,114319,362,813,237,627,1,0.46,382.97,1,2,10,0,1098
104,2,本國銀行,臺灣土地銀行,123608,54397,574,456,202,328,0,0.25,2023.32,1,2,5,0,3604
104,2,本國銀行,合作金庫商業銀行#,395722,237050,1876,7452,582,1995,3,0.47,304.68,13,5,25,0,28348
104,2,本國銀行,第一商業銀行#,820834,561420,11428,6011,1314,3489,9,0.2,1611.82,6,19,49,0,872
104,2,本國銀行,華南商業銀行#,749500,521096,8874,6561,646,3043,1,0.11,1095.61,0,8,57,0,5442
104,2,本國銀行,彰化商業銀行,393646,203693,4263,2283,209,1001,0,0.13,1083.38,2,3,13,0,283
104,2,本國銀行,上海商業儲蓄銀行,386692,197053,1043,2236,750,1008,5,0.59,1963.79,4,8,17,0,213
104,2,本國銀行,台北富邦銀行#,2381816,1613526,22832,17030,6847,11398,67,0.18,782.9,26,73,184,3,495
104,2,本國銀行,國泰世華商業銀行#,4830914,3400863,55230,22171,14469,22958,182,0.11,2229.89,28,181,240,4,9259
104,2,本國銀行,高雄銀行,9067,4395,44,27,6,122,0,0.03,1444.05,0,0,0,0,1101
104,2,本國銀行,兆豐國際商業銀行#,571239,386102,5339,4058,1333,2338,7,0.13,961.68,3,16,41,0,62
104,2,本國銀行,花旗(台灣)商業銀行,2929905,2501556,13368,25821,17432,18302,122,0.61,598.67,0,209,237,4,38134
104,2,本國銀行,澳盛(台灣)商業銀行,637181,380200,3963,12043,3434,3000,15,0.35,4744.66,9,41,26,1,963
104,2,本國銀行,臺灣中小企業銀行,336339,134468,982,1283,577,909,4,0.19,436.31,3,6,8,0,5
104,2,本國銀行,渣打國際商業銀行,421540,274861,6423,3639,2269,1478,4,0.52,454.62,11,26,22,0,0
104,2,本國銀行,台中商業銀行,157347,59826,1808,536,193,364,0,2.06,372.97,0,3,5,0,541
104,2,本國銀行,滙豐(台灣)商業銀行,620837,443960,6915,4680,3107,3838,45,0.28,2017.89,6,40,56,1,6
104,2,本國銀行,華泰商業銀行,10451,6760,14,52,22,55,0,0.93,189.06,0,0,1,0,0
104,2,本國銀行,臺灣新光商業銀行#,898152,450493,8131,4039,2242,3218,12,0.15,249.52,6,26,69,0,2117
104,2,本國銀行,陽信商業銀行,66977,37778,861,376,263,220,0,0.71,856.38,0,2,3,0,38
104,2,本國銀行,三信商業銀行,16556,11162,202,58,36,111,0,0.31,4596.21,0,0,1,0,0
104,2,本國銀行,聯邦商業銀行,1772811,796158,10102,14682,5059,4971,136,0.26,129.12,12,49,74,1,3416
104,2,本國銀行,遠東國際商業銀行,1482479,1016220,10671,21646,5421,4498,188,0.28,100.36,11,84,37,1,27
104,2,本國銀行,元大商業銀行#,323288,158407,9708,1351,437,1534,1,0.23,1035.57,1,5,26,0,83
104,2,本國銀行,永豐商業銀行#,2180900,1317301,13189,16520,4942,6634,81,0.27,1294.25,15,77,92,3,4127
104,2,本國銀行,玉山商業銀行#,3725189,2570752,28676,18884,10482,17299,86,0.22,2495.28,38,93,250,5,13829
104,2,本國銀行,凱基商業銀行#,497641,194197,4480,3193,1311,645,7,1.45,175.0,4,18,6,0,3397
104,2,本國銀行,星展(台灣)商業銀行,12549,6519,70,65,16,58,0,0.77,980.47,0,0,1,0,0
104,2,本國銀行,台新國際商業銀行#,3530779,2415822,31093,14992,10450,13620,114,0.25,592.95,21,96,221,7,74872
104,2,本國銀行,大眾商業銀行,591668,294166,7327,6664,906,1540,51,0.0,479.86,7,19,26,0,426
104,2,本國銀行,日盛國際商業銀行#,192012,108007,383,640,495,379,7,0.26,362.67,2,6,5,0,0
104,2,本國銀行,安泰商業銀行,204291,70917,800,679,485,390,1,0.29,452.62,0,5,6,0,2985
104,2,本國銀行,中國信託商業銀行#,5826421,3793427,49341,34009,14908,25210,479,0.16,725.39,54,174,316,33,67737
104,2,信用卡公司,台灣樂天信用卡股份有限公司,2493,1295,1607,1,0,24,0,0.0,0.0,0,0,1,0,0
104,2,信用卡公司,台灣美國運通國際(股)公司,162219,89755,2210,1923,331,3296,0,0.08,677.1,2,3,60,0,80949
104,2,信用卡公司,台灣永旺信用卡(股)公司,107848,74068,243,1693,330,188,3,1.57,782.86,3,5,3,0,377
104,2,信用卡公司,香港商台灣環滙亞太信用卡,0,0,0,0,0,0,0,0.0,0.0,0,0,0,0,10036
104,2,信用卡公司,財團法人聯合信用卡處理中心,0,0,0,0,0,0,0,0.0,0.0,0,0,0,0,91546
104,3,本國銀行,臺灣銀行#,225717,113058,768,1033,236,672,1,0.38,448.89,3,3,10,0,1107
104,3,本國銀行,臺灣土地銀行,123745,54426,877,893,197,349,1,0.27,2047.43,1,2,5,0,3617
104,3,本國銀行,合作金庫商業銀行#,391199,234614,3465,8593,557,2132,4,0.37,327.79,4,5,27,0,28461
104,3,本國銀行,第一商業銀行#,832361,566599,17151,8621,1290,3782,14,0.2,1720.5,6,17,55,0,968
104,3,本國銀行,華南商業銀行#,753080,526403,15778,10113,642,3334,1,0.05,1789.3,7,9,57,0,5482
104,3,本國銀行,彰化商業銀行,399521,202674,7999,3291,258,1073,1,0.24,704.06,1,4,14,0,283
104,3,本國銀行,上海商業儲蓄銀行,383187,196030,1464,4969,754,1253,7,0.85,1462.76,0,11,20,0,249
104,3,本國銀行,台北富邦銀行#,2382773,1614846,23781,22824,6670,13876,87,0.21,718.46,23,95,197,3,512
104,3,本國銀行,國泰世華商業銀行#,4876939,3403593,77705,31680,13637,28878,188,0.12,2218.74,24,171,285,4,9416
104,3,本國銀行,高雄銀行,9068,4262,42,51,6,134,0,0.28,433.82,0,0,0,0,1102
104,3,本國銀行,兆豐國際商業銀行#,576756,388372,10074,4557,1252,2473,6,0.13,964.14,4,19,38,0,62
104,3,本國銀行,花旗(台灣)商業銀行,2926715,2505394,19947,33114,16482,19690,173,0.52,720.93,104,219,251,5,38221
104,3,本國銀行,澳盛(台灣)商業銀行,638413,380658,6089,5032,3410,3472,18,0.36,415.72,10,50,27,1,963
104,3,本國銀行,臺灣中小企業銀行,336218,133248,1557,1677,560,884,6,0.2,634.7,3,8,9,0,5
104,3,本國銀行,渣打國際商業銀行,422775,275080,6690,5473,2227,1610,9,0.5,466.2,16,28,24,0,0
104,3,本國銀行,台中商業銀行,158569,59825,2100,773,215,375,0,1.46,631.76,6,4,6,0,567
104,3,本國銀行,滙豐(台灣)商業銀行,623742,443146,9832,6927,3066,4256,54,0.28,2140.26,14,44,57,1,6
104,3,本國銀行,華泰商業銀行,10382,6763,13,82,19,57,0,0.43,205.16,1,0,1,0,0
104,3,本國銀行,臺灣新光商業銀行#,895162,452912,12008,5735,2198,4084,26,0.15,225.45,6,26,72,0,2109
104,3,本國銀行,陽信商業銀行,67831,37814,1546,619,275,246,0,0.35,1059.81,4,4,3,0,44
104,3,本國銀行,三信商業銀行,16702,11241,304,72,33,106,0,0.14,5726.42,0,0,1,0,0
104,3,本國銀行,聯邦商業銀行,1756151,785839,15158,31818,4967,4953,161,0.3,126.59,17,46,77,1,3430
104,3,本國銀行,遠東國際商業銀行,1487942,1018102,14178,8739,5228,4588,203,0.31,100.6,16,81,44,1,31
104,3,本國銀行,元大商業銀行#,332323,165049,10855,2248,435,1852,1,0.23,1033.17,3,4,32,0,84
104,3,本國銀行,永豐商業銀行#,2188742,1317448,23367,15525,4899,7563,113,0.3,1314.88,12,67,98,2,4264
104,3,本國銀行,玉山商業銀行#,3747352,2585672,43246,21083,10433,17731,92,0.24,2507.89,37,167,264,4,14476
104,3,本國銀行,凱基商業銀行#,499423,195081,5736,4402,1283,836,10,1.38,187.38,6,17,5,0,3496
104,3,本國銀行,星展(台灣)商業銀行,12559,6394,91,81,17,64,0,0.22,2968.57,1,0,1,0,0
104,3,本國銀行,台新國際商業銀行#,3556402,2420420,45084,19461,10343,14659,152,0.25,614.52,23,105,202,8,75319
104,3,本國銀行,大眾商業銀行,582656,297078,10509,19403,893,1791,77,0.0,460.66,8,21,31,1,457
104,3,本國銀行,日盛國際商業銀行#,191647,106882,639,1004,493,413,10,0.35,304.18,2,5,6,0,0
104,3,本國銀行,安泰商業銀行,204338,71207,1386,755,474,449,2,0.45,466.52,0,5,7,0,3042
104,3,本國銀行,中國信託商業銀行#,5824038,3795715,55567,48324,14441,26220,637,0.17,716.45,58,148,346,35,68250
104,3,信用卡公司,台灣樂天信用卡股份有限公司,5677,3610,3192,15,1,85,0,0.0,5155.28,0,0,2,0,0
104,3,信用卡公司,台灣美國運通國際(股)公司,162557,89401,3384,3046,320,3903,0,0.11,498.67,1,3,66,0,81289
104,3,信用卡公司,台灣永旺信用卡(股)公司,106288,65496,347,2010,318,185,2,1.85,704.0,2,4,3,0,375
104,3,信用卡公司,香港商台灣環滙亞太信用卡,0,0,0,0,0,0,0,0.0,0.0,0,0,0,0,10071
104,3,信用卡公司,財團法人聯合信用卡處理中心,0,0,0,0,0,0,0,0.0,0.0,0,0,0,0,92616
104,4,本國銀行,臺灣銀行#,226001,112318,817,909,231,633,1,0.24,592.1,2,2,11,0,1121
104,4,本國銀行,臺灣土地銀行,124095,54257,823,551,194,319,1,0.19,2319.62,1,2,5,0,3649
104,4,本國銀行,合作金庫商業銀行#,388546,233133,3970,7277,562,2034,5,0.47,311.64,0,6,27,0,28520
104,4,本國銀行,第一商業銀行#,841088,569934,13837,7764,1269,3777,13,0.17,1910.7,6,17,52,0,1091
104,4,本國銀行,華南商業銀行#,758129,531828,15873,8149,643,3381,1,0.11,1209.88,0,8,60,0,5529
104,4,本國銀行,彰化商業銀行,405510,203853,7725,2527,269,1098,1,0.21,774.02,2,4,15,0,284
104,4,本國銀行,上海商業儲蓄銀行,379260,194773,1343,5270,735,1137,6,0.51,2768.1,9,9,19,0,286
104,4,本國銀行,台北富邦銀行#,2371443,1612559,17335,28665,6679,12927,92,0.21,702.48,24,81,188,4,546
104,4,本國銀行,國泰世華商業銀行#,4917701,3435466,66839,26077,13761,27998,202,0.11,2272.44,23,179,292,4,9515
104,4,本國銀行,高雄銀行,9067,4129,41,49,6,136,0,0.09,844.41,0,0,0,0,1095
104,4,本國銀行,兆豐國際商業銀行#,581694,390067,8788,3850,1247,2453,7,0.15,907.83,2,17,40,0,61
104,4,本國銀行,花旗(台灣)商業銀行,2926548,2506372,18841,28179,16731,19468,170,0.5,732.55,58,213,253,5,38550
104,4,本國銀行,澳盛(台灣)商業銀行,639141,378811,5536,4835,3357,3358,17,0.35,418.73,13,45,31,1,965
104,4,本國銀行,臺灣中小企業銀行,336015,132449,1511,1715,553,888,4,0.18,627.63,3,8,10,0,5
104,4,本國銀行,渣打國際商業銀行,422147,272852,3784,4498,2207,1537,9,0.47,473.18,12,29,25,0,0
104,4,本國銀行,台中商業銀行,159664,60193,1857,645,212,380,0,1.52,546.25,1,3,6,0,587
104,4,本國銀行,滙豐(台灣)商業銀行,626586,445861,8949,6105,3013,4218,49,0.26,2167.63,9,41,59,1,6
104,4,本國銀行,華泰商業銀行,10344,6770,9,46,19,56,0,0.46,206.6,0,0,1,0,0
104,4,本國銀行,臺灣新光商業銀行#,895126,455002,11287,4933,2186,3485,28,0.18,247.54,5,26,70,0,2102
104,4,本國銀行,陽信商業銀行,68313,38534,1136,578,272,224,0,0.64,915.51,0,3,3,0,49
104,4,本國銀行,三信商業銀行,16750,11326,187,60,32,110,0,0.17,5592.19,0,0,1,0,0
104,4,本國銀行,聯邦商業銀行,1759390,787714,19103,15864,4952,5014,135,0.29,128.4,13,50,78,1,3350
104,4,本國銀行,遠東國際商業銀行,1494199,1014744,12795,6562,5176,4297,222,0.29,100.62,17,83,47,1,32
104,4,本國銀行,元大商業銀行#,343635,173735,12732,1823,433,2003,1,0.19,1081.46,2,4,34,0,87
104,4,本國銀行,永豐商業銀行#,2194349,1312517,20291,14684,4865,7145,118,0.51,465.03,15,73,95,2,4494
104,4,本國銀行,玉山商業銀行#,3766780,2601778,39389,19961,10330,19965,90,0.22,2342.5,36,131,256,2,14715
104,4,本國銀行,凱基商業銀行#,500787,196940,5005,3522,1269,808,11,1.37,180.86,8,18,6,0,3893
104,4,本國銀行,星展(台灣)商業銀行,12598,6327,145,106,17,62,0,0.49,1104.07,0,0,1,0,0
104,4,本國銀行,台新國際商業銀行#,3572233,2419863,32867,17036,10291,14275,159,0.24,627.66,23,101,211,9,75809
104,4,本國銀行,大眾商業銀行,588198,294177,10637,5059,882,1755,78,0.0,500.35,7,21,31,1,503
104,4,本國銀行,日盛國際商業銀行#,191418,106011,545,774,486,399,5,0.32,289.37,3,6,6,0,0
104,4,本國銀行,安泰商業銀行,203429,71189,1123,549,467,410,2,0.57,462.17,0,5,7,0,3053
104,4,本國銀行,中國信託商業銀行#,5831045,3810434,44190,35565,14083,25841,667,0.16,711.09,63,158,350,39,69534
104,4,信用卡公司,台灣樂天信用卡股份有限公司,10129,6429,4447,20,2,39,0,0.0,5243.9,0,0,1,0,0
104,4,信用卡公司,台灣美國運通國際(股)公司,162619,89380,2936,2874,315,3789,0,0.08,546.73,2,3,70,0,81213
104,4,信用卡公司,台灣永旺信用卡(股)公司,102729,55014,485,4072,309,171,3,1.83,720.8,2,5,2,0,370
104,4,信用卡公司,香港商台灣環滙亞太信用卡,0,0,0,0,0,0,0,0.0,0.0,0,0,0,0,10079
104,4,信用卡公司,財團法人聯合信用卡處理中心,0,0,0,0,0,0,0,0.0,0.0,0,0,0,0,93112
104,5,本國銀行,臺灣銀行#,226028,111872,707,997,229,652,1,0.18,730.35,1,2,11,0,1137
104,5,本國銀行,臺灣土地銀行,123821,54262,913,1261,197,333,1,0.21,2648.25,0,2,5,0,3694
104,5,本國銀行,合作金庫商業銀行#,386757,233224,4120,5975,557,2083,4,0.41,316.18,4,5,30,0,28519
104,5,本國銀行,第一商業銀行#,849535,573015,13193,7476,1298,3731,13,0.15,2062.51,5,17,54,0,1205
104,5,本國銀行,華南商業銀行#,761255,537423,14462,7917,619,3275,1,0.17,942.86,0,8,60,0,5566
104,5,本國銀行,彰化商業銀行,410605,203662,6783,2428,222,1091,1,0.11,1248.7,1,4,14,0,284
104,5,本國銀行,上海商業儲蓄銀行,375313,193538,1265,5212,742,1106,7,0.61,2119.63,0,9,18,0,322
104,5,本國銀行,台北富邦銀行#,2375060,1611842,20966,17349,6743,13232,95,0.19,733.4,26,85,188,4,557
104,5,本國銀行,國泰世華商業銀行#,4953225,3455208,61101,25577,13928,27066,214,0.14,2191.93,22,176,266,4,9520
104,5,本國銀行,高雄銀行,9062,4077,43,55,5,144,0,0.14,550.37,0,0,0,0,1091
104,5,本國銀行,兆豐國際商業銀行#,587299,390658,9458,3853,1235,2506,7,0.16,876.07,2,17,42,0,64
104,5,本國銀行,花旗(台灣)商業銀行,2923208,2505443,17161,29603,16785,19600,187,0.5,729.04,53,220,251,6,38344
104,5,本國銀行,澳盛(台灣)商業銀行,627266,379434,6661,18486,3338,3278,19,0.36,407.01,13,47,28,1,965
104,5,本國銀行,臺灣中小企業銀行,335888,131746,1283,1410,547,922,4,0.15,686.97,3,7,9,0,5
104,5,本國銀行,渣打國際商業銀行,412118,265495,2329,12490,2199,1515,10,0.45,478.02,11,28,24,0,0
104,5,本國銀行,台中商業銀行,161061,60611,2297,741,217,392,0,1.77,433.3,0,3,6,0,615
104,5,本國銀行,滙豐(台灣)商業銀行,629135,446705,8548,5999,2992,4057,61,0.22,2348.15,10,42,58,1,6
104,5,本國銀行,華泰商業銀行,10332,6732,18,29,19,62,0,1.01,195.81,0,0,1,0,0
104,5,本國銀行,臺灣新光商業銀行#,893692,456522,8248,4795,2179,3459,26,0.17,256.83,7,26,72,0,2108
104,5,本國銀行,陽信商業銀行,68675,38731,987,529,268,239,0,0.73,883.65,0,3,3,0,55
104,5,本國銀行,三信商業銀行,16804,11376,223,81,32,126,0,0.2,5415.69,0,0,1,0,0
104,5,本國銀行,聯邦商業銀行,1760832,789866,16399,14957,4956,5339,143,0.28,128.39,13,48,81,1,3367
104,5,本國銀行,遠東國際商業銀行,1499358,1013186,11217,6079,5235,4223,221,0.31,100.21,13,80,43,1,38
104,5,本國銀行,元大商業銀行#,357289,183957,15083,1991,435,2084,1,0.19,1073.93,1,5,35,0,89
104,5,本國銀行,永豐商業銀行#,2199962,1310331,20348,14735,4884,6999,114,0.49,479.4,12,71,97,3,4805
104,5,本國銀行,玉山商業銀行#,3785419,2621789,38636,19997,10282,21112,103,0.22,2315.23,36,128,256,3,15536
104,5,本國銀行,凱基商業銀行#,499770,198578,4158,6128,1266,873,9,1.35,182.05,5,17,8,0,4035
104,5,本國銀行,星展(台灣)商業銀行,12594,6253,64,68,18,63,0,1.03,613.07,0,0,1,0,0
104,5,本國銀行,台新國際商業銀行#,3583601,2420880,30710,19342,10296,13761,149,0.25,612.62,22,104,203,8,76279
104,5,本國銀行,大眾商業銀行,593056,296893,9778,4901,888,1739,76,0.0,439.34,6,22,30,1,544
104,5,本國銀行,日盛國際商業銀行#,191277,105018,550,691,477,388,6,0.31,287.4,2,6,5,0,0
104,5,本國銀行,安泰商業銀行,201381,71057,1101,551,464,431,1,0.66,460.37,0,5,7,0,3078
104,5,本國銀行,中國信託商業銀行#,5841873,3817898,36311,35786,13915,25242,685,0.18,687.19,58,158,330,36,70323
104,5,信用卡公司,台灣樂天信用卡股份有限公司,14333,9640,4212,23,4,67,0,0.0,6054.22,0,0,1,0,0
104,5,信用卡公司,台灣美國運通國際(股)公司,162905,89384,3062,2776,319,4105,1,0.07,545.13,2,3,68,0,82040
104,5,信用卡公司,台灣永旺信用卡(股)公司,101844,50350,189,1097,298,186,4,1.94,740.19,4,4,2,0,362
104,5,信用卡公司,香港商台灣環滙亞太信用卡,0,0,0,0,0,0,0,0.0,0.0,0,0,0,0,9990
104,5,信用卡公司,財團法人聯合信用卡處理中心,0,0,0,0,0,0,0,0.0,0.0,0,0,0,0,93945
104,6,本國銀行,臺灣銀行#,226550,111561,1069,885,229,795,1,0.22,744.99,1,3,11,0,1152
104,6,本國銀行,臺灣土地銀行,133373,57172,10216,1166,199,438,1,0.23,3044.1,1,2,5,0,3713
104,6,本國銀行,合作金庫商業銀行#,388946,234366,6109,3960,553,3606,5,0.21,330.57,3,5,28,0,28631
104,6,本國銀行,第一商業銀行#,858292,574424,14618,8647,1319,4417,14,0.12,2103.06,5,18,51,0,1353
104,6,本國銀行,華南商業銀行#,765535,543281,15944,8218,659,4770,1,0.04,1531.51,9,8,59,0,5604
104,6,本國銀行,彰化商業銀行,416148,202799,7227,2492,288,2567,1,0.18,628.89,0,4,15,0,284
104,6,本國銀行,上海商業儲蓄銀行,372240,191826,1430,4503,774,1232,7,0.47,2904.47,5,9,18,0,341
104,6,本國銀行,台北富邦銀行#,2403451,1605158,96557,68166,6792,17457,98,0.17,755.01,23,82,213,4,563
104,6,本國銀行,國泰世華商業銀行#,4988568,3469575,61177,25834,14140,36064,251,0.13,2171.96,23,172,294,5,9570
104,6,本國銀行,高雄銀行,9087,3979,53,29,6,157,0,0.13,552.94,0,0,0,0,1085
104,6,本國銀行,兆豐國際商業銀行#,594242,394041,11200,4257,1240,3649,7,0.15,916.66,2,17,33,0,63
104,6,本國銀行,花旗(台灣)商業銀行,2923602,2499517,19298,27670,16991,21564,188,0.43,745.09,55,208,242,6,38320
104,6,本國銀行,澳盛(台灣)商業銀行,627350,379940,6173,6195,3318,3881,19,0.37,376.05,11,44,29,1,965
104,6,本國銀行,臺灣中小企業銀行,335844,131559,1339,1383,545,1111,4,0.18,548.65,4,9,8,0,5
104,6,本國銀行,渣打國際商業銀行,408790,259438,2279,5435,2200,1944,11,0.39,486.53,12,29,24,0,8
104,6,本國銀行,台中商業銀行,162573,61045,2812,732,225,441,0,1.94,365.18,0,3,5,0,634
104,6,本國銀行,滙豐(台灣)商業銀行,631808,448016,8448,5775,2970,5252,63,0.22,2488.59,7,41,58,1,6
104,6,本國銀行,華泰商業銀行,10326,6728,20,26,20,72,0,0.16,205.96,0,0,1,0,0
104,6,本國銀行,臺灣新光商業銀行#,895696,454303,6639,4443,2192,5742,21,0.14,244.46,5,25,74,0,2109
104,6,本國銀行,陽信商業銀行,68973,39007,926,537,268,259,0,0.39,937.68,4,3,3,0,63
104,6,本國銀行,三信商業銀行,16797,11383,241,109,33,115,0,0.42,4789.32,0,0,1,0,0
104,6,本國銀行,聯邦商業銀行,1775563,793914,26818,12087,4987,6355,153,0.25,128.81,13,49,83,1,3403
104,6,本國銀行,遠東國際商業銀行,1490141,1009591,10752,19986,5182,7613,222,0.25,100.45,13,82,50,1,966
104,6,本國銀行,元大商業銀行#,366464,193815,10753,2264,438,2804,1,0.2,1003.0,0,5,41,0,90
104,6,本國銀行,永豐商業銀行#,2203939,1305286,20670,16693,4902,10064,125,0.45,476.41,11,74,102,3,5239
104,6,本國銀行,玉山商業銀行#,3797402,2641898,39004,27021,10275,29040,139,0.19,2273.3,36,131,291,3,15697
104,6,本國銀行,凱基商業銀行#,499704,200479,4485,4275,1264,1623,12,1.07,167.74,4,17,5,0,4178
104,6,本國銀行,星展(台灣)商業銀行,12597,6185,67,64,18,75,0,0.93,535.03,0,0,1,0,0
104,6,本國銀行,台新國際商業銀行#,3564681,2415330,28031,46951,10324,21477,187,0.23,595.71,20,101,209,9,76787
104,6,本國銀行,大眾商業銀行,597001,298069,9580,5599,910,2486,76,0.0,450.94,5,23,31,1,597
104,6,本國銀行,日盛國際商業銀行#,191037,103250,577,817,477,465,7,0.29,281.21,1,6,6,0,0
104,6,本國銀行,安泰商業銀行,198271,71258,1114,485,457,461,2,0.23,573.44,11,5,7,0,3104
104,6,本國銀行,中國信託商業銀行#,5834710,3814603,38912,38677,13904,40241,767,0.16,677.56,62,152,368,41,79025
104,6,信用卡公司,台灣樂天信用卡股份有限公司,20217,14176,5910,49,8,128,0,0.11,489.45,0,0,3,0,0
104,6,信用卡公司,台灣美國運通國際(股)公司,163177,89734,3562,3290,317,3915,1,0.11,426.48,1,3,65,0,82087
104,6,信用卡公司,台灣永旺信用卡(股)公司,100984,45816,188,1070,293,174,3,1.84,718.31,2,4,3,0,352
104,6,信用卡公司,香港商台灣環滙亞太信用卡,0,0,0,0,0,0,0,0.0,0.0,0,0,0,0,10019
104,6,信用卡公司,財團法人聯合信用卡處理中心,0,0,0,0,0,0,0,0.0,0.0,0,0,0,0,93141
104,7,本國銀行,臺灣銀行#,227162,111271,1177,915,236,678,2,0.18,745.01,1,3,11,0,1157
104,7,本國銀行,臺灣土地銀行,145413,63872,12694,1216,199,426,1,0.17,2412.36,1,2,6,0,3921
104,7,本國銀行,合作金庫商業銀行#,390389,236440,4752,3382,567,2176,4,0.31,326.93,2,6,29,0,28746
104,7,本國銀行,第一商業銀行#,867934,579465,16347,9676,1334,4099,14,0.13,2132.71,5,17,52,0,1440
104,7,本國銀行,華南商業銀行#,771724,550227,17273,8137,642,3600,1,0.13,963.2,0,8,60,0,5646
104,7,本國銀行,彰化商業銀行,421392,206487,7113,2768,303,1241,1,0.31,599.83,2,5,16,0,289
104,7,本國銀行,上海商業儲蓄銀行,368499,190695,1288,5029,774,1248,8,0.56,2303.14,0,9,21,0,365
104,7,本國銀行,台北富邦銀行#,2280596,1586423,24992,147847,6788,15222,107,0.18,737.44,22,85,210,4,568
104,7,本國銀行,國泰世華商業銀行#,5023329,3495486,61481,26718,13996,27011,277,0.14,2203.06,31,175,295,5,9584
104,7,本國銀行,高雄銀行,9125,3976,94,56,6,183,0,0.27,343.9,0,0,0,0,1086
104,7,本國銀行,兆豐國際商業銀行#,595526,395611,6767,5483,1199,2531,7,0.18,832.15,4,16,46,0,62
104,7,本國銀行,花旗(台灣)商業銀行,2923745,2502213,19972,29401,16685,19422,210,0.46,715.35,52,220,252,7,38366
104,7,本國銀行,澳盛(台灣)商業銀行,626306,377912,5719,6503,3348,3485,23,0.35,387.85,12,48,31,1,965
104,7,本國銀行,臺灣中小企業銀行,335356,130976,1257,1745,534,891,5,0.24,538.49,5,8,10,0,5
104,7,本國銀行,渣打國際商業銀行,405727,254890,2025,5133,2189,1528,11,0.42,487.45,10,28,24,1,30
104,7,本國銀行,台中商業銀行,169139,63245,8145,985,225,437,0,2.27,334.07,0,3,7,0,651
104,7,本國銀行,滙豐(台灣)商業銀行,632102,447438,7049,6755,2979,4404,64,0.22,2602.02,8,42,61,1,6
104,7,本國銀行,華泰商業銀行,10307,6679,16,34,20,57,0,0.27,207.55,0,0,1,0,0
104,7,本國銀行,臺灣新光商業銀行#,897462,456495,7878,6069,2180,3674,21,0.2,234.49,4,27,71,1,2111
104,7,本國銀行,陽信商業銀行,69297,39030,918,514,267,243,0,0.41,950.04,0,3,3,0,66
104,7,本國銀行,三信商業銀行,16825,11427,235,91,32,118,0,0.29,5635.98,0,0,1,0,0
104,7,本國銀行,聯邦商業銀行,1789386,795962,29711,15888,4965,5496,168,0.25,130.28,12,49,84,1,3420
104,7,本國銀行,遠東國際商業銀行,1495432,1006835,13281,8002,5109,4490,243,0.25,100.43,15,81,49,1,973
104,7,本國銀行,元大商業銀行#,380332,202385,15970,2725,484,2488,1,0.2,1012.21,2,5,42,0,98
104,7,本國銀行,永豐商業銀行#,2209480,1314781,22746,17205,4957,7802,147,0.42,557.16,14,70,104,3,5531
104,7,本國銀行,玉山商業銀行#,3838437,2662913,62563,21528,10304,20988,142,0.2,2248.4,36,129,288,4,16364
104,7,本國銀行,凱基商業銀行#,502375,200915,6946,4645,1259,957,12,1.12,132.44,8,17,5,0,4316
104,7,本國銀行,星展(台灣)商業銀行,12593,6167,96,100,19,66,0,0.48,1444.57,0,0,1,0,0
104,7,本國銀行,台新國際商業銀行#,3560269,2415953,32970,37382,10408,15307,202,0.25,589.78,20,105,214,9,77250
104,7,本國銀行,大眾商業銀行,602128,307397,10739,5580,905,1918,89,0.0,453.37,7,21,33,1,609
104,7,本國銀行,日盛國際商業銀行#,190698,101849,569,908,476,421,8,0.23,272.49,2,6,6,0,0
104,7,本國銀行,安泰商業銀行,195703,70822,1261,654,452,447,2,0.35,588.58,0,5,7,0,3142
104,7,本國銀行,中國信託商業銀行#,5841052,3804284,41114,35674,14062,27677,795,0.16,666.88,70,154,364,43,92837
104,7,信用卡公司,台灣樂天信用卡股份有限公司,28738,20121,8561,82,14,172,0,0.08,521.46,0,0,4,0,0
104,7,信用卡公司,台灣美國運通國際(股)公司,162668,89233,2800,3309,320,4031,1,0.2,319.45,1,3,70,0,82051
104,7,信用卡公司,台灣永旺信用卡(股)公司,100190,44195,155,951,286,175,3,1.48,941.71,3,4,3,0,347
104,7,信用卡公司,香港商台灣環滙亞太信用卡,0,0,0,0,0,0,0,0.0,0.0,0,0,0,0,10010
104,7,信用卡公司,財團法人聯合信用卡處理中心,0,0,0,0,0,0,0,0.0,0.0,0,0,0,0,93203
104,8,本國銀行,臺灣銀行#,227819,111332,1217,908,235,624,1,0.17,760.23,0,3,8,0,1167
104,8,本國銀行,臺灣土地銀行,156915,72014,12553,955,199,468,1,0.28,1770.22,0,2,7,0,3962
104,8,本國銀行,合作金庫商業銀行#,391489,236950,4342,3113,583,2062,4,0.29,324.67,4,5,25,0,28817
104,8,本國銀行,第一商業銀行#,877553,582122,16516,9632,1335,3705,16,0.13,2153.01,5,17,49,0,1540
104,8,本國銀行,華南商業銀行#,778229,556501,16260,7272,653,3432,1,0.2,699.03,0,8,57,0,5687
104,8,本國銀行,彰化商業銀行,425898,208632,6222,2508,313,1165,1,0.31,631.05,0,5,14,0,296
104,8,本國銀行,上海商業儲蓄銀行,367679,189936,1145,1965,745,1089,6,0.46,3157.6,5,9,18,0,392
104,8,本國銀行,台北富邦銀行#,2274799,1603796,22096,27893,6898,13720,111,0.18,726.5,24,85,193,4,577
104,8,本國銀行,國泰世華商業銀行#,5062079,3532203,64262,25512,14069,24722,257,0.14,2211.4,31,175,291,5,9614
104,8,本國銀行,高雄銀行,9130,3964,98,93,6,166,0,0.23,304.43,0,0,0,0,1081
104,8,本國銀行,兆豐國際商業銀行#,597217,397344,6702,5011,1179,2462,8,0.19,832.64,3,17,37,0,63
104,8,本國銀行,花旗(台灣)商業銀行,2921708,2500244,18256,29957,16343,18734,200,0.47,705.91,52,215,236,6,38001
104,8,本國銀行,澳盛(台灣)商業銀行,626218,378771,5340,5483,3318,3159,21,0.36,383.41,13,46,26,1,965
104,8,本國銀行,臺灣中小企業銀行,334073,130447,859,2142,523,851,5,0.25,452.73,2,8,8,0,5
104,8,本國銀行,渣打國際商業銀行,402583,250850,1528,4689,2182,1454,11,0.41,495.67,10,28,21,1,30
104,8,本國銀行,台中商業銀行,177678,67763,10178,1031,236,413,0,2.54,301.86,0,4,5,0,674
104,8,本國銀行,滙豐(台灣)商業銀行,631542,446750,6035,6595,2956,3969,52,0.23,2567.72,8,42,57,1,6
104,8,本國銀行,華泰商業銀行,10295,6608,18,29,19,53,0,0.28,208.55,0,0,1,0,0
104,8,本國銀行,臺灣新光商業銀行#,902155,459335,10362,6015,2173,3469,23,0.18,243.92,6,27,65,0,2103
104,8,本國銀行,陽信商業銀行,69585,38591,852,478,265,229,0,0.53,909.96,0,2,3,0,71
104,8,本國銀行,三信商業銀行,16785,11368,142,70,33,109,0,0.22,6124.25,0,0,1,0,0
104,8,本國銀行,聯邦商業銀行,1797061,798527,25185,17510,4874,5457,168,0.25,130.99,13,49,81,1,3463
104,8,本國銀行,遠東國際商業銀行,1500324,1006496,12639,7757,5142,4314,214,0.27,100.41,15,83,40,1,973
104,8,本國銀行,元大商業銀行#,391376,211893,12941,2483,442,2275,1,0.19,1042.99,1,5,38,0,105
104,8,本國銀行,永豐商業銀行#,2212411,1320620,19207,16276,4952,6939,133,0.41,583.71,13,71,98,3,5708
104,8,本國銀行,玉山商業銀行#,3863455,2685819,46168,21150,10282,20657,106,0.2,1524.45,36,133,279,3,16989
104,8,本國銀行,凱基商業銀行#,505215,202490,7142,3758,1240,858,12,1.15,133.33,6,17,3,0,4324
104,8,本國銀行,星展(台灣)商業銀行,12599,6108,75,69,19,58,0,0.62,1073.66,0,0,1,0,0
104,8,本國銀行,台新國際商業銀行#,3565954,2420131,28553,22868,10429,14633,173,0.25,576.59,22,102,193,9,77803
104,8,本國銀行,大眾商業銀行,604757,309198,9210,6538,923,1749,77,0.0,454.66,8,22,30,1,640
104,8,本國銀行,日盛國際商業銀行#,190610,101091,621,709,476,386,7,0.18,281.3,2,6,5,0,0
104,8,本國銀行,安泰商業銀行,193011,70747,1279,601,448,453,1,0.44,596.18,0,5,7,0,3169
104,8,本國銀行,中國信託商業銀行#,5843858,3810893,39595,36740,14011,26687,760,0.17,671.84,62,158,331,40,93418
104,8,信用卡公司,台灣樂天信用卡股份有限公司,36758,27453,8091,128,18,166,0,0.07,544.02,0,0,3,0,0
104,8,信用卡公司,台灣美國運通國際(股)公司,162229,89130,2705,3144,326,3758,1,0.26,310.7,1,3,75,0,82146
104,8,信用卡公司,台灣永旺信用卡(股)公司,99611,42958,103,720,279,177,4,1.46,932.47,3,4,2,0,343
104,8,信用卡公司,香港商台灣環滙亞太信用卡,0,0,0,0,0,0,0,0.0,0.0,0,0,0,0,9987
104,8,信用卡公司,財團法人聯合信用卡處理中心,0,0,0,0,0,0,0,0.0,0.0,0,0,0,0,93327
104,9,本國銀行,臺灣銀行#,227910,110302,751,1185,236,627,1,0.35,532.05,0,2,9,0,1179
104,9,本國銀行,臺灣土地銀行,170100,79950,13583,1060,204,503,1,0.19,1793.26,1,2,7,0,3974
104,9,本國銀行,合作金庫商業銀行#,392621,238308,4313,3271,583,2031,3,0.49,282.22,0,5,24,0,28905
104,9,本國銀行,第一商業銀行#,885280,588048,14749,9725,1360,3829,16,0.14,2046.35,5,18,57,0,1623
104,9,本國銀行,華南商業銀行#,784447,560764,15378,7087,703,3459,1,0.05,1338.16,11,8,62,0,5674
104,9,本國銀行,彰化商業銀行,430516,211269,6064,2378,321,1117,1,0.23,720.31,3,4,14,0,296
104,9,本國銀行,上海商業儲蓄銀行,366563,189492,1084,2200,757,1073,7,0.56,2521.73,0,8,17,0,409
104,9,本國銀行,台北富邦銀行#,2275626,1605468,22924,22097,6946,15058,95,0.19,698.92,22,79,192,4,611
104,9,本國銀行,國泰世華商業銀行#,5095820,3564360,58358,24617,14012,28899,253,0.13,2240.06,28,167,338,6,9613
104,9,本國銀行,高雄銀行,9108,3956,71,94,6,167,0,0.24,283.14,0,0,0,0,1080
104,9,本國銀行,兆豐國際商業銀行#,599875,397415,7583,4925,1186,2405,7,0.29,627.36,0,17,37,0,62
104,9,本國銀行,花旗(台灣)商業銀行,2921345,2491077,18020,27323,15485,18718,188,0.5,656.11,50,191,234,6,38120
104,9,本國銀行,澳盛(台灣)商業銀行,613654,375593,5211,17873,3300,3247,19,0.4,374.51,13,42,25,1,966
104,9,本國銀行,臺灣中小企業銀行,333202,130222,966,1837,517,837,4,0.25,440.74,2,7,8,0,5
104,9,本國銀行,渣打國際商業銀行,399000,245333,1681,5156,2174,1468,10,0.46,485.76,12,24,20,0,30
104,9,本國銀行,台中商業銀行,185207,72411,9035,879,235,441,0,1.56,507.07,9,2,6,0,696
104,9,本國銀行,滙豐(台灣)商業銀行,631412,445475,6529,6659,2935,3816,54,0.23,2627.3,8,37,55,1,6
104,9,本國銀行,華泰商業銀行,10279,6575,23,38,21,56,0,0.35,207.35,0,0,1,0,0
104,9,本國銀行,臺灣新光商業銀行#,903886,459544,9170,7144,2205,3428,31,0.16,241.86,7,25,65,0,2112
104,9,本國銀行,陽信商業銀行,70004,38756,975,434,264,233,0,0.12,1124.7,4,3,3,0,74
104,9,本國銀行,三信商業銀行,16755,11331,111,76,33,112,0,0.13,7553.95,0,0,1,0,0
104,9,本國銀行,聯邦商業銀行,1807333,801545,25477,15205,4779,5413,158,0.3,128.09,13,43,82,1,3473
104,9,本國銀行,遠東國際商業銀行,1504646,1005363,11511,7200,5177,4433,208,0.31,100.02,16,79,42,1,974
104,9,本國銀行,元大商業銀行#,401512,220622,12200,2673,446,2559,1,0.17,1050.32,2,5,44,0,111
104,9,本國銀行,永豐商業銀行#,2165121,1317764,17392,64682,5002,6902,125,0.41,585.82,14,69,97,3,5867
104,9,本國銀行,玉山商業銀行#,3884314,2711900,41687,20828,10356,21602,100,0.2,1461.97,34,124,271,3,17163
104,9,本國銀行,凱基商業銀行#,506681,205656,5187,3654,1225,946,11,1.26,124.07,5,17,4,0,4541
104,9,本國銀行,星展(台灣)商業銀行,12672,6154,299,226,18,58,0,0.91,764.36,0,0,1,0,0
104,9,本國銀行,台新國際商業銀行#,3575453,2419132,29707,20208,10512,14747,175,0.25,575.23,22,98,206,9,78496
104,9,本國銀行,大眾商業銀行,597578,310048,9578,16682,916,1728,73,0.0,441.04,8,21,29,1,678
104,9,本國銀行,日盛國際商業銀行#,190397,102877,535,748,502,385,7,0.21,282.63,2,5,5,0,0
104,9,本國銀行,安泰商業銀行,190759,70956,1242,495,444,462,1,0.57,577.21,0,4,6,0,3263
104,9,本國銀行,中國信託商業銀行#,5852203,3822673,43498,35235,14071,26384,711,0.18,658.85,59,154,333,42,94325
104,9,信用卡公司,台灣樂天信用卡股份有限公司,46127,35360,9431,152,18,216,0,0.11,304.37,0,0,4,0,0
104,9,信用卡公司,台灣美國運通國際(股)公司,162198,88546,3093,3124,329,3809,1,0.2,342.88,5,3,78,0,82256
104,9,信用卡公司,台灣永旺信用卡(股)公司,99106,41436,108,649,278,164,3,1.21,1344.61,3,2,2,0,332
104,9,信用卡公司,香港商台灣環滙亞太信用卡,0,0,0,0,0,0,0,0.0,0.0,0,0,0,0,9467
104,9,信用卡公司,財團法人聯合信用卡處理中心,0,0,0,0,0,0,0,0.0,0.0,0,0,0,0,93476
104,10,本國銀行,臺灣銀行#,228340,111509,1434,1896,239,705,1,0.24,653.92,1,3,11,0,1189
104,10,本國銀行,臺灣土地銀行,174901,88750,7015,1240,210,628,1,0.15,2181.11,1,2,10,0,4017
104,10,本國銀行,合作金庫商業銀行#,395473,241903,6240,3491,578,2324,5,0.28,314.64,8,6,31,0,29057
104,10,本國銀行,第一商業銀行#,891340,596722,13525,10498,1359,4201,16,0.13,2093.9,5,15,57,0,1800
104,10,本國銀行,華南商業銀行#,792123,568672,17250,7603,700,4038,1,0.09,998.22,0,8,66,0,5724
104,10,本國銀行,彰化商業銀行,434771,213060,5717,2622,260,1227,1,0.22,776.23,0,4,18,0,304
104,10,本國銀行,上海商業儲蓄銀行,365688,189384,1194,2069,757,1192,7,0.55,2803.96,3,8,20,0,414
104,10,本國銀行,台北富邦銀行#,2275159,1617158,24034,24501,6853,17045,110,0.19,711.17,24,78,234,4,653
104,10,本國銀行,國泰世華商業銀行#,5071267,3564481,60545,85098,14096,29662,272,0.14,2236.15,27,167,351,5,9609
104,10,本國銀行,高雄銀行,9086,3976,37,61,7,173,0,0.23,276.56,0,0,0,0,1078
104,10,本國銀行,兆豐國際商業銀行#,601979,399125,7917,5813,1178,2669,7,0.19,610.97,7,15,47,0,63
104,10,本國銀行,花旗(台灣)商業銀行,2918634,2486708,18019,30029,16652,21876,208,0.5,665.98,63,192,290,7,38178
104,10,本國銀行,澳盛(台灣)商業銀行,613930,373324,5924,5643,3304,3530,23,0.46,337.9,11,42,32,1,966
104,10,本國銀行,臺灣中小企業銀行,332592,130271,1030,1640,505,973,6,0.23,436.47,4,7,11,0,5
104,10,本國銀行,渣打國際商業銀行,395830,241750,1633,4919,2151,1580,12,0.47,488.0,10,24,25,0,30
104,10,本國銀行,台中商業銀行,189490,76568,6066,1202,238,473,0,1.68,410.86,0,4,7,0,703
104,10,本國銀行,滙豐(台灣)商業銀行,630201,442516,6238,7449,2936,4705,54,0.25,2522.57,9,37,64,1,6
104,10,本國銀行,華泰商業銀行,10267,6546,15,29,19,58,0,0.7,199.76,0,0,1,0,0
104,10,本國銀行,臺灣新光商業銀行#,907443,460101,7970,4932,2177,3653,28,0.19,237.16,6,24,76,1,2093
104,10,本國銀行,陽信商業銀行,70353,38414,924,530,259,250,1,0.14,1214.35,0,2,3,0,84
104,10,本國銀行,三信商業銀行,16779,11312,122,64,32,119,0,0.2,6626.23,0,0,1,0,0
104,10,本國銀行,聯邦商業銀行,1815908,802354,24478,15903,4702,5568,174,0.31,124.01,13,39,86,2,3522
104,10,本國銀行,遠東國際商業銀行,1510258,1008838,16700,11109,5052,5021,240,0.3,100.88,15,75,67,1,1012
104,10,本國銀行,元大商業銀行#,412631,229990,13025,2857,485,3087,1,0.16,1082.17,1,5,51,0,112
104,10,本國銀行,永豐商業銀行#,2169164,1318705,20316,16273,5047,7567,135,0.39,628.89,15,66,105,3,6028
104,10,本國銀行,玉山商業銀行#,3907811,2735477,46188,22691,10449,22810,104,0.22,1425.72,38,122,307,4,17386
104,10,本國銀行,凱基商業銀行#,507823,208201,4585,3639,1208,1038,11,1.35,124.6,10,12,7,0,4666
104,10,本國銀行,星展(台灣)商業銀行,12647,6236,103,128,19,62,0,0.85,856.28,0,0,1,0,0
104,10,本國銀行,台新國際商業銀行#,3583167,2431192,33148,25434,10500,17126,157,0.27,535.98,20,102,233,9,81172
104,10,本國銀行,大眾商業銀行,600381,311162,9621,6778,901,2046,76,0.0,450.56,8,20,36,1,695
104,10,本國銀行,日盛國際商業銀行#,189900,103907,436,933,475,437,9,0.19,291.24,2,5,7,0,0
104,10,本國銀行,安泰商業銀行,189731,71222,1194,612,438,461,2,0.65,571.37,0,4,8,0,3311
104,10,本國銀行,中國信託商業銀行#,5869043,3826677,45828,30599,14201,28684,761,0.19,645.18,69,142,389,42,95015
104,10,信用卡公司,台灣樂天信用卡股份有限公司,56432,43467,10382,161,27,257,0,0.09,331.67,0,1,5,0,0
104,10,信用卡公司,台灣美國運通國際(股)公司,162333,88311,3297,3162,329,4113,1,0.12,390.81,6,3,85,0,82463
104,10,信用卡公司,台灣永旺信用卡(股)公司,93600,41730,114,5638,276,174,4,1.2,1386.68,2,3,3,0,298
104,10,信用卡公司,香港商台灣環滙亞太信用卡,0,0,0,0,0,0,0,0.0,0.0,0,0,0,0,9489
104,10,信用卡公司,財團法人聯合信用卡處理中心,0,0,0,0,0,0,0,0.0,0.0,0,0,0,0,93857
104,11,本國銀行,臺灣銀行#,228175,111757,1436,2205,236,610,2,0.33,514.9,1,2,10,0,1214
104,11,本國銀行,臺灣土地銀行,180696,95407,6246,1046,212,587,1,0.14,2214.35,0,2,10,0,4044
104,11,本國銀行,合作金庫商業銀行#,404820,245358,12717,3523,592,2165,4,0.43,276.65,0,6,30,0,29131
104,11,本國銀行,第一商業銀行#,895478,599990,10673,9314,1331,3933,17,0.13,2184.25,5,16,56,0,1875
104,11,本國銀行,華南商業銀行#,799374,576415,17101,8063,717,3563,1,0.13,738.66,0,8,65,0,5786
104,11,本國銀行,彰化商業銀行,439025,215182,5634,2520,327,1165,1,0.3,667.87,3,5,16,0,320
104,11,本國銀行,上海商業儲蓄銀行,365010,188676,1202,1880,742,1037,7,0.66,2167.94,0,8,18,0,433
104,11,本國銀行,台北富邦銀行#,2270631,1622565,18247,22775,6893,14339,97,0.16,759.66,26,74,195,4,659
104,11,本國銀行,國泰世華商業銀行#,5111222,3593451,65724,25769,14348,27770,240,0.14,2246.9,28,167,318,5,22421
104,11,本國銀行,高雄銀行,9047,3941,36,75,7,160,0,0.36,204.14,0,0,0,0,1075
104,11,本國銀行,兆豐國際商業銀行#,606285,399116,8029,3723,1169,2613,8,0.2,559.3,4,16,41,0,61
104,11,本國銀行,花旗(台灣)商業銀行,2917433,2483873,17412,27935,16036,19762,238,0.52,654.99,54,189,256,6,38416
104,11,本國銀行,澳盛(台灣)商業銀行,608590,371573,6130,11505,3256,3211,24,0.49,315.88,12,40,27,1,967
104,11,本國銀行,臺灣中小企業銀行,334795,130648,3774,1571,499,804,4,0.05,686.54,4,7,8,0,6
104,11,本國銀行,渣打國際商業銀行,392434,238853,1538,5316,2120,1524,11,0.4,506.26,14,24,23,0,30
104,11,本國銀行,台中商業銀行,192615,78280,4759,1063,246,422,0,2.17,349.71,0,3,8,0,713
104,11,本國銀行,滙豐(台灣)商業銀行,630221,440605,7205,7185,2893,4283,59,0.26,2525.85,9,36,62,1,6
104,11,本國銀行,華泰商業銀行,10263,6469,9,15,19,57,0,0.79,193.35,0,0,1,0,0
104,11,本國銀行,臺灣新光商業銀行#,908712,463926,5392,4928,2179,4371,19,0.16,246.62,5,24,75,0,2090
104,11,本國銀行,陽信商業銀行,70605,38515,803,554,258,225,0,0.38,1072.49,0,2,3,0,98
104,11,本國銀行,三信商業銀行,16739,11260,99,73,32,103,0,0.06,8608.12,0,0,1,0,0
104,11,本國銀行,聯邦商業銀行,1819742,808048,19324,15490,4654,5870,148,0.32,120.34,14,39,92,1,3542
104,11,本國銀行,遠東國際商業銀行,1514014,1016025,14704,10968,5061,4513,217,0.33,100.43,17,74,61,1,1196
104,11,本國銀行,元大商業銀行#,422117,238721,11595,2954,436,2801,1,0.17,1094.83,1,5,49,0,120
104,11,本國銀行,永豐商業銀行#,2171672,1321489,17847,15339,5008,6936,126,0.4,625.55,12,65,100,3,6139
104,11,本國銀行,玉山商業銀行#,3929278,2752901,42964,21497,10435,20976,111,0.23,1401.53,38,126,286,4,18515
104,11,本國銀行,凱基商業銀行#,510377,208381,6375,3669,1193,920,12,1.47,117.89,6,14,3,0,5402
104,11,本國銀行,星展(台灣)商業銀行,12643,6284,94,98,20,57,0,0.66,1017.33,0,0,1,0,0
104,11,本國銀行,台新國際商業銀行#,3579228,2449781,31850,35789,10438,16138,154,0.26,558.61,23,98,223,9,84827
104,11,本國銀行,大眾商業銀行,603832,312262,9844,6366,894,1805,75,0.0,429.93,9,19,32,1,714
104,11,本國銀行,日盛國際商業銀行#,189550,104403,422,772,472,379,12,0.22,283.7,2,5,5,0,0
104,11,本國銀行,安泰商業銀行,189125,71513,1345,565,434,472,1,0.7,563.02,0,4,7,0,3327
104,11,本國銀行,中國信託商業銀行#,5858670,3835651,35896,38893,14111,26776,740,0.15,683.39,71,146,357,41,95993
104,11,信用卡公司,台灣樂天信用卡股份有限公司,65450,51886,9118,171,33,284,0,0.08,470.43,0,1,5,0,0
104,11,信用卡公司,台灣美國運通國際(股)公司,162992,88936,3590,2931,334,4087,1,0.09,505.7,1,3,85,0,82619
104,11,信用卡公司,台灣永旺信用卡(股)公司,92916,41299,260,986,275,181,3,1.2,1456.42,2,3,3,0,283
104,11,信用卡公司,香港商台灣環滙亞太信用卡,0,0,0,0,0,0,0,0.0,0.0,0,0,0,0,9477
104,11,信用卡公司,財團法人聯合信用卡處理中心,0,0,0,0,0,0,0,0.0,0.0,0,0,0,0,93975
104,12,本國銀行,臺灣銀行#,228441,112316,1319,1627,234,707,2,0.3,538.43,1,3,10,0,1218
104,12,本國銀行,臺灣土地銀行,185966,104126,6477,1008,220,762,1,0.28,1217.81,0,3,11,0,4041
104,12,本國銀行,合作金庫商業銀行#,415179,252334,13944,3715,586,2470,4,0.31,326.72,6,6,32,0,29117
104,12,本國銀行,第一商業銀行#,900003,603248,11175,9629,1374,4308,20,0.16,1867.11,5,16,62,0,1988
104,12,本國銀行,華南商業銀行#,810633,584547,21445,9091,715,3922,1,0.04,1189.1,9,8,66,0,5729
104,12,本國銀行,彰化商業銀行,441163,219270,3617,2877,326,1266,1,0.34,568.94,2,4,41,0,352
104,12,本國銀行,上海商業儲蓄銀行,364088,188458,1051,1973,730,1191,7,0.57,2592.17,5,8,20,0,436
104,12,本國銀行,台北富邦銀行#,2251364,1628623,23178,42445,6736,16878,108,0.17,741.02,23,77,203,4,697
104,12,本國銀行,國泰世華商業銀行#,5153580,3625066,72601,30243,14293,35023,277,0.13,2270.15,28,165,365,6,22515
104,12,本國銀行,高雄銀行,9036,3934,32,46,7,141,0,0.33,215.24,0,0,0,0,1073
104,12,本國銀行,兆豐國際商業銀行#,609550,401174,8324,5059,1164,2550,8,0.2,569.18,3,16,44,0,61
104,12,本國銀行,花旗(台灣)商業銀行,2913583,2482087,17381,31414,16417,21146,233,0.66,513.31,0,194,276,7,38268
104,12,本國銀行,澳盛(台灣)商業銀行,590369,368107,6598,25092,3247,3698,24,0.48,348.58,16,43,81,1,967
104,12,本國銀行,臺灣中小企業銀行,336551,133620,3406,1650,487,934,5,0.07,654.38,3,8,10,0,6
104,12,本國銀行,渣打國際商業銀行,387694,235945,1329,5497,2022,1648,11,0.5,484.97,9,23,26,0,30
104,12,本國銀行,台中商業銀行,195966,80442,4948,1232,239,528,0,1.44,445.42,5,3,8,0,701
104,12,本國銀行,滙豐(台灣)商業銀行,628249,438284,6360,8332,2893,4522,61,0.24,2658.83,9,36,62,1,6
104,12,本國銀行,華泰商業銀行,10249,6386,12,25,19,62,0,0.45,206.32,0,0,1,0,0
104,12,本國銀行,臺灣新光商業銀行#,908037,464420,5291,6007,2144,4380,23,0.2,237.16,6,23,80,1,2080
104,12,本國銀行,陽信商業銀行,70724,38212,694,575,255,248,0,0.03,1269.22,3,3,3,0,111
104,12,本國銀行,三信商業銀行,16630,11220,86,74,32,114,0,0.26,6054.96,0,0,1,0,0
104,12,本國銀行,聯邦商業銀行,1825288,812939,21256,15710,4667,5871,174,0.31,117.38,14,39,91,2,3577
104,12,本國銀行,遠東國際商業銀行,1498301,1023468,13201,28931,4925,4994,256,0.29,100.89,16,73,70,1,1217
104,12,本國銀行,元大商業銀行#,431033,247819,10834,2836,435,3478,1,0.15,1103.74,2,5,60,0,125
104,12,本國銀行,永豐商業銀行#,2144920,1323940,16725,43477,5017,7788,140,0.31,771.2,45,66,98,3,6309
104,12,本國銀行,玉山商業銀行#,3950889,2770051,44896,23285,10448,20448,123,0.23,1390.75,38,124,318,4,19011
104,12,本國銀行,凱基商業銀行#,506103,210520,20652,24705,1153,1136,14,1.52,121.03,5,14,7,0,5370
104,12,本國銀行,星展(台灣)商業銀行,12668,6263,90,65,21,60,0,0.28,2207.01,0,0,1,0,0
104,12,本國銀行,台新國際商業銀行#,3550799,2464211,30325,58754,10441,16620,201,0.25,557.74,24,102,232,10,89072
104,12,本國銀行,大眾商業銀行,606844,315178,9651,6604,885,2125,88,0.0,438.77,11,19,37,1,747
104,12,本國銀行,日盛國際商業銀行#,189146,101927,408,812,466,438,13,0.18,285.96,2,5,6,0,0
104,12,本國銀行,安泰商業銀行,188328,72135,1481,530,427,487,2,0.2,209.08,12,4,8,0,3364
104,12,本國銀行,中國信託商業銀行#,5858730,3837764,40360,40592,14273,29746,836,0.15,672.58,58,144,403,45,96122
104,12,信用卡公司,台灣樂天信用卡股份有限公司,73379,59552,8042,209,42,357,1,0.05,751.38,0,1,7,0,0
104,12,信用卡公司,台灣美國運通國際(股)公司,162490,88763,3143,3645,341,4083,2,0.11,410.23,2,3,81,0,82218
104,12,信用卡公司,台灣永旺信用卡(股)公司,92233,40967,174,936,277,165,3,1.3,1250.16,2,3,3,0,275
104,12,信用卡公司,香港商台灣環滙亞太信用卡,0,0,0,0,0,0,0,0.0,0.0,0,0,0,0,9388
104,12,信用卡公司,財團法人聯合信用卡處理中心,0,0,0,0,0,0,0,0.0,0.0,0,0,0,0,93293
105,1,本國銀行,臺灣銀行#,227780,111723,439,1473,233,645,1,0.36,480.1,1,2,10,0,1229
105,1,本國銀行,臺灣土地銀行,187881,106747,2808,938,225,707,1,0.32,1159.16,1,2,11,0,4053
105,1,本國銀行,合作金庫商業銀行#,417213,256181,5492,3558,601,2227,3,0.45,285.64,4,5,20,0,29208
105,1,本國銀行,第一商業銀行#,902664,604041,8832,9243,1357,3885,15,0.17,1837.55,5,14,46,0,2020
105,1,本國銀行,華南商業銀行#,811668,586092,13580,11592,725,3644,1,0.13,617.36,0,8,70,0,5751
105,1,本國銀行,彰化商業銀行,441496,216481,2428,3307,265,1183,1,0.23,737.1,2,5,16,0,403
105,1,本國銀行,上海商業儲蓄銀行,362874,187041,1075,2289,745,1112,7,0.71,2054.47,0,8,18,0,445
105,1,本國銀行,台北富邦銀行#,2244059,1624544,20048,27353,6723,15872,78,0.18,703.17,22,76,211,3,706
105,1,本國銀行,國泰世華商業銀行#,5189629,3635072,65142,29093,14211,29526,255,0.14,2239.97,28,166,300,5,23244
105,1,本國銀行,高雄銀行,9004,3862,29,60,6,113,0,0.6,200.65,0,0,0,0,1061
105,1,本國銀行,兆豐國際商業銀行#,610697,400035,8074,6927,1167,2486,7,0.22,516.94,4,16,40,0,62
105,1,本國銀行,花旗(台灣)商業銀行,2910033,2472925,16462,30347,16324,20101,213,0.55,598.33,110,195,260,6,38050
105,1,本國銀行,澳盛(台灣)商業銀行,585755,366031,6802,11512,3195,3335,22,0.46,351.84,14,41,31,1,967
105,1,本國銀行,臺灣中小企業銀行,335672,133593,758,1637,481,914,4,0.08,629.46,2,7,9,0,6
105,1,本國銀行,渣打國際商業銀行,383559,232396,1227,4839,2015,1508,9,0.48,503.57,12,25,23,0,30
105,1,本國銀行,台中商業銀行,196431,80911,2048,1046,250,463,0,1.75,379.33,0,3,7,0,714
105,1,本國銀行,滙豐(台灣)商業銀行,628302,435040,7835,7782,2863,4239,59,0.24,2599.79,8,36,61,1,6
105,1,本國銀行,華泰商業銀行,10254,6381,18,12,19,57,0,0.48,210.3,0,0,1,0,0
105,1,本國銀行,臺灣新光商業銀行#,908227,461335,6078,5888,2130,3244,26,0.22,239.45,6,23,65,0,2096
105,1,本國銀行,陽信商業銀行,71074,37965,1017,667,251,234,0,0.25,1045.3,0,2,3,0,117
105,1,本國銀行,三信商業銀行,16675,11122,179,84,32,121,0,0.32,5630.9,0,0,1,0,0
105,1,本國銀行,聯邦商業銀行,1828785,817937,19752,16255,4648,5971,194,0.27,119.93,14,41,91,2,3587
105,1,本國銀行,遠東國際商業銀行,1452400,1028632,11978,57903,4951,4841,249,0.33,100.42,14,72,75,1,1215
105,1,本國銀行,元大商業銀行#,441120,253645,12023,3035,489,3098,1,0.15,1101.92,1,5,53,0,127
105,1,本國銀行,永豐商業銀行#,2137893,1316012,19448,26475,5029,7216,132,0.33,742.96,12,66,100,3,6321
105,1,本國銀行,玉山商業銀行#,3971339,2783239,40643,20193,10548,22799,103,0.24,1334.42,39,128,301,4,21046
105,1,本國銀行,凱基商業銀行#,505844,215194,3766,3969,1141,967,11,1.71,118.32,6,14,4,0,5494
105,1,本國銀行,星展(台灣)商業銀行,12697,6210,85,56,20,57,0,0.0,16852.99,0,0,1,0,0
105,1,本國銀行,台新國際商業銀行#,3569444,2467784,30104,11459,10401,15623,152,0.26,555.9,25,102,224,8,91079
105,1,本國銀行,大眾商業銀行,609693,316536,9987,7091,892,1934,79,0.0,428.07,9,19,34,1,785
105,1,本國銀行,日盛國際商業銀行#,188426,101128,388,1108,465,401,10,0.18,245.08,2,5,5,0,0
105,1,本國銀行,安泰商業銀行,186868,72264,1001,500,423,468,1,0.34,228.23,0,4,7,0,3439
105,1,本國銀行,中國信託商業銀行#,5862288,3842748,33950,39839,14330,27494,723,0.16,650.3,58,149,364,38,96472
105,1,信用卡公司,台灣樂天信用卡股份有限公司,81375,65730,8122,580,50,352,1,0.08,486.26,0,1,7,0,0
105,1,信用卡公司,台灣美國運通國際(股)公司,162348,88069,2796,2938,342,3949,1,0.1,448.21,2,3,82,0,81486
105,1,信用卡公司,台灣永旺信用卡(股)公司,91091,40668,147,1521,275,180,3,1.2,1354.6,3,3,2,0,266
105,1,信用卡公司,香港商台灣環滙亞太信用卡,0,0,0,0,0,0,0,0.0,0.0,0,0,0,0,9385
105,1,信用卡公司,財團法人聯合信用卡處理中心,0,0,0,0,0,0,0,0.0,0.0,0,0,0,0,93613
105,2,本國銀行,臺灣銀行#,227489,111180,280,888,228,576,1,0.18,755.94,2,2,9,0,1234
105,2,本國銀行,臺灣土地銀行,189020,106590,1844,884,224,620,0,0.44,1022.76,0,2,9,0,4059
105,2,本國銀行,合作金庫商業銀行#,417677,256602,2904,2550,602,1975,2,0.41,287.56,5,6,17,0,29222
105,2,本國銀行,第一商業銀行#,905307,602173,7645,7565,1371,3556,11,0.17,1688.81,5,15,39,0,2054
105,2,本國銀行,華南商業銀行#,814633,587515,11374,7798,687,3350,1,0.18,476.56,0,7,59,0,5730
105,2,本國銀行,彰化商業銀行,441877,214683,1856,2519,269,1106,0,0.15,1004.81,3,4,15,0,449
105,2,本國銀行,上海商業儲蓄銀行,361933,185561,882,1823,708,988,5,0.5,2669.77,5,6,16,0,456
105,2,本國銀行,台北富邦銀行#,2232303,1618325,12594,24350,6601,12773,40,0.18,709.48,24,62,198,2,726
105,2,本國銀行,國泰世華商業銀行#,5217245,3647289,49002,21386,13922,24664,135,0.15,2240.35,30,164,236,4,23241
105,2,本國銀行,高雄銀行,8989,3819,21,36,6,95,0,0.74,185.07,0,0,0,0,1060
105,2,本國銀行,兆豐國際商業銀行#,610480,398268,6581,6798,1175,2225,5,0.19,553.82,3,13,37,0,60
105,2,本國銀行,花旗(台灣)商業銀行,2904852,2462961,11663,27185,15647,18882,147,0.67,476.69,0,183,242,3,38183
105,2,本國銀行,澳盛(台灣)商業銀行,585110,361930,4037,4662,3181,2803,12,0.47,352.13,14,37,23,0,967
105,2,本國銀行,臺灣中小企業銀行,335236,132647,526,962,475,820,3,0.09,597.78,2,6,8,0,6
105,2,本國銀行,渣打國際商業銀行,379876,229180,938,3943,1997,1275,6,0.39,526.69,14,22,19,0,30
105,2,本國銀行,台中商業銀行,196428,80379,1470,843,223,435,0,1.99,321.2,0,3,6,0,708
105,2,本國銀行,滙豐(台灣)商業銀行,626559,433466,4868,6611,2834,3625,28,0.22,2751.9,9,32,53,1,6
105,2,本國銀行,華泰商業銀行,10253,6367,12,13,20,48,0,0.86,201.36,0,0,1,0,0
105,2,本國銀行,臺灣新光商業銀行#,905964,459934,6302,8565,2160,3227,14,0.19,248.23,6,24,63,0,2096
105,2,本國銀行,陽信商業銀行,71326,38457,769,513,255,213,0,0.42,947.56,0,2,3,0,129
105,2,本國銀行,三信商業銀行,16721,11042,155,58,28,103,0,0.3,6109.14,0,0,1,0,0
105,2,本國銀行,聯邦商業銀行,1827844,823889,14050,14991,4560,5329,92,0.26,117.76,13,39,82,1,3545
105,2,本國銀行,遠東國際商業銀行,1455856,1029753,9579,6171,5403,4306,121,0.33,100.66,17,72,36,1,1215
105,2,本國銀行,元大商業銀行#,447881,259008,8050,2297,447,2804,1,0.14,1092.53,2,5,47,0,134
105,2,本國銀行,永豐商業銀行#,2144364,1310499,22296,15825,5012,6416,70,0.32,740.24,15,69,91,3,6379
105,2,本國銀行,玉山商業銀行#,3981435,2793191,28309,18213,10520,21144,58,0.23,1312.73,39,83,263,3,23185
105,2,本國銀行,凱基商業銀行#,503962,219309,2087,3548,1147,926,7,1.61,121.44,5,14,4,0,5624
105,2,本國銀行,星展(台灣)商業銀行,12710,6245,72,59,21,48,0,0.42,1414.47,0,1,1,0,0
105,2,本國銀行,台新國際商業銀行#,3572326,2469488,22235,19353,10300,14726,94,0.25,560.36,25,95,196,8,92341
105,2,本國銀行,大眾商業銀行,611478,316670,7546,5756,874,1631,47,0.01,426.23,7,19,28,0,784
105,2,本國銀行,日盛國際商業銀行#,187893,101028,340,873,454,381,6,0.15,302.83,1,5,5,0,0
105,2,本國銀行,安泰商業銀行,185967,71522,625,428,420,414,1,0.36,254.27,0,4,6,0,3476
105,2,本國銀行,中國信託商業銀行#,5858581,3838481,30840,28886,14217,25756,461,0.16,653.5,67,141,322,33,96956
105,2,信用卡公司,台灣樂天信用卡股份有限公司,86358,69482,5085,338,93,369,0,0.09,346.49,0,1,7,0,0
105,2,信用卡公司,台灣美國運通國際(股)公司,162645,87706,2728,2431,343,3303,1,0.15,476.87,2,2,67,0,81535
105,2,信用卡公司,台灣永旺信用卡(股)公司,90032,40175,46,1154,273,169,2,1.07,1496.62,3,3,2,0,263
105,2,信用卡公司,香港商台灣環滙亞太信用卡,0,0,0,0,0,0,0,0.0,0.0,0,0,0,0,9348
105,2,信用卡公司,財團法人聯合信用卡處理中心,0,0,0,0,0,0,0,0.0,0.0,0,0,0,0,93576
105,3,本國銀行,臺灣銀行#,227183,110496,526,1294,227,656,2,0.16,1014.14,1,3,11,0,1257
105,3,本國銀行,臺灣土地銀行,191841,107145,3582,1047,228,720,1,0.29,1278.53,2,3,11,0,4077
105,3,本國銀行,合作金庫商業銀行#,420731,256697,6366,3458,580,2455,4,0.46,277.25,0,5,23,0,29331
105,3,本國銀行,第一商業銀行#,912953,602937,14170,9868,1336,4135,17,0.21,1662.33,5,12,51,0,2131
105,3,本國銀行,華南商業銀行#,825306,597668,21688,9915,704,3886,1,0.05,882.07,12,8,70,0,5611
105,3,本國銀行,彰化商業銀行,442169,213014,5436,3583,325,1243,0,0.27,689.45,2,4,17,0,554
105,3,本國銀行,上海商業儲蓄銀行,360660,184308,1178,2451,703,1141,7,0.7,2006.99,0,9,20,0,463
105,3,本國銀行,台北富邦銀行#,2284185,1624877,77249,25367,6353,17394,62,0.19,699.57,26,80,251,2,726
105,3,本國銀行,國泰世華商業銀行#,5258229,3662783,73001,32017,13660,33544,200,0.15,2256.14,33,157,341,4,23867
105,3,本國銀行,高雄銀行,9092,3879,139,37,7,128,0,0.63,179.88,0,0,0,0,1055
105,3,本國銀行,兆豐國際商業銀行#,616103,401058,13066,7443,1120,2451,6,0.23,516.75,5,17,38,0,61
105,3,本國銀行,花旗(台灣)商業銀行,2905258,2463575,19161,30586,15448,19864,215,0.53,597.03,128,185,258,5,38163
105,3,本國銀行,澳盛(台灣)商業銀行,568953,359470,6657,23154,3147,3404,23,0.43,400.3,12,45,32,1,867
105,3,本國銀行,臺灣中小企業銀行,334641,132062,925,1520,462,860,5,0.11,609.82,3,8,9,0,6
105,3,本國銀行,渣打國際商業銀行,376426,227206,1464,5484,1957,1405,10,0.41,522.18,10,21,22,0,30
105,3,本國銀行,台中商業銀行,197694,79895,3042,1430,235,525,0,0.98,636.47,10,4,8,0,723
105,3,本國銀行,滙豐(台灣)商業銀行,626010,430450,8172,8721,2797,4315,43,0.22,2890.44,8,36,55,1,6
105,3,本國銀行,華泰商業銀行,10253,6361,15,12,18,56,0,0.57,210.12,0,0,1,0,0
105,3,本國銀行,臺灣新光商業銀行#,908858,464305,13753,10859,2069,4007,21,0.24,232.88,5,23,72,0,2068
105,3,本國銀行,陽信商業銀行,74345,38553,3803,787,245,261,0,0.18,1114.96,3,3,3,0,146
105,3,本國銀行,三信商業銀行,16781,11027,260,92,31,93,0,0.09,8494.03,0,0,1,0,0
105,3,本國銀行,聯邦商業銀行,1837034,824913,20355,11165,4547,5811,136,0.27,117.67,14,38,87,1,3570
105,3,本國銀行,遠東國際商業銀行,1459091,1034015,11405,8192,4809,4615,208,0.36,100.28,15,71,51,1,1215
105,3,本國銀行,元大商業銀行#,465202,268892,19225,3076,430,3579,1,0.16,1128.77,2,5,61,0,131
105,3,本國銀行,永豐商業銀行#,2127513,1317055,31169,48020,4959,7902,120,0.33,722.8,17,59,96,2,6395
105,3,本國銀行,玉山商業銀行#,4042382,2807696,83532,22585,10426,22433,117,0.24,1311.27,38,162,305,3,26448
105,3,本國銀行,凱基商業銀行#,504968,218328,4363,4131,1122,1029,10,1.76,125.0,7,13,5,0,6209
105,3,本國銀行,星展(台灣)商業銀行,12771,6158,128,67,21,58,0,0.79,1118.27,0,0,1,0,0
105,3,本國銀行,台新國際商業銀行#,3593999,2482508,31500,9827,10264,15946,153,0.26,590.21,23,101,230,8,92938
105,3,本國銀行,大眾商業銀行#,597588,319355,10684,24486,866,1980,78,0.0,432.99,10,19,35,1,781
105,3,本國銀行,日盛國際商業銀行#,187261,101162,518,1150,457,424,10,0.24,222.97,1,5,6,0,1
105,3,本國銀行,安泰商業銀行,185676,71517,1217,532,411,462,1,0.46,265.87,0,4,7,0,3509
105,3,本國銀行,中國信託商業銀行#,5852026,3817587,52769,52335,14101,28521,753,0.16,644.17,63,149,382,38,97802
105,3,信用卡公司,台灣樂天信用卡股份有限公司,100137,75969,13948,300,60,395,2,0.13,326.08,0,1,7,0,0
105,3,信用卡公司,台灣美國運通國際(股)公司,163348,87659,4247,3544,333,3783,1,0.16,422.53,2,3,77,0,81714
105,3,信用卡公司,台灣永旺信用卡(股)公司,89255,40086,112,966,275,142,3,0.99,1564.33,2,2,2,0,261
105,3,信用卡公司,香港商台灣環滙亞太信用卡,0,0,0,0,0,0,0,0.0,0.0,0,0,0,0,9253
105,3,信用卡公司,財團法人聯合信用卡處理中心,0,0,0,0,0,0,0,0.0,0.0,0,0,0,0,93327
105,4,本國銀行,臺灣銀行#,227318,109946,685,924,221,569,1,0.18,911.46,1,2,10,0,1252
105,4,本國銀行,臺灣土地銀行,196893,107465,6208,972,233,653,1,0.26,1576.62,1,2,10,0,4076
105,4,本國銀行,合作金庫商業銀行#,422855,257639,5044,3025,589,2279,3,0.24,341.66,8,5,23,0,29288
105,4,本國銀行,第一商業銀行#,920036,606484,13476,9292,1329,3652,14,0.18,1916.15,6,13,44,0,2594
105,4,本國銀行,華南商業銀行#,832162,602900,16423,8391,681,3474,1,0.13,534.9,0,7,65,0,5643
105,4,本國銀行,彰化商業銀行,440418,211994,3960,2929,269,1134,1,0.15,970.88,2,4,16,0,667
105,4,本國銀行,上海商業儲蓄銀行,359676,182348,1031,2015,708,978,6,0.56,2983.26,6,8,17,0,460
105,4,本國銀行,台北富邦銀行#,2299753,1632378,36420,20852,6364,16437,53,0.16,750.59,25,69,240,2,725
105,4,本國銀行,國泰世華商業銀行#,5297833,3688428,64429,24825,13856,28295,156,0.14,2285.19,34,163,281,5,22524
105,4,本國銀行,高雄銀行,9257,3984,200,39,7,134,0,0.49,192.48,0,0,0,0,1053
105,4,本國銀行,兆豐國際商業銀行#,619452,402970,9216,5867,1140,2360,7,0.2,540.68,5,14,39,0,62
105,4,本國銀行,花旗(台灣)商業銀行,2902949,2453939,15949,28598,15749,19182,200,0.5,631.56,70,187,245,5,38452
105,4,本國銀行,澳盛(台灣)商業銀行,567031,355905,5029,7098,3100,2921,21,0.46,385.65,14,38,24,1,867
105,4,本國銀行,臺灣中小企業銀行,334262,131016,773,1152,463,826,4,0.12,610.98,3,6,8,0,6
105,4,本國銀行,渣打國際商業銀行,373271,223898,1511,4178,1928,1261,7,0.44,520.86,10,22,20,0,30
105,4,本國銀行,台中商業銀行,197451,79398,2039,1226,242,447,0,1.37,493.35,0,3,6,0,726
105,4,本國銀行,滙豐(台灣)商業銀行,623952,430401,5610,7668,2761,3837,45,0.21,2930.08,8,34,60,1,6
105,4,本國銀行,華泰商業銀行,10247,6329,17,15,18,51,0,0.37,220.0,0,0,1,0,0
105,4,本國銀行,臺灣新光商業銀行#,906799,465869,9760,13013,2065,3129,15,0.27,236.51,5,23,65,0,2047
105,4,本國銀行,陽信商業銀行,78782,39619,5293,855,243,224,0,0.34,962.67,0,2,3,0,192
105,4,本國銀行,三信商業銀行,16872,11045,265,80,30,125,0,0.18,7191.84,0,0,1,0,0
105,4,本國銀行,聯邦商業銀行,1833111,829646,19967,23890,4519,5671,112,0.26,119.71,13,39,88,1,3718
105,4,本國銀行,遠東國際商業銀行,1464607,1030931,11003,5500,4879,4109,192,0.36,100.51,16,71,43,1,2402
105,4,本國銀行,元大商業銀行#,480205,280579,16721,2728,432,3300,1,0.15,1127.04,2,5,55,0,128
105,4,本國銀行,永豐商業銀行#,2178492,1314617,90927,39948,4900,6793,102,0.34,674.66,16,62,95,2,7300
105,4,本國銀行,玉山商業銀行#,4096578,2831306,75392,21196,10462,21922,143,0.24,1281.3,38,125,277,3,29515
105,4,本國銀行,凱基商業銀行#,515372,217794,14061,15247,1112,905,10,1.69,119.39,6,13,10,0,6617
105,4,本國銀行,星展(台灣)商業銀行,12792,6164,91,70,22,57,0,1.53,660.26,0,0,1,0,0
105,4,本國銀行,台新國際商業銀行#,3595669,2481894,30750,29080,10137,14446,146,0.24,615.92,23,95,208,8,93629
105,4,本國銀行,大眾商業銀行#,600434,320471,9389,6524,865,1730,75,0.01,436.57,8,19,31,1,794
105,4,本國銀行,日盛國際商業銀行#,186641,100318,420,1040,453,364,6,0.18,232.43,1,5,5,0,2
105,4,本國銀行,安泰商業銀行,184888,71167,936,439,404,416,2,0.57,269.84,0,4,6,0,3508
105,4,本國銀行,中國信託商業銀行#,5884540,3819573,64539,33548,14132,25114,684,0.17,633.51,61,140,343,39,98899
105,4,信用卡公司,台灣樂天信用卡股份有限公司,112145,82916,12173,341,66,415,1,0.25,224.61,0,1,8,0,0
105,4,信用卡公司,台灣美國運通國際(股)公司,164835,87759,3685,2198,326,3618,1,0.1,509.4,4,3,75,0,81525
105,4,信用卡公司,台灣永旺信用卡(股)公司,88765,39377,100,769,270,166,3,0.88,1774.5,2,2,2,0,255
105,4,信用卡公司,香港商台灣環滙亞太信用卡,0,0,0,0,0,0,0,0.0,0.0,0,0,0,0,9092
105,4,信用卡公司,財團法人聯合信用卡處理中心,0,0,0,0,0,0,0,0.0,0.0,0,0,0,0,93081
105,5,本國銀行,臺灣銀行#,227434,109092,754,1002,224,664,1,0.11,1021.6,1,3,11,0,1262
105,5,本國銀行,臺灣土地銀行,202536,109703,6027,962,237,780,1,0.34,1099.81,1,3,11,0,4087
105,5,本國銀行,合作金庫商業銀行#,426307,257753,6489,3187,586,2471,4,0.35,304.18,0,6,23,0,29409
105,5,本國銀行,第一商業銀行#,925858,610671,12577,9972,1355,4074,17,0.18,1952.66,6,13,50,0,2965
105,5,本國銀行,華南商業銀行#,838898,610159,16419,8877,719,3778,1,0.21,405.31,0,8,66,0,5649
105,5,本國銀行,彰化商業銀行,438538,210691,4538,3096,339,1252,1,0.32,593.19,2,5,17,0,828
105,5,本國銀行,上海商業儲蓄銀行,358654,181353,1159,2181,730,1056,7,0.76,2127.61,0,7,18,0,463
105,5,本國銀行,台北富邦銀行#,2307385,1652437,38553,30921,6287,16459,61,0.16,774.01,22,70,217,2,804
105,5,本國銀行,國泰世華商業銀行#,5330485,3718798,59114,26462,13829,36226,172,0.12,2387.17,32,161,330,5,24183
105,5,本國銀行,高雄銀行,9475,4204,253,35,7,138,0,0.49,192.61,0,0,0,0,1049
105,5,本國銀行,兆豐國際商業銀行#,609493,404255,8878,18837,1134,2544,6,0.2,530.22,3,14,41,0,61
105,5,本國銀行,花旗(台灣)商業銀行,2901368,2455744,16958,29263,15349,20133,226,0.48,646.24,58,191,258,7,38626
105,5,本國銀行,澳盛(台灣)商業銀行,566129,353846,4520,5527,3074,3150,25,0.46,383.48,11,41,28,1,867
105,5,本國銀行,臺灣中小企業銀行,333787,130310,718,1193,457,862,4,0.11,618.98,2,7,9,0,9
105,5,本國銀行,渣打國際商業銀行,367548,220091,2183,4311,1914,1386,5,0.43,524.32,12,22,21,0,30
105,5,本國銀行,台中商業銀行,197975,79110,2466,1415,250,500,0,1.64,385.95,0,3,7,0,735
105,5,本國銀行,滙豐(台灣)商業銀行,620908,428251,4521,7565,2731,4069,53,0.25,2675.38,5,34,58,1,6
105,5,本國銀行,華泰商業銀行,10240,6344,11,10,18,60,0,1.3,189.7,0,0,1,0,0
105,5,本國銀行,臺灣新光商業銀行#,909156,470763,11526,9169,2038,4444,22,0.24,243.2,5,23,75,0,2046
105,5,本國銀行,陽信商業銀行,82937,42093,5069,914,241,276,0,0.52,831.25,0,2,3,0,221
105,5,本國銀行,三信商業銀行,16925,11105,168,66,30,114,0,0.23,7092.75,0,0,1,0,0
105,5,本國銀行,聯邦商業銀行,1836494,832964,20672,17289,4548,6248,104,0.29,119.46,13,39,96,1,3974
105,5,本國銀行,遠東國際商業銀行,1469664,1031779,11323,6272,4768,4630,239,0.37,101.41,15,69,49,1,2406
105,5,本國銀行,元大商業銀行#,497877,294815,19509,3121,433,3621,1,0.15,1120.31,1,5,61,0,133
105,5,本國銀行,永豐商業銀行#,2223308,1319666,69133,24317,4885,7435,116,0.35,650.81,14,60,102,2,7345
105,5,本國銀行,玉山商業銀行#,4138311,2854201,65762,24029,10557,25283,179,0.25,1220.2,38,124,320,6,31349
105,5,本國銀行,凱基商業銀行#,508473,220172,8366,3821,1097,1074,11,1.65,116.47,5,13,6,0,7343
105,5,本國銀行,星展(台灣)商業銀行,12823,6090,86,55,21,65,0,1.12,793.68,0,0,1,0,0
105,5,本國銀行,台新國際商業銀行#,3607035,2495292,36644,25278,10135,16077,133,0.24,615.6,24,97,219,8,97265
105,5,本國銀行,大眾商業銀行#,604766,321959,10716,6350,877,1931,85,0.01,434.8,9,19,33,1,808
105,5,本國銀行,日盛國際商業銀行#,185978,99930,451,1114,446,404,5,0.18,225.47,2,5,6,0,7
105,5,本國銀行,安泰商業銀行,184130,71303,892,499,398,463,1,0.63,210.97,0,4,7,0,350
105,5,本國銀行,中國信託商業銀行#,5895792,3830003,60837,42374,14087,27834,781,0.16,624.15,60,150,369,39,99944
105,5,信用卡公司,台灣樂天信用卡股份有限公司,127216,93728,15202,336,76,476,1,0.23,233.63,0,1,9,0,0
105,5,信用卡公司,台灣美國運通國際(股)公司,165989,112891,4349,3195,325,3845,2,0.13,441.24,2,3,82,0,81720
105,5,信用卡公司,台灣永旺信用卡(股)公司,88249,38655,156,711,272,152,3,0.76,2205.2,3,2,2,0,253
105,5,信用卡公司,香港商台灣環滙亞太信用卡,0,0,0,0,0,0,0,0.0,0.0,0,0,0,0,8903
105,5,信用卡公司,財團法人聯合信用卡處理中心,0,0,0,0,0,0,0,0.0,0.0,0,0,0,0,93113
105,6,本國銀行,臺灣銀行#,227791,108865,916,919,224,737,1,0.11,1084.03,0,2,10,0,1276
105,6,本國銀行,臺灣土地銀行,213143,111704,11189,1026,244,894,1,0.29,1519.65,2,2,13,0,4097
105,6,本國銀行,合作金庫商業銀行#,428289,258879,5042,3158,595,4262,4,0.18,318.86,5,6,22,0,29563
105,6,本國銀行,第一商業銀行#,930182,615496,10397,9111,1381,4689,18,0.16,1902.12,5,13,49,0,3292
105,6,本國銀行,華南商業銀行#,846818,615731,16722,7874,699,5875,1,0.05,865.35,13,8,66,0,5704
105,6,本國銀行,彰化商業銀行,437252,209997,4340,2845,348,2689,1,0.21,518.27,2,4,18,0,1024
105,6,本國銀行,上海商業儲蓄銀行,357856,180016,955,1753,715,1292,7,0.6,2393.58,4,7,18,0,470
105,6,本國銀行,台北富邦銀行#,2322577,1668400,44480,29288,6313,19799,52,0.15,776.54,23,67,236,2,819
105,6,本國銀行,國泰世華商業銀行#,5356145,3725810,50306,24646,14273,38996,169,0.11,2432.06,30,164,310,5,24514
105,6,本國銀行,高雄銀行,9677,4396,238,36,7,155,0,0.16,446.98,1,0,0,0,1049
105,6,本國銀行,兆豐國際商業銀行#,612737,405475,8411,5167,1150,3403,7,0.17,540.58,3,14,38,0,58
105,6,本國銀行,花旗(台灣)商業銀行,2899350,2455177,15308,28026,15915,21722,214,0.57,513.92,0,189,258,6,38290
105,6,本國銀行,澳盛(台灣)商業銀行,558441,347929,4413,12166,3050,3617,19,0.43,369.82,12,39,28,1,867
105,6,本國銀行,臺灣中小企業銀行,333504,128662,900,1183,456,1125,4,0.07,722.66,3,7,8,0,9
105,6,本國銀行,渣打國際商業銀行,366307,219123,3845,4686,1908,1604,6,0.44,528.88,11,23,22,0,30
105,6,本國銀行,台中商業銀行,198388,79064,2581,1442,253,614,0,1.81,290.54,0,3,7,0,724
105,6,本國銀行,滙豐(台灣)商業銀行,618402,425685,5379,7885,2714,4849,54,0.22,2716.32,7,33,58,1,6
105,6,本國銀行,華泰商業銀行,10235,6344,24,20,19,67,0,1.84,143.07,0,0,1,0,0
105,6,本國銀行,臺灣新光商業銀行#,910579,472834,9651,8228,2051,5487,24,0.21,238.78,7,22,68,0,2034
105,6,本國銀行,陽信商業銀行,84396,45411,2331,872,242,313,0,0.0,1301.74,4,2,3,0,251
105,6,本國銀行,三信商業銀行,17054,11170,232,67,31,119,0,0.22,6934.47,0,0,1,0,0
105,6,本國銀行,聯邦商業銀行,1829090,837450,18238,25642,4601,6939,89,0.28,119.66,13,40,90,1,3957
105,6,本國銀行,遠東國際商業銀行,1473641,1027424,10853,6884,4769,6729,205,0.34,100.28,16,70,48,1,2817
105,6,本國銀行,元大商業銀行#,512963,310128,16592,2722,440,4566,1,0.13,1102.43,1,5,67,0,127
105,6,本國銀行,永豐商業銀行#,2294252,1323266,93488,22544,4873,10605,106,0.31,632.23,15,61,99,3,7360
105,6,本國銀行,玉山商業銀行#,4171812,2885056,55502,22001,10691,34776,161,0.23,1152.67,38,128,311,6,34068
105,6,本國銀行,凱基商業銀行#,512048,199109,7194,3572,1098,1531,10,1.38,137.82,5,14,5,0,7403
105,6,本國銀行,星展(台灣)商業銀行,12865,6050,102,60,21,63,0,1.17,776.68,0,0,1,0,0
105,6,本國銀行,台新國際商業銀行#,3605168,2504880,38896,40763,10128,27434,148,0.2,609.03,20,94,223,8,97930
105,6,本國銀行,大眾商業銀行#,607861,323432,9407,6259,908,2364,76,0.01,456.67,9,19,34,1,816
105,6,本國銀行,日盛國際商業銀行#,184955,100264,394,1417,450,481,5,0.21,224.7,1,5,6,0,11
105,6,本國銀行,安泰商業銀行,183233,71140,907,371,392,441,1,0.24,250.53,10,4,7,0,350
105,6,本國銀行,中國信託商業銀行#,5903543,3836418,57351,49832,14201,40845,697,0.13,623.16,57,138,355,40,100447
105,6,信用卡公司,台灣樂天信用卡股份有限公司,138145,96991,11067,345,86,605,1,0.17,272.29,0,2,12,0,0
105,6,信用卡公司,台灣美國運通國際(股)公司,165877,113203,3770,3882,331,3630,2,0.15,389.86,2,3,74,0,82107
105,6,信用卡公司,台灣永旺信用卡(股)公司,87804,37642,115,653,272,152,3,0.76,2164.03,2,3,2,0,234
105,6,信用卡公司,香港商台灣環滙亞太信用卡,0,0,0,0,0,0,0,0.0,0.0,0,0,0,0,8716
105,6,信用卡公司,財團法人聯合信用卡處理中心,0,0,0,0,0,0,0,0.0,0.0,0,0,0,0,93275
105,7,本國銀行,臺灣銀行#,228231,108199,956,828,229,590,1,0.26,657.43,1,2,11,0,1277
105,7,本國銀行,臺灣土地銀行,221246,115874,9589,866,259,763,1,0.42,1211.81,1,3,11,0,4101
105,7,本國銀行,合作金庫商業銀行#,430729,260044,5437,3117,616,2350,3,0.21,344.1,5,6,19,0,29677
105,7,本國銀行,第一商業銀行#,933652,617942,9276,8693,1398,3889,16,0.18,1832.46,5,13,42,0,3610
105,7,本國銀行,華南商業銀行#,851865,618880,14191,8331,727,3468,1,0.11,610.83,0,8,64,0,5704
105,7,本國銀行,彰化商業銀行,436111,209581,3603,2840,284,1149,1,0.39,677.62,0,5,16,0,1234
105,7,本國銀行,上海商業儲蓄銀行,357121,178822,1039,1774,717,1018,6,0.79,1834.23,0,7,17,0,465
105,7,本國銀行,台北富邦銀行#,2303207,1680246,27509,46879,6346,15977,50,0.16,733.29,22,70,234,2,845
105,7,本國銀行,國泰世華商業銀行#,5471673,3735720,141186,25658,14377,26164,172,0.13,2406.65,27,166,273,5,24618
105,7,本國銀行,高雄銀行,9797,4474,171,52,7,164,0,0.17,364.62,0,0,0,0,1046
105,7,本國銀行,兆豐國際商業銀行#,614076,407113,6880,5541,1154,2356,6,0.19,522.12,4,14,38,0,59
105,7,本國銀行,花旗(台灣)商業銀行,2898698,2453663,15023,26322,15773,19575,224,0.47,637.63,112,196,254,7,38038
105,7,本國銀行,澳盛(台灣)商業銀行,559107,344457,4600,3923,3066,2933,21,0.38,407.88,18,43,26,1,867
105,7,本國銀行,臺灣中小企業銀行,333230,127412,649,1213,459,831,4,0.06,161.37,2,7,9,0,11
105,7,本國銀行,渣打國際商業銀行,363716,218293,1938,4371,1907,1275,8,0.43,540.4,13,22,19,0,30
105,7,本國銀行,台中商業銀行,198485,78691,1727,1189,259,460,0,1.48,408.06,6,3,6,0,712
105,7,本國銀行,滙豐(台灣)商業銀行,613290,422864,5435,10547,2729,3865,53,0.27,2526.53,7,33,57,1,6
105,7,本國銀行,華泰商業銀行,10210,6316,10,29,18,50,0,1.92,190.19,0,0,3,0,0
105,7,本國銀行,臺灣新光商業銀行#,909283,475761,7474,8770,2056,3190,14,0.26,239.64,6,24,66,0,2003
105,7,本國銀行,陽信商業銀行,85428,47909,1875,844,241,253,0,0.32,958.52,0,2,3,0,291
105,7,本國銀行,三信商業銀行,17092,11169,139,63,31,114,0,0.15,8023.09,0,0,1,0,0
105,7,本國銀行,聯邦商業銀行,1818151,841155,17772,28711,4607,5905,83,0.31,119.84,15,40,89,1,7470
105,7,本國銀行,遠東國際商業銀行,1477146,1023736,10109,6607,4859,4207,191,0.36,100.51,16,69,44,1,2827
105,7,本國銀行,元大商業銀行#,523401,319536,12155,2942,459,3548,1,0.14,1167.34,3,5,60,0,134
105,7,本國銀行,永豐商業銀行#,2325326,1333119,53893,22819,4908,6975,111,0.34,600.92,15,60,95,3,7628
105,7,本國銀行,玉山商業銀行#,4185866,2907198,40121,26067,11011,23687,164,0.24,1139.2,38,128,308,6,36634
105,7,本國銀行,凱基商業銀行#,509432,198068,3875,6499,1109,939,9,1.37,128.98,10,14,4,0,7342
105,7,本國銀行,星展(台灣)商業銀行,12856,6000,47,56,23,54,0,1.95,435.41,0,0,1,0,0
105,7,本國銀行,台新國際商業銀行#,3610218,2516954,31512,26462,10179,15704,123,0.23,602.09,20,98,211,8,98788
105,7,本國銀行,大眾商業銀行#,610040,323940,8419,6177,924,1818,76,0.02,457.22,9,18,32,1,817
105,7,本國銀行,日盛國際商業銀行#,183939,100294,388,1404,449,377,5,0.3,212.5,2,5,5,0,17
105,7,本國銀行,安泰商業銀行,182258,70389,764,476,392,419,1,0.31,280.82,0,4,7,0,119
105,7,本國銀行,中國信託商業銀行#,5915155,3838292,41319,31143,14441,24733,681,0.15,616.01,59,151,312,39,100919
105,7,信用卡公司,台灣樂天信用卡股份有限公司,147986,110947,10056,689,102,590,1,0.15,238.33,0,2,12,0,0
105,7,信用卡公司,台灣美國運通國際(股)公司,166231,112856,3798,3444,340,3838,2,0.14,408.2,2,3,78,0,82211
105,7,信用卡公司,台灣永旺信用卡(股)公司,87511,37174,192,525,269,150,3,0.73,2302.93,2,2,2,0,230
105,7,信用卡公司,香港商台灣環滙亞太信用卡,0,0,0,0,0,0,0,0.0,0.0,0,0,0,0,8678
105,7,信用卡公司,財團法人聯合信用卡處理中心,0,0,0,0,0,0,0,0.0,0.0,0,0,0,0,93519
105,8,本國銀行,臺灣銀行#,228765,108423,1131,984,226,686,1,0.3,586.59,1,3,11,0,1274
105,8,本國銀行,臺灣土地銀行,224140,121966,3457,929,260,921,1,0.43,805.9,1,3,13,0,4099
105,8,本國銀行,合作金庫商業銀行#,433195,262343,5894,3519,618,2584,3,0.35,297.28,0,6,23,0,29919
105,8,本國銀行,第一商業銀行#,940887,625038,13824,9783,1415,4313,16,0.15,2003.25,6,14,50,0,3936
105,8,本國銀行,華南商業銀行#,856590,624183,13997,8712,761,3981,1,0.16,476.25,0,8,69,0,5725
105,8,本國銀行,彰化商業銀行,435450,210553,3724,3143,353,1362,1,0.3,713.1,5,4,19,0,1481
105,8,本國銀行,上海商業儲蓄銀行,356111,178229,1356,2366,715,1069,7,0.67,2538.18,6,8,18,0,474
105,8,本國銀行,台北富邦銀行#,2302488,1701094,29236,29955,6264,18554,49,0.15,762.44,23,69,256,2,886
105,8,本國銀行,國泰世華商業銀行#,5682321,3877832,245426,34778,14364,36350,274,0.12,2451.35,28,169,475,7,24783
105,8,本國銀行,高雄銀行,9916,4614,209,90,7,157,0,0.27,257.12,0,0,0,0,1043
105,8,本國銀行,兆豐國際商業銀行#,616231,410382,8679,6524,1141,2565,6,0.16,607.87,4,15,40,0,59
105,8,本國銀行,花旗(台灣)商業銀行,2895006,2457443,16852,31774,15813,19927,216,0.47,665.25,58,196,257,6,38064
105,8,本國銀行,澳盛(台灣)商業銀行,559705,343121,4805,4559,3031,3205,22,0.36,423.23,16,39,26,1,867
105,8,本國銀行,臺灣中小企業銀行,332096,127167,923,1767,451,894,5,0.12,142.08,2,7,9,0,11
105,8,本國銀行,渣打國際商業銀行,359926,218005,1373,4883,1888,1458,10,0.42,544.59,11,22,22,0,30
105,8,本國銀行,台中商業銀行,198913,78621,2271,1253,256,534,0,1.74,311.51,0,4,7,0,712
105,8,本國銀行,滙豐(台灣)商業銀行,608037,419621,5959,11212,2688,4270,54,0.24,2713.19,8,33,59,1,0
105,8,本國銀行,華泰商業銀行,10197,6309,12,14,20,57,0,1.71,227.84,0,0,1,0,0
105,8,本國銀行,臺灣新光商業銀行#,909100,481519,9239,9422,2034,4455,16,0.24,244.87,7,22,68,0,2006
105,8,本國銀行,陽信商業銀行,86675,49260,2045,797,242,304,0,0.57,803.17,0,3,3,0,308
105,8,本國銀行,三信商業銀行,17129,11223,166,76,32,111,0,0.44,5410.25,0,0,1,0,0
105,8,本國銀行,聯邦商業銀行,1980175,933751,187202,25178,4659,7097,92,0.29,120.0,16,41,103,1,7513
105,8,本國銀行,遠東國際商業銀行,1480131,1021853,11188,8227,4711,4720,236,0.39,100.5,17,70,48,1,2865
105,8,本國銀行,元大商業銀行#,537567,331624,15757,3045,452,4087,1,0.13,1163.02,2,5,69,0,137
105,8,本國銀行,永豐商業銀行#,1953697,1353340,17251,388880,4897,7293,130,0.33,611.38,15,62,97,3,7650
105,8,本國銀行,玉山商業銀行#,4205723,2925684,44584,24727,11089,26511,189,0.24,1081.82,38,132,348,7,37719
105,8,本國銀行,凱基商業銀行#,509297,198061,8020,8166,1097,1051,10,1.24,134.99,10,14,6,0,7429
105,8,本國銀行,星展(台灣)商業銀行,12838,5957,45,63,22,57,0,1.29,718.57,1,0,1,0,0
105,8,本國銀行,台新國際商業銀行#,3617163,2538375,35657,28712,10161,18627,148,0.22,611.99,22,99,246,7,99357
105,8,本國銀行,大眾商業銀行#,595654,324591,7914,22208,937,2058,80,0.01,470.2,14,20,35,1,830
105,8,本國銀行,日盛國際商業銀行#,180962,100333,425,3402,443,446,5,0.27,223.52,1,5,6,0,25
105,8,本國銀行,安泰商業銀行,181593,70257,850,474,384,474,1,0.4,302.52,0,4,7,0,5
105,8,本國銀行,中國信託商業銀行#,5909323,3837933,45644,44674,14440,29240,716,0.15,611.01,57,150,391,41,101658
105,8,信用卡公司,台灣樂天信用卡股份有限公司,160533,121511,12745,486,107,642,2,0.13,274.46,0,2,11,0,0
105,8,信用卡公司,台灣美國運通國際(股)公司,167394,113374,3943,2780,335,3570,2,0.17,349.97,3,3,72,0,82620
105,8,信用卡公司,台灣永旺信用卡(股)公司,87121,36968,138,591,266,146,3,0.73,2341.68,1,2,2,0,228
105,8,信用卡公司,香港商台灣環滙亞太信用卡,0,0,0,0,0,0,0,0.0,0.0,0,0,0,0,8557
105,8,信用卡公司,財團法人聯合信用卡處理中心,0,0,0,0,0,0,0,0.0,0.0,0,0,0,0,93817
105,9,本國銀行,臺灣銀行#,229685,108569,1403,773,228,592,1,0.36,500.68,1,2,10,0,1287
105,9,本國銀行,臺灣土地銀行,226874,123797,3130,750,273,802,1,0.35,1327.9,3,2,11,0,4115
105,9,本國銀行,合作金庫商業銀行#,434661,264265,4428,3048,633,2299,3,0.3,335.78,6,6,22,0,30074
105,9,本國銀行,第一商業銀行#,944592,632028,9874,8862,1422,3769,14,0.17,1874.76,5,14,42,0,4245
105,9,本國銀行,華南商業銀行#,860317,624604,11612,7488,747,3472,1,0.07,769.9,12,8,59,0,5716
105,9,本國銀行,彰化商業銀行,433112,210300,2596,3545,369,1203,0,0.35,666.76,3,4,17,0,1692
105,9,本國銀行,上海商業儲蓄銀行,355758,177470,1428,1781,737,1046,7,0.87,1771.86,0,7,17,0,468
105,9,本國銀行,台北富邦銀行#,2381409,1699013,105020,26099,6311,15414,45,0.16,744.73,25,68,214,2,855
105,9,本國銀行,國泰世華商業銀行#,5819486,3987545,167547,30382,14403,28437,227,0.13,2434.67,32,169,421,8,24860
105,9,本國銀行,高雄銀行,9995,4621,119,40,8,162,0,0.22,285.96,0,0,0,0,1040
105,9,本國銀行,兆豐國際商業銀行#,605157,410685,6858,17932,1157,2333,5,0.18,628.49,2,18,37,0,61
105,9,本國銀行,花旗(台灣)商業銀行,2897079,2451755,20560,28657,15626,19324,191,0.49,652.89,57,192,243,6,37820
105,9,本國銀行,澳盛(台灣)商業銀行,551116,337897,3845,12350,3022,2822,21,0.38,424.54,11,40,25,1,867
105,9,本國銀行,臺灣中小企業銀行,331621,126622,646,1121,459,821,4,0.13,147.26,2,6,8,0,11
105,9,本國銀行,渣打國際商業銀行,356338,215141,998,3719,1889,1342,9,0.4,552.7,10,22,19,0,30
105,9,本國銀行,台中商業銀行,198983,78440,1794,1090,269,474,0,2.03,248.82,0,3,6,0,708
105,9,本國銀行,滙豐(台灣)商業銀行,603903,416222,5832,9966,2680,3807,50,0.26,2557.1,7,32,55,1,0
105,9,本國銀行,華泰商業銀行,10182,6286,7,12,20,50,0,0.36,243.44,1,0,1,0,0
105,9,本國銀行,臺灣新光商業銀行#,906911,480883,7411,9600,2068,3638,12,0.24,237.57,7,23,61,0,1964
105,9,本國銀行,陽信商業銀行,87424,50234,1395,647,244,265,0,0.01,1246.37,4,2,2,0,322
105,9,本國銀行,三信商業銀行,17140,11172,108,58,32,115,0,0.51,5068.36,0,0,1,0,0
105,9,本國銀行,聯邦商業銀行,1995367,1014822,43706,28514,4725,6478,93,0.29,120.43,16,41,95,1,8937
105,9,本國銀行,遠東國際商業銀行,1512147,1016613,39453,7455,4746,4172,189,0.4,100.29,16,70,42,1,3533
105,9,本國銀行,元大商業銀行#,547435,342086,11305,2894,532,3954,1,0.13,1149.5,2,6,66,0,140
105,9,本國銀行,永豐商業銀行#,1952814,1340289,14308,15191,4910,6184,113,0.33,602.79,17,60,86,3,7470
105,9,本國銀行,玉山商業銀行#,4220605,2936664,38711,23829,11232,24362,178,0.24,1119.39,38,134,290,7,40345
105,9,本國銀行,凱基商業銀行#,507286,198035,7647,9681,1109,1012,9,1.17,146.3,8,14,13,0,7596
105,9,本國銀行,星展(台灣)商業銀行,12823,5910,41,56,22,52,0,2.45,517.67,0,0,1,0,0
105,9,本國銀行,台新國際商業銀行#,3624881,2542358,29640,21922,10182,16366,156,0.23,611.5,22,95,220,8,100269
105,9,本國銀行,大眾商業銀行#,597887,324881,7595,5335,932,1774,70,0.02,476.4,13,18,30,1,853
105,9,本國銀行,日盛國際商業銀行#,178704,100513,368,2626,450,375,5,0.28,245.37,2,5,5,0,26
105,9,本國銀行,安泰商業銀行,181749,70301,756,343,383,450,1,0.55,293.4,0,4,6,0,5
105,9,本國銀行,中國信託商業銀行#,5928093,3838080,56544,37699,14634,25264,645,0.16,616.15,64,149,343,40,102104
105,9,信用卡公司,台灣樂天信用卡股份有限公司,170451,129353,10113,411,117,658,1,0.16,292.28,0,2,13,0,0
105,9,信用卡公司,台灣美國運通國際(股)公司,168562,112880,3632,2464,339,4064,2,0.25,280.57,3,3,82,0,83044
105,9,信用卡公司,台灣永旺信用卡(股)公司,86657,36274,79,562,267,150,2,0.8,2229.39,2,2,2,0,226
105,9,信用卡公司,香港商台灣環滙亞太信用卡,0,0,0,0,0,0,0,0.0,0.0,0,0,0,0,8474
105,9,信用卡公司,財團法人聯合信用卡處理中心,0,0,0,0,0,0,0,0.0,0.0,0,0,0,0,94253
105,10,本國銀行,臺灣銀行#,231086,109903,2025,912,230,627,1,0.27,555.37,1,3,11,0,1296
105,10,本國銀行,臺灣土地銀行,229206,125752,3176,787,282,797,1,0.44,1009.39,1,3,13,0,4128
105,10,本國銀行,合作金庫商業銀行#,436746,266407,6108,4162,634,2391,4,0.49,270.3,0,6,21,0,30170
105,10,本國銀行,第一商業銀行#,946707,633912,8706,9499,1434,4184,17,0.18,1801.28,6,14,50,0,4456
105,10,本國銀行,華南商業銀行#,886715,641284,36195,9378,753,3887,1,0.11,617.01,0,9,63,0,5716
105,10,本國銀行,彰化商業銀行,429522,208979,2634,2983,366,1310,1,0.4,589.49,2,5,18,0,1971
105,10,本國銀行,上海商業儲蓄銀行,355524,177109,1516,1750,711,972,7,0.7,909.09,5,7,16,0,471
105,10,本國銀行,台北富邦銀行#,2378819,1719001,25367,27957,6245,16395,52,0.15,754.33,25,70,232,2,864
105,10,本國銀行,國泰世華商業銀行#,5895716,4076257,113671,37441,14785,31917,234,0.14,2420.1,27,172,345,7,24920
105,10,本國銀行,高雄銀行,10078,4591,127,44,9,165,0,0.2,358.58,0,0,0,0,1041
105,10,本國銀行,兆豐國際商業銀行#,605173,411817,7154,7138,1167,2535,6,0.18,559.58,2,11,41,0,62
105,10,本國銀行,花旗(台灣)商業銀行,2894719,2452066,16731,29514,16247,19791,180,0.66,483.95,0,197,268,6,37846
105,10,本國銀行,澳盛(台灣)商業銀行,551596,335926,4701,4258,3022,2976,24,0.41,391.65,14,42,24,1,867
105,10,本國銀行,臺灣中小企業銀行,330676,125780,640,1585,456,953,3,0.14,143.12,1,6,9,0,13
105,10,本國銀行,渣打國際商業銀行,352901,213131,1315,4058,1874,1366,10,0.34,569.88,12,21,22,0,30
105,10,本國銀行,台中商業銀行,200952,78351,3463,1304,268,504,0,2.53,207.91,0,3,7,0,724
105,10,本國銀行,滙豐(台灣)商業銀行,599462,411187,5366,9807,2668,4246,49,0.26,2579.14,8,32,62,1,0
105,10,本國銀行,華泰商業銀行,10160,6236,13,27,20,53,0,0.4,242.02,0,0,1,0,0
105,10,本國銀行,臺灣新光商業銀行#,905309,482986,8485,10087,2046,3886,12,0.24,235.21,5,23,70,0,1948
105,10,本國銀行,陽信商業銀行,87929,50504,1250,738,247,268,0,0.37,891.75,0,3,3,0,329
105,10,本國銀行,三信商業銀行,17112,11110,111,84,31,111,0,0.67,4491.53,0,0,1,0,0
105,10,本國銀行,聯邦商業銀行,2009285,1041579,38169,24251,4775,7079,100,0.28,122.37,13,42,106,1,8983
105,10,本國銀行,遠東國際商業銀行,1785507,1029836,294792,21379,4714,4405,198,0.41,100.44,16,70,58,1,4268
105,10,本國銀行,元大商業銀行#,556219,350340,10583,3815,466,4205,1,0.13,1157.49,1,6,72,0,142
105,10,本國銀行,永豐商業銀行#,1950428,1330711,14115,16501,4907,6777,122,0.33,602.06,15,59,97,3,7597
105,10,本國銀行,玉山商業銀行#,4240623,2955269,44049,24031,11401,24974,188,0.25,1093.76,38,132,307,7,41326
105,10,本國銀行,凱基商業銀行#,508957,198293,12296,10586,1096,1080,12,1.04,150.02,9,14,13,0,7654
105,10,本國銀行,星展(台灣)商業銀行,12760,5860,14,77,21,51,0,1.86,610.34,1,0,1,0,0
105,10,本國銀行,台新國際商業銀行#,3653400,2558405,42047,13528,10193,18134,168,0.23,613.83,24,99,253,8,101507
105,10,本國銀行,大眾商業銀行#,600274,324751,8732,6284,929,1937,74,0.02,487.84,14,21,34,1,896
105,10,本國銀行,日盛國際商業銀行#,177028,100550,439,2115,442,385,6,0.3,223.13,2,5,5,0,38
105,10,本國銀行,安泰商業銀行,181786,69805,761,444,379,441,1,0.61,307.43,0,4,7,0,5
105,10,本國銀行,中國信託商業銀行#,5944803,3832198,55229,39027,14778,26159,652,0.16,618.41,70,155,330,37,102425
105,10,信用卡公司,台灣樂天信用卡股份有限公司,181475,136601,11237,446,125,687,2,0.21,237.25,0,3,14,0,0
105,10,信用卡公司,台灣美國運通國際(股)公司,168882,113168,3045,2725,342,3849,1,0.32,261.09,2,3,75,0,83330
105,10,信用卡公司,台灣永旺信用卡(股)公司,82388,36295,97,4392,269,140,3,0.91,2144.84,2,2,2,0,220
105,10,信用卡公司,香港商台灣環滙亞太信用卡,0,0,0,0,0,0,0,0.0,0.0,0,0,0,0,8405
105,10,信用卡公司,財團法人聯合信用卡處理中心,0,0,0,0,0,0,0,0.0,0.0,0,0,0,0,94997
105,11,本國銀行,臺灣銀行#,232084,111037,2060,1403,228,636,1,0.37,531.9,1,2,11,0,1307
105,11,本國銀行,臺灣土地銀行,231633,128021,3324,988,287,866,1,0.43,1000.64,2,3,13,0,4124
105,11,本國銀行,合作金庫商業銀行#,447070,270979,13897,3707,643,2592,3,0.36,290.39,8,6,23,0,30205
105,11,本國銀行,第一商業銀行#,949771,638761,10289,10740,1443,4433,18,0.17,1836.2,6,14,56,0,4654
105,11,本國銀行,華南商業銀行#,919883,669791,43145,9308,814,4474,2,0.16,489.54,0,9,72,0,5739
105,11,本國銀行,彰化商業銀行,424956,208007,2873,2889,371,1270,1,0.39,562.81,2,4,20,0,2466
105,11,本國銀行,上海商業儲蓄銀行,355790,177372,2243,1977,712,1042,7,0.92,664.09,0,7,18,0,471
105,11,本國銀行,台北富邦銀行#,2380252,1735310,26169,24736,6204,17557,54,0.14,809.59,24,66,239,2,888
105,11,本國銀行,國泰世華商業銀行#,5857165,4142569,82936,121487,15061,39872,258,0.12,2455.27,31,170,414,8,25161
105,11,本國銀行,高雄銀行,10186,4582,148,40,9,145,0,0.2,355.93,0,0,0,0,1035
105,11,本國銀行,兆豐國際商業銀行#,605303,414825,8199,8069,1162,2526,6,0.19,548.72,3,14,43,0,62
105,11,本國銀行,花旗(台灣)商業銀行,2885489,2451088,18180,39204,15776,20293,196,0.53,600.75,120,190,265,6,37869
105,11,本國銀行,澳盛(台灣)商業銀行,552226,332581,5114,4434,2966,3075,23,0.38,413.01,15,42,23,1,867
105,11,本國銀行,臺灣中小企業銀行,330015,125971,821,1482,450,971,4,0.18,140.46,2,6,9,0,15
105,11,本國銀行,渣打國際商業銀行,350557,212022,1740,3909,1861,1475,9,0.34,560.11,8,22,23,0,30
105,11,本國銀行,台中商業銀行,202330,78928,3119,1545,260,532,0,1.48,329.5,9,3,1,0,723
105,11,本國銀行,滙豐(台灣)商業銀行,595787,408799,6019,9694,2641,4425,53,0.28,2420.65,8,31,61,1,0
105,11,本國銀行,華泰商業銀行,10145,6177,9,16,20,51,0,0.78,218.36,0,0,1,0,0
105,11,本國銀行,臺灣新光商業銀行#,904310,482356,7656,8655,2022,4391,13,0.24,229.02,7,24,73,0,1947
105,11,本國銀行,陽信商業銀行,89050,50510,1904,790,245,297,0,0.69,712.91,0,2,3,0,353
105,11,本國銀行,三信商業銀行,17135,11062,140,62,30,106,0,0.66,4506.09,0,0,1,0,0
105,11,本國銀行,聯邦商業銀行,2016599,1065917,38820,31506,4851,7124,107,0.28,120.48,16,43,107,1,9009
105,11,本國銀行,遠東國際商業銀行,1834442,1068005,115106,66110,4683,4677,234,0.39,100.42,17,68,72,1,4286
105,11,本國銀行,元大商業銀行#,568331,359748,14592,4305,469,4499,1,0.13,1164.58,1,6,77,0,139
105,11,本國銀行,永豐商業銀行#,1955180,1313377,20467,15715,4868,6901,120,0.36,582.33,12,59,185,3,7757
105,11,本國銀行,玉山商業銀行#,4268236,2974673,52923,25310,11387,23307,193,0.26,968.91,38,135,332,7,42057
105,11,本國銀行,凱基商業銀行#,502604,198367,11079,17473,1085,1031,11,0.98,145.71,5,14,8,0,7731
105,11,本國銀行,星展(台灣)商業銀行,12717,5806,31,74,22,56,0,1.82,595.68,0,0,1,0,0
105,11,本國銀行,台新國際商業銀行#,3723566,2593486,82338,12172,10174,18823,154,0.23,607.07,24,95,259,8,102554
105,11,本國銀行,大眾商業銀行#,601914,325306,8626,6932,938,2080,77,0.0,493.63,11,20,36,1,924
105,11,本國銀行,日盛國際商業銀行#,175602,100610,429,1855,442,401,5,0.26,233.96,1,5,6,0,56
105,11,本國銀行,安泰商業銀行,181794,70147,778,457,372,457,1,0.72,309.37,0,4,7,0,5
105,11,本國銀行,中國信託商業銀行#,5961487,3842312,56109,39963,14796,27223,770,0.16,606.77,60,149,344,41,102621
105,11,信用卡公司,台灣樂天信用卡股份有限公司,195878,145183,14608,504,138,768,2,0.13,311.91,0,3,10,0,0
105,11,信用卡公司,台灣美國運通國際(股)公司,169817,113200,3662,2727,348,4006,1,0.3,253.3,4,3,83,0,83190
105,11,信用卡公司,台灣永旺信用卡(股)公司,81697,35921,122,863,266,139,2,0.89,2041.26,1,2,2,0,208
105,11,信用卡公司,香港商台灣環滙亞太信用卡,0,0,0,0,0,0,0,0.0,0.0,0,0,0,0,8312
105,11,信用卡公司,財團法人聯合信用卡處理中心,0,0,0,0,0,0,0,0.0,0.0,0,0,0,0,95260
105,12,本國銀行,臺灣銀行#,234851,114969,4625,2170,226,641,1,0.48,392.35,1,2,11,0,1307
105,12,本國銀行,臺灣土地銀行,233952,129511,3520,1099,296,903,1,0.45,1026.8,2,3,13,0,4116
105,12,本國銀行,合作金庫商業銀行#,457738,278170,14319,3667,635,2703,4,0.19,340.32,5,6,22,0,30172
105,12,本國銀行,第一商業銀行#,951071,640575,8179,9891,1471,4171,17,0.18,1725.62,5,14,49,0,4800
105,12,本國銀行,華南商業銀行#,926221,679902,16276,9511,840,4065,2,0.06,904.5,12,9,73,0,5721
105,12,本國銀行,彰化商業銀行,424551,207437,1289,2939,304,1313,1,0.14,1003.18,4,5,32,0,2725
105,12,本國銀行,上海商業儲蓄銀行,355846,177568,1800,1744,727,1083,7,0.73,861.61,6,7,18,0,475
105,12,本國銀行,台北富邦銀行#,2392960,1745168,37716,25008,6195,18735,54,0.14,818.58,22,70,261,2,923
105,12,本國銀行,國泰世華商業銀行#,5889738,4170575,71832,39259,15371,38956,237,0.12,2459.95,28,177,380,7,25246
105,12,本國銀行,高雄銀行,10324,4601,170,32,8,133,0,0.65,177.13,0,0,1,0,1030
105,12,本國銀行,兆豐國際商業銀行#,603332,416322,5874,7845,1167,2512,5,0.19,590.29,3,14,42,0,62
105,12,本國銀行,花旗(台灣)商業銀行,2883733,2445067,16906,29140,16206,20851,204,0.67,481.58,0,199,270,6,37512
105,12,本國銀行,澳盛(台灣)商業銀行,539382,330412,4660,17471,2960,3007,27,0.42,404.75,13,40,29,1,867
105,12,本國銀行,臺灣中小企業銀行,329157,125384,646,1504,451,978,3,0.15,147.16,3,8,9,0,18
105,12,本國銀行,渣打國際商業銀行,350232,212512,1522,4515,1852,1367,9,0.4,549.43,9,21,21,0,30
105,12,本國銀行,台中商業銀行,203995,79552,2902,1173,273,549,0,1.59,304.75,0,3,7,0,718
105,12,本國銀行,滙豐(台灣)商業銀行,590415,405949,5131,10503,2626,4301,57,0.28,2434.91,9,31,63,1,0
105,12,本國銀行,華泰商業銀行,10138,6065,13,16,18,61,0,1.12,206.37,0,0,1,0,0
105,12,本國銀行,臺灣新光商業銀行#,902878,483351,6748,8180,2018,3740,13,0.26,228.32,7,22,72,0,1933
105,12,本國銀行,陽信商業銀行,89207,50260,905,748,241,265,0,0.06,1141.86,5,2,2,0,367
105,12,本國銀行,三信商業銀行,17073,11029,113,99,29,120,0,0.29,6790.52,1,0,1,0,0
105,12,本國銀行,聯邦商業銀行,2015520,1083892,32811,33890,4908,7332,96,0.29,119.71,15,43,109,1,8775
105,12,本國銀行,遠東國際商業銀行,1790432,1095414,12466,56511,4688,4496,222,0.36,100.35,24,69,60,1,5608
105,12,本國銀行,元大商業銀行#,578740,370293,13178,4617,529,4542,1,0.12,1171.18,3,6,77,0,139
105,12,本國銀行,永豐商業銀行#,1935059,1273076,13282,33403,4875,6735,111,0.38,569.72,15,58,99,3,7853
105,12,本國銀行,玉山商業銀行#,4293887,2990512,49072,23421,11476,27059,202,0.26,928.52,44,133,339,7,43140
105,12,本國銀行,凱基商業銀行#,498074,198100,10199,14720,1089,1152,10,0.97,152.11,6,13,8,0,7814
105,12,本國銀行,星展(台灣)商業銀行,12663,5765,15,69,21,51,0,0.96,1006.52,1,0,1,0,0
105,12,本國銀行,台新國際商業銀行#,3776524,2640499,76417,23459,10158,18366,172,0.23,606.05,23,99,250,8,103323
105,12,本國銀行,大眾商業銀行#,603720,325382,8243,6395,937,2073,79,0.0,515.59,8,23,36,1,933
105,12,本國銀行,日盛國際商業銀行#,174506,99902,452,1548,435,396,7,0.25,217.28,2,4,6,0,75
105,12,本國銀行,安泰商業銀行,181469,69831,749,352,366,482,1,0.2,174.88,14,4,7,0,5
105,12,本國銀行,中國信託商業銀行#,5984594,3853818,57723,36103,14930,27157,736,0.16,603.99,64,156,346,41,102860
105,12,信用卡公司,台灣樂天信用卡股份有限公司,208479,153990,12794,441,147,813,2,0.18,232.86,0,3,14,0,0
105,12,信用卡公司,台灣美國運通國際(股)公司,170064,113332,3729,3482,344,4047,1,0.19,296.97,8,3,84,0,83639
105,12,信用卡公司,台灣永旺信用卡(股)公司,81081,35641,109,723,265,151,3,1.03,1761.31,2,2,2,0,206
105,12,信用卡公司,香港商台灣環滙亞太信用卡,0,0,0,0,0,0,0,0.0,0.0,0,0,0,0,8295
105,12,信用卡公司,財團法人聯合信用卡處理中心,0,0,0,0,0,0,0,0.0,0.0,0,0,0,0,96061
106,1,本國銀行,臺灣銀行#,237251,117561,5515,1282,223,617,1,0.48,389.44,1,2,10,0,1313
106,1,本國銀行,臺灣土地銀行,234869,129536,1826,1017,298,827,1,0.4,873.8,2,3,12,0,4130
106,1,本國銀行,合作金庫商業銀行#,457675,280538,5334,5503,648,2448,3,0.42,262.3,0,6,19,0,30240
106,1,本國銀行,第一商業銀行#,951889,639362,7057,8798,1449,3819,14,0.19,1685.27,6,14,42,0,4859
106,1,本國銀行,華南商業銀行#,926657,682734,11674,10771,800,3712,1,0.13,575.83,0,9,69,0,5754
106,1,本國銀行,彰化商業銀行,414315,204139,2172,2754,304,1174,1,0.16,966.42,1,4,17,0,2777
106,1,本國銀行,上海商業儲蓄銀行,356037,176616,1778,1587,698,969,6,0.8,705.19,0,6,16,0,480
106,1,本國銀行,台北富邦銀行#,2404632,1754427,31811,20139,6143,19151,43,0.11,940.74,24,61,236,2,962
106,1,本國銀行,國泰世華商業銀行#,5907666,4205251,57478,39550,15370,32256,188,0.13,2468.2,30,172,309,6,25386
106,1,本國銀行,高雄銀行,10335,4540,59,48,7,113,0,1.02,169.03,0,0,0,0,1025
106,1,本國銀行,兆豐國際商業銀行#,600551,413134,3177,5958,1185,2444,5,0.19,578.78,3,13,43,0,62
106,1,本國銀行,花旗(台灣)商業銀行,2877031,2438053,15462,31778,16059,21286,178,0.53,593.55,130,200,271,5,37462
106,1,本國銀行,澳盛(台灣)商業銀行,537019,328046,3831,6090,2949,2831,20,0.47,220.53,12,38,25,1,864
106,1,本國銀行,臺灣中小企業銀行,328151,124851,536,1542,449,897,3,0.17,142.86,2,6,9,0,35
106,1,本國銀行,渣打國際商業銀行,346871,210680,927,3334,1843,1294,8,0.39,550.69,9,24,20,0,30
106,1,本國銀行,台中商業銀行,204232,80231,1431,1089,280,508,0,2.04,239.24,0,4,6,0,722
106,1,本國銀行,滙豐(台灣)商業銀行,586569,403189,6094,9940,2603,4120,46,0.26,2496.35,7,29,66,1,0
106,1,本國銀行,華泰商業銀行,10120,6045,9,22,19,52,0,0.92,270.85,0,0,1,0,0
106,1,本國銀行,臺灣新光商業銀行#,902076,482241,5907,6709,2033,3919,10,0.23,237.48,7,22,63,0,1943
106,1,本國銀行,陽信商業銀行,89408,50027,1103,903,240,269,0,0.3,885.32,0,2,3,0,379
106,1,本國銀行,三信商業銀行,17011,11032,171,142,25,105,0,0.31,6832.66,0,0,1,0,0
106,1,本國銀行,聯邦商業銀行,2009096,1097626,32204,38628,4893,7270,91,0.29,121.79,15,45,105,1,8765
106,1,本國銀行,遠東國際商業銀行,1487899,918391,9628,312199,5067,4355,201,0.34,100.45,17,70,64,1,5608
106,1,本國銀行,元大商業銀行#,583823,376495,9171,5830,474,4206,1,0.12,1160.57,2,6,71,0,139
106,1,本國銀行,永豐商業銀行#,1933187,1154297,10837,12709,4863,6299,87,0.38,553.53,15,60,107,3,7995
106,1,本國銀行,玉山商業銀行#,4314117,3005237,43494,23264,11574,25049,155,0.26,897.75,44,121,315,7,44726
106,1,本國銀行,凱基商業銀行#,492069,197910,8815,14855,1095,995,8,1.05,141.64,7,13,9,0,7861
106,1,本國銀行,星展(台灣)商業銀行,12625,5710,17,55,21,45,0,1.17,756.33,0,0,1,0,0
106,1,本國銀行,台新國際商業銀行#,3817341,2672764,54405,13588,10163,17301,156,0.23,608.01,26,99,242,7,106194
106,1,本國銀行,大眾商業銀行#,595585,322893,7087,15169,937,1877,39,0.0,503.15,10,20,32,1,949
106,1,本國銀行,日盛國際商業銀行#,174183,98159,430,753,423,366,7,0.22,200.51,2,4,6,0,86
106,1,本國銀行,安泰商業銀行,181301,69567,519,402,363,450,1,0.32,191.19,0,4,7,0,5
106,1,本國銀行,中國信託商業銀行#,6014181,3871986,64863,33265,14982,25009,582,0.16,632.97,63,157,316,36,102898
106,1,信用卡公司,台灣樂天信用卡股份有限公司,221248,160410,13022,546,140,738,1,0.17,269.73,1,3,16,0,0
106,1,信用卡公司,台灣美國運通國際(股)公司,170083,113398,2747,2728,353,4091,2,0.14,400.0,4,3,81,0,84127
106,1,信用卡公司,台灣永旺信用卡(股)公司,77889,35329,72,3363,264,151,2,0.99,1882.25,2,2,2,0,202
106,1,信用卡公司,香港商台灣環滙亞太信用卡,0,0,0,0,0,0,0,0.0,0.0,0,0,0,0,8271
106,1,信用卡公司,財團法人聯合信用卡處理中心,0,0,0,0,0,0,0,0.0,0.0,0,0,0,0,96675
106,2,本國銀行,臺灣銀行#,242083,122677,6068,1579,218,598,1,0.31,615.53,3,2,9,0,1321
106,2,本國銀行,臺灣土地銀行,235667,127861,1783,1128,298,799,1,0.35,872.21,3,3,12,0,4123
106,2,本國銀行,合作金庫商業銀行#,457384,281481,4434,4832,650,2324,2,0.56,254.69,3,6,17,0,29833
106,2,本國銀行,第一商業銀行#,953795,637119,8231,9053,1422,3857,12,0.19,1704.3,6,14,40,0,4897
106,2,本國銀行,華南商業銀行#,929788,683984,14301,10958,740,3772,1,0.21,439.94,0,9,64,0,5714
106,2,本國銀行,彰化商業銀行,415858,202821,3435,2851,303,1152,0,0.15,939.33,2,4,17,0,2837
106,2,本國銀行,上海商業儲蓄銀行,357095,176317,2704,1646,691,992,4,0.74,818.56,6,8,16,0,483
106,2,本國銀行,台北富邦銀行#,2305035,1697473,21345,120942,5920,14634,34,0.13,844.71,23,56,222,1,951
106,2,本國銀行,國泰世華商業銀行#,5928560,4198904,57194,36300,15466,31517,153,0.14,2468.59,31,182,293,6,25409
106,2,本國銀行,高雄銀行,10335,4430,55,55,7,100,0,1.07,171.23,0,0,0,0,1019
106,2,本國銀行,兆豐國際商業銀行#,600679,407685,4973,4845,1168,2092,3,0.19,555.57,3,13,35,0,62
106,2,本國銀行,花旗(台灣)商業銀行,2880206,2426280,17358,23411,15391,18021,121,0.66,482.35,0,179,234,3,37226
106,2,本國銀行,澳盛(台灣)商業銀行,536628,323905,4350,4692,2928,2742,17,0.43,231.63,13,36,26,1,730
106,2,本國銀行,臺灣中小企業銀行,326659,123791,502,1994,452,883,2,0.14,138.44,2,5,8,0,41
106,2,本國銀行,渣打國際商業銀行,343681,207290,920,3650,1810,1209,6,0.42,548.11,10,18,18,0,30
106,2,本國銀行,台中商業銀行,204532,79939,1605,1122,249,510,0,2.32,222.11,0,3,6,0,709
106,2,本國銀行,滙豐(台灣)商業銀行,585449,400027,6688,7808,2564,3945,33,0.31,2320.36,8,29,51,1,0
106,2,本國銀行,華泰商業銀行,10125,6032,21,16,22,46,0,1.29,231.25,0,0,1,0,0
106,2,本國銀行,臺灣新光商業銀行#,904813,480421,10698,7961,2023,3557,9,0.25,233.27,5,22,64,0,1957
106,2,本國銀行,陽信商業銀行,90001,49488,1707,1111,243,275,0,1.27,549.18,0,2,3,0,394
106,2,本國銀行,三信商業銀行,16973,11022,203,96,26,123,0,0.34,6342.5,0,0,1,0,0
106,2,本國銀行,聯邦商業銀行,2009697,1104918,22404,21803,4864,6186,55,0.3,119.82,16,43,90,1,10697
106,2,本國銀行,遠東國際商業銀行,1493485,936542,14084,8529,4883,4004,135,0.34,100.3,18,71,37,1,7231
106,2,本國銀行,元大商業銀行#,592977,382340,12136,4641,468,4246,0,0.12,1125.56,2,6,70,0,136
106,2,本國銀行,永豐商業銀行#,1931225,1067475,11939,13901,4786,6022,61,0.4,549.8,15,58,85,2,8026
106,2,本國銀行,玉山商業銀行#,4336540,3014488,44934,22511,11230,21576,114,0.26,950.88,45,94,280,6,46212
106,2,本國銀行,凱基商業銀行#,484556,195606,7134,14654,1072,966,6,0.92,145.45,5,11,8,0,7947
106,2,本國銀行,星展(台灣)商業銀行,12602,5645,17,40,22,42,0,1.08,929.0,0,0,1,0,0
106,2,本國銀行,台新國際商業銀行#,3848454,2683466,46351,15238,10067,17136,115,0.23,613.07,27,90,217,7,107176
106,2,本國銀行,大眾商業銀行#,596146,322609,6802,6208,903,1722,27,0.0,526.86,10,19,29,1,963
106,2,本國銀行,日盛國際商業銀行#,173592,96328,388,979,422,388,4,0.29,226.01,1,4,5,0,90
106,2,本國銀行,安泰商業銀行,181148,68981,523,447,358,386,1,0.36,216.85,0,4,6,0,5
106,2,本國銀行,中國信託商業銀行#,6042236,3888246,69826,36004,14806,24933,458,0.15,616.2,62,137,342,33,102965
106,2,信用卡公司,台灣樂天信用卡股份有限公司,233475,166980,12471,489,152,878,1,0.16,283.25,0,4,20,0,0
106,2,信用卡公司,台灣美國運通國際(股)公司,170153,112369,2755,2685,353,3206,2,0.14,432.5,2,3,67,0,84560
106,2,信用卡公司,台灣永旺信用卡(股)公司,77367,34824,61,666,261,141,2,1.13,1764.85,2,2,2,0,199
106,2,信用卡公司,香港商台灣環滙亞太信用卡,0,0,0,0,0,0,0,0.0,0.0,0,0,0,0,8270
106,2,信用卡公司,財團法人聯合信用卡處理中心,0,0,0,0,0,0,0,0.0,0.0,0,0,0,0,96884
106,3,本國銀行,臺灣銀行#,246554,127515,6035,2031,219,716,2,0.22,620.88,2,3,12,0,1320
106,3,本國銀行,臺灣土地銀行,238923,128368,4197,1592,303,901,1,0.49,790.6,2,4,13,0,4115
106,3,本國銀行,合作金庫商業銀行#,460340,283855,7299,4453,628,2856,3,0.4,246.42,7,6,24,0,29585
106,3,本國銀行,第一商業銀行#,958755,636254,12413,11055,1406,4431,16,0.21,1625.43,6,12,53,0,5051
106,3,本國銀行,華南商業銀行#,941621,696201,23884,11502,827,4327,2,0.08,739.49,16,10,73,0,5697
106,3,本國銀行,彰化商業銀行,418948,203792,5331,3412,353,1321,0,0.38,528.27,2,4,19,0,2989
106,3,本國銀行,上海商業儲蓄銀行,360783,180941,5571,1883,686,1141,7,1.03,656.47,0,8,19,0,490
106,3,本國銀行,台北富邦銀行#,2310957,1716673,29896,23974,5816,20687,57,0.15,777.48,22,79,279,2,978
106,3,本國銀行,國泰世華商業銀行#,5962349,4207495,75877,42088,14981,41143,245,0.14,2477.73,35,163,377,6,26482
106,3,本國銀行,高雄銀行,10333,4358,62,65,8,136,0,0.91,165.45,0,0,1,0,1013
106,3,本國銀行,兆豐國際商業銀行#,601327,405872,5856,5208,1106,2449,4,0.19,566.98,4,17,36,0,62
106,3,本國銀行,花旗(台灣)商業銀行,2861481,2432340,22321,30738,15917,19236,185,0.54,600.88,117,196,250,5,37065
106,3,本國銀行,澳盛(台灣)商業銀行,537755,325002,6142,5147,2916,3201,27,0.42,264.56,15,48,28,1,730
106,3,本國銀行,臺灣中小企業銀行,324713,123126,751,2697,436,917,4,0.2,135.32,3,6,9,0,67
106,3,本國銀行,渣打國際商業銀行,341006,206715,1664,4602,1772,1350,11,0.47,543.26,8,19,21,0,30
106,3,本國銀行,台中商業銀行,205546,80194,2403,1351,272,584,0,2.68,209.46,0,3,8,0,707
106,3,本國銀行,滙豐(台灣)商業銀行,584317,398519,8317,9449,2555,4675,48,0.33,2348.01,10,32,64,1,0
106,3,本國銀行,華泰商業銀行,10185,6035,88,28,18,55,0,0.87,236.68,0,0,1,0,0
106,3,本國銀行,臺灣新光商業銀行#,912987,483775,15755,7581,1948,4333,13,0.27,234.87,7,24,71,0,1959
106,3,本國銀行,陽信商業銀行,91581,49195,2822,1245,230,312,0,0.08,1142.85,8,3,3,0,443
106,3,本國銀行,三信商業銀行,17000,11105,219,107,29,108,0,0.28,6945.27,0,0,1,0,0
106,3,本國銀行,聯邦商業銀行,2008953,1103764,29743,30487,4877,6980,75,0.29,121.13,16,42,99,1,10729
106,3,本國銀行,遠東國際商業銀行,1499280,959883,16553,10792,4538,4517,234,0.34,100.51,18,67,52,1,7232
106,3,本國銀行,元大商業銀行#,610002,395101,20381,5553,502,5286,1,0.12,1204.93,2,6,89,0,137
106,3,本國銀行,永豐商業銀行#,1858776,1068362,15901,88350,4762,7335,104,0.39,575.66,17,53,101,2,8004
106,3,本國銀行,玉山商業銀行#,4368926,3035991,57240,24854,11306,24610,202,0.26,936.73,44,181,334,6,46719
106,3,本國銀行,凱基商業銀行#,484197,196927,12145,12479,1071,1114,9,0.91,139.13,6,15,9,0,8121
106,3,本國銀行,星展(台灣)商業銀行,12571,5610,25,56,21,57,0,0.19,4077.28,0,0,1,0,0
106,3,本國銀行,台新國際商業銀行#,3889025,2721683,58663,18092,10041,18887,197,0.24,630.05,25,98,249,9,108374
106,3,本國銀行,大眾商業銀行#,576380,324600,8133,27768,909,2081,55,0.0,534.92,10,19,36,1,1015
106,3,本國銀行,日盛國際商業銀行#,173129,96188,533,996,416,435,5,0.35,194.75,1,4,6,0,94
106,3,本國銀行,安泰商業銀行,181274,68798,908,486,352,459,1,0.44,225.32,0,3,7,0,5
106,3,本國銀行,中國信託商業銀行#,6061006,3889999,77604,48960,14930,28783,750,0.16,594.18,61,164,423,42,103336
106,3,信用卡公司,台灣樂天信用卡股份有限公司,252784,178580,19666,633,166,1069,2,0.21,229.87,0,4,13,0,0
106,3,信用卡公司,台灣美國運通國際(股)公司,170659,112693,3954,3448,348,3663,2,0.17,373.66,3,3,77,0,84811
106,3,信用卡公司,台灣永旺信用卡(股)公司,76447,34695,77,1021,259,120,2,1.11,1662.24,1,2,2,0,194
106,3,信用卡公司,香港商台灣環滙亞太信用卡,0,0,0,0,0,0,0,0.0,0.0,0,0,0,0,8210
106,3,信用卡公司,財團法人聯合信用卡處理中心,0,0,0,0,0,0,0,0.0,0.0,0,0,0,0,97169
106,4,本國銀行,臺灣銀行#,249049,130432,4125,1967,215,573,1,0.1,978.42,1,2,9,0,1318
106,4,本國銀行,臺灣土地銀行,242043,129430,4602,1079,305,767,1,0.57,555.17,2,3,11,0,4124
106,4,本國銀行,合作金庫商業銀行#,461821,284875,5696,4330,653,2529,3,0.4,254.48,5,7,20,0,29796
106,4,本國銀行,第一商業銀行#,963633,636700,10220,8007,1406,3636,13,0.23,1592.25,6,13,43,0,5257
106,4,本國銀行,華南商業銀行#,953173,705994,21624,9542,794,3616,1,0.18,459.08,0,9,65,0,5708
106,4,本國銀行,彰化商業銀行,420323,202701,3405,2748,291,1097,1,0.27,737.34,3,5,16,0,3201
106,4,本國銀行,上海商業儲蓄銀行,361550,182365,2353,1586,687,902,7,0.76,932.53,6,8,15,0,493
106,4,本國銀行,台北富邦銀行#,2315884,1719036,23880,18953,5856,15753,48,0.14,810.57,26,63,212,2,993
106,4,本國銀行,國泰世華商業銀行#,5984723,4219214,58106,35732,15443,30113,192,0.15,2443.2,31,174,293,7,27833
106,4,本國銀行,高雄銀行,10326,4278,31,38,8,125,0,0.33,288.62,1,0,0,0,1004
106,4,本國銀行,兆豐國際商業銀行#,601732,402990,4792,4387,1133,2238,5,0.21,566.98,3,15,38,0,62
106,4,本國銀行,花旗(台灣)商業銀行,2871299,2436064,27956,27249,16126,18683,166,0.52,603.83,60,194,242,5,36974
106,4,本國銀行,澳盛(台灣)商業銀行,538139,323194,4752,4273,2860,2699,21,0.4,271.46,15,35,23,1,728
106,4,本國銀行,臺灣中小企業銀行,323452,122670,642,1903,436,852,3,0.12,149.12,3,6,8,0,93
106,4,本國銀行,渣打國際商業銀行,337905,205279,1268,3916,1768,1101,10,0.44,555.35,11,21,17,0,30
106,4,本國銀行,台中商業銀行,206058,80377,1629,1011,277,489,0,3.07,191.48,0,4,5,0,715
106,4,本國銀行,滙豐(台灣)商業銀行,583118,398806,6439,7638,2495,4070,38,0.31,2338.71,8,29,61,1,0
106,4,本國銀行,華泰商業銀行,10278,6009,121,28,17,47,0,0.91,240.87,0,0,1,0,0
106,4,本國銀行,臺灣新光商業銀行#,918338,487822,11940,6589,1953,3271,9,0.26,231.08,7,22,71,0,1975
106,4,本國銀行,陽信商業銀行,92136,49866,1690,1135,227,266,0,0.26,937.66,0,2,3,0,471
106,4,本國銀行,三信商業銀行,16888,11139,117,93,28,128,0,0.41,5753.63,0,0,1,0,0
106,4,本國銀行,聯邦商業銀行,2012563,1112678,24276,20666,4905,6426,51,0.28,122.17,14,44,96,1,10449
106,4,本國銀行,遠東國際商業銀行,1428491,963932,13106,83921,4793,3639,181,0.31,100.76,16,68,41,1,7247
106,4,本國銀行,元大商業銀行#,620105,406561,12472,4348,467,4319,1,0.12,1184.57,2,6,73,0,139
106,4,本國銀行,永豐商業銀行#,1850935,1056105,11339,19180,4684,5838,86,0.39,574.15,17,56,91,3,8016
106,4,本國銀行,玉山商業銀行#,4387684,3049141,41616,22858,11230,21554,168,0.26,904.12,41,133,278,6,47458
106,4,本國銀行,凱基商業銀行#,483080,194911,16713,17840,1067,895,8,0.87,144.21,7,13,7,0,7582
106,4,本國銀行,星展(台灣)商業銀行,12519,5553,16,68,21,46,0,0.0,136789.47,0,0,1,0,0
106,4,本國銀行,台新國際商業銀行#,3921921,2734783,45658,12762,9857,16617,154,0.24,629.69,24,94,236,8,109653
106,4,本國銀行,大眾商業銀行#,577805,323559,7531,6047,905,1660,48,0.0,542.46,10,17,29,1,1024
106,4,本國銀行,日盛國際商業銀行#,172812,97594,489,806,401,342,4,0.37,182.8,1,4,5,0,100
106,4,本國銀行,安泰商業銀行,180089,68455,638,391,348,378,1,0.18,269.43,7,3,6,0,5
106,4,本國銀行,中國信託商業銀行#,6097453,3912473,68460,33262,14847,23920,630,0.16,595.51,62,150,343,35,103629
106,4,信用卡公司,台灣樂天信用卡股份有限公司,268728,188394,16212,556,162,873,2,0.21,239.34,0,4,18,0,0
106,4,信用卡公司,台灣美國運通國際(股)公司,171027,112550,3218,2850,351,3813,2,0.47,215.83,3,3,75,0,84328
106,4,信用卡公司,台灣永旺信用卡(股)公司,75936,35849,119,684,255,140,2,0.91,2023.5,2,2,2,0,194
106,4,信用卡公司,香港商台灣環滙亞太信用卡,0,0,0,0,0,0,0,0.0,0.0,0,0,0,0,8201
106,4,信用卡公司,財團法人聯合信用卡處理中心,0,0,0,0,0,0,0,0.0,0.0,0,0,0,0,96735
106,5,本國銀行,臺灣銀行#,250436,132017,3424,2419,214,662,1,0.11,1115.43,1,2,11,0,1316
106,5,本國銀行,臺灣土地銀行,245669,130280,4457,1135,311,830,1,0.43,701.86,4,3,11,0,4152
106,5,本國銀行,合作金庫商業銀行#,463358,283858,5673,4198,644,2525,3,0.31,283.64,5,7,22,0,30035
106,5,本國銀行,第一商業銀行#,967585,634277,9571,8583,1413,3936,15,0.22,1572.45,6,14,49,0,5613
106,5,本國銀行,華南商業銀行#,963079,715136,20300,9753,859,4251,2,0.25,390.5,0,9,66,0,5713
106,5,本國銀行,彰化商業銀行,422277,202372,3805,2730,354,1270,1,0.29,580.48,3,4,17,0,3401
106,5,本國銀行,上海商業儲蓄銀行,362254,183031,2451,1747,688,1015,7,0.92,653.08,0,7,17,0,493
106,5,本國銀行,台北富邦銀行#,2327132,1721643,26468,15220,5833,16652,51,0.13,814.42,24,65,256,2,1011
106,5,本國銀行,國泰世華商業銀行#,6014751,4226244,68467,38439,15493,41203,217,0.13,2486.7,34,172,367,7,28143
106,5,本國銀行,高雄銀行,10331,4202,46,41,8,132,0,0.23,368.93,0,0,0,0,997
106,5,本國銀行,兆豐國際商業銀行#,603243,400014,6236,4725,1122,2536,5,0.16,577.36,5,14,38,0,62
106,5,本國銀行,花旗(台灣)商業銀行,2899836,2444341,26572,28397,15701,19972,189,0.64,480.15,0,196,252,6,37194
106,5,本國銀行,澳盛(台灣)商業銀行,539698,324315,5804,4295,2856,2927,24,0.41,265.71,11,39,30,1,728
106,5,本國銀行,臺灣中小企業銀行,325434,122659,4048,2066,430,888,3,0.13,141.64,2,6,8,0,120
106,5,本國銀行,渣打國際商業銀行,334511,203018,1386,4693,1744,1226,11,0.36,569.84,11,20,19,0,30
106,5,本國銀行,台中商業銀行,206417,80039,1670,1118,275,521,0,1.79,288.32,11,4,7,0,697
106,5,本國銀行,滙豐(台灣)商業銀行,583459,398769,7645,7304,2475,4359,46,0.28,2511.52,10,29,66,1,0
106,5,本國銀行,華泰商業銀行,10332,6021,76,22,17,57,0,1.63,221.66,0,0,1,0,0
106,5,本國銀行,臺灣新光商業銀行#,921862,490738,11113,7589,1952,4604,10,0.27,228.85,6,23,74,0,1960
106,5,本國銀行,陽信商業銀行,92737,50980,1720,1118,228,298,0,0.48,776.28,0,3,3,0,437
106,5,本國銀行,三信商業銀行,16620,11105,119,130,29,121,0,0.45,5936.78,0,0,1,0,0
106,5,本國銀行,聯邦商業銀行,2011831,1119448,25485,26217,4971,7534,65,0.27,123.84,14,44,106,1,10503
106,5,本國銀行,遠東國際商業銀行,1435232,964743,13531,6976,4575,4233,190,0.34,100.55,17,67,50,1,8059
106,5,本國銀行,元大商業銀行#,629225,417933,13136,6055,468,4554,1,0.12,1246.49,2,7,76,0,138
106,5,本國銀行,永豐商業銀行#,1861575,1041407,24078,13438,4676,6478,101,0.38,571.39,13,55,106,3,7798
106,5,本國銀行,玉山商業銀行#,4425203,3076926,60807,23288,11242,26460,213,0.26,869.32,41,143,330,7,47732
106,5,本國銀行,凱基商業銀行#,468743,193215,10301,24586,1066,986,8,0.76,138.73,6,13,8,0,3828
106,5,本國銀行,星展(台灣)商業銀行,12419,5505,62,162,21,52,0,0.0,43151.82,0,0,1,0,0
106,5,本國銀行,台新國際商業銀行#,3974064,2762337,65692,13549,9930,19587,141,0.23,629.68,24,97,257,8,111572
106,5,本國銀行,大眾商業銀行#,577684,323606,6837,6912,915,1836,52,0.03,533.12,8,18,33,1,1064
106,5,本國銀行,日盛國際商業銀行#,172531,98997,520,801,414,409,4,0.35,172.32,2,4,5,0,105
106,5,本國銀行,安泰商業銀行,176838,68282,620,428,343,446,1,0.27,285.08,0,3,7,0,5
106,5,本國銀行,中國信託商業銀行#,6133357,3929785,90891,46544,15051,28368,695,0.14,597.88,66,159,412,37,103403
106,5,信用卡公司,台灣樂天信用卡股份有限公司,283795,198999,15418,649,173,966,2,0.21,229.76,0,4,16,0,0
106,5,信用卡公司,台灣美國運通國際(股)公司,170746,112616,2915,3196,351,3966,2,0.5,186.86,1,3,75,0,84129
106,5,信用卡公司,台灣永旺信用卡(股)公司,75394,35207,169,743,256,130,2,0.76,2177.64,2,2,2,0,193
106,5,信用卡公司,香港商台灣環滙亞太信用卡,0,0,0,0,0,0,0,0.0,0.0,0,0,0,0,8179
106,5,信用卡公司,財團法人聯合信用卡處理中心,0,0,0,0,0,0,0,0.0,0.0,0,0,0,0,97429
106,6,本國銀行,臺灣銀行#,252030,133994,3366,2157,213,809,1,0.13,964.19,1,2,12,0,1308
106,6,本國銀行,臺灣土地銀行,250897,132392,5949,1122,316,1044,1,0.27,1337.36,3,3,14,0,4160
106,6,本國銀行,合作金庫商業銀行#,465676,284667,6512,4359,658,4438,3,0.22,281.23,5,7,18,0,30185
106,6,本國銀行,第一商業銀行#,971153,637772,10326,9915,1436,5219,17,0.19,1641.2,6,13,49,0,5696
106,6,本國銀行,華南商業銀行#,979116,728091,26763,10135,889,5677,2,0.05,953.73,18,9,69,0,5707
106,6,本國銀行,彰化商業銀行,424323,203151,3890,2778,360,2519,1,0.2,605.02,2,4,19,0,3670
106,6,本國銀行,上海商業儲蓄銀行,362268,185262,2318,2304,694,1425,8,0.56,1026.15,7,7,20,0,497
106,6,本國銀行,台北富邦銀行#,2338308,1732731,31746,20570,5670,22528,60,0.12,888.96,24,61,267,2,1028
106,6,本國銀行,國泰世華商業銀行#,6039950,4246296,64690,39491,15588,46889,244,0.11,2569.52,35,179,361,7,28851
106,6,本國銀行,高雄銀行,10338,4129,45,39,8,147,0,0.15,483.14,0,0,0,0,999
106,6,本國銀行,兆豐國際商業銀行#,607085,399060,7628,3786,1117,3949,4,0.15,608.03,1,15,41,0,62
106,6,本國銀行,花旗(台灣)商業銀行,2906047,2456011,26163,30149,16009,20987,192,0.61,492.48,63,193,252,6,37209
106,6,本國銀行,澳盛(台灣)商業銀行,540916,323431,5635,4440,2842,3493,24,0.39,223.26,10,38,24,1,728
106,6,本國銀行,臺灣中小企業銀行,326607,124346,3775,2602,434,1230,4,0.11,131.11,2,7,8,0,153
106,6,本國銀行,渣打國際商業銀行,330557,201665,1652,4567,1754,1493,10,0.34,570.86,8,20,20,0,30
106,6,本國銀行,台中商業銀行,206983,80359,1935,1316,287,652,0,1.97,239.98,0,4,7,0,689
106,6,本國銀行,滙豐(台灣)商業銀行,583808,399211,8808,8459,2459,5416,44,0.22,2764.09,10,29,65,1,0
106,6,本國銀行,華泰商業銀行,10394,6027,96,34,17,65,0,0.71,248.32,1,0,1,0,0
106,6,本國銀行,臺灣新光商業銀行#,923109,492159,10316,9069,1929,5742,11,0.22,227.54,5,23,68,0,1857
106,6,本國銀行,陽信商業銀行,93044,50683,1187,1669,228,314,0,0.26,922.77,3,3,3,0,458
106,6,本國銀行,三信商業銀行,16464,11093,138,92,29,127,0,0.2,7905.52,0,0,1,0,0
106,6,本國銀行,聯邦商業銀行,2011326,1126393,26830,26885,5065,8132,71,0.27,123.65,14,46,101,1,10432
106,6,本國銀行,遠東國際商業銀行,1441945,961262,13508,6917,4512,5363,222,0.34,100.53,18,69,43,1,8064
106,6,本國銀行,元大商業銀行#,605237,428617,13173,39129,527,5946,1,0.11,1170.28,2,7,90,0,139
106,6,本國銀行,永豐商業銀行#,1836342,1038061,14570,39803,4669,8946,120,0.34,598.62,16,55,97,3,7852
106,6,本國銀行,玉山商業銀行#,4459673,3109359,59758,25288,11392,39036,289,0.23,805.09,39,145,347,8,47768
106,6,本國銀行,凱基商業銀行#,460688,192734,7650,15753,1058,1483,9,0.67,148.94,5,13,10,0,3817
106,6,本國銀行,星展(台灣)商業銀行,12370,5473,29,78,22,57,0,0.06,10661.41,0,0,1,0,0
106,6,本國銀行,台新國際商業銀行#,4020610,2793273,62005,15459,9915,28826,178,0.2,657.93,26,94,255,9,112865
106,6,本國銀行,大眾商業銀行#,578136,324143,7201,6690,933,2273,53,0.0,575.26,13,18,33,1,1083
106,6,本國銀行,日盛國際商業銀行#,172430,100746,548,649,402,487,4,0.28,179.58,2,4,6,0,121
106,6,本國銀行,安泰商業銀行,172007,68080,812,418,340,445,1,0.38,303.88,0,3,7,0,5
106,6,本國銀行,中國信託商業銀行#,6162937,3961419,74987,44703,15225,54838,730,0.1,595.94,59,157,413,42,103509
106,6,信用卡公司,台灣樂天信用卡股份有限公司,300183,210722,16708,668,204,1085,2,0.2,231.11,1,4,17,0,0
106,6,信用卡公司,台灣美國運通國際(股)公司,170733,112006,3326,3339,346,3913,2,0.51,190.93,3,3,79,0,83067
106,6,信用卡公司,台灣永旺信用卡(股)公司,74800,33177,111,745,254,139,3,0.77,2564.38,2,2,2,0,194
106,6,信用卡公司,香港商台灣環滙亞太信用卡,0,0,0,0,0,0,0,0.0,0.0,0,0,0,0,8131
106,6,信用卡公司,財團法人聯合信用卡處理中心,0,0,0,0,0,0,0,0.0,0.0,0,0,0,0,97442
106,7,本國銀行,臺灣銀行#,252292,133053,1043,1110,216,614,1,0.3,536.75,1,2,9,0,1299
106,7,本國銀行,臺灣土地銀行,255117,134157,5377,1229,327,807,1,0.25,1341.37,2,3,12,0,4195
106,7,本國銀行,合作金庫商業銀行#,467268,285610,6046,4558,685,2639,3,0.28,274.72,6,7,18,0,30240
106,7,本國銀行,第一商業銀行#,975933,639996,10800,8845,1428,3924,14,0.21,1647.5,6,13,44,0,5757
106,7,本國銀行,華南商業銀行#,990044,738374,22740,9832,918,3801,2,0.13,597.01,0,10,64,0,5734
106,7,本國銀行,彰化商業銀行,425612,202799,2983,2725,368,1238,1,0.33,677.01,1,5,17,0,3837
106,7,本國銀行,上海商業儲蓄銀行,361786,185736,1499,1981,688,1051,7,0.64,845.97,0,8,18,0,489
106,7,本國銀行,台北富邦銀行#,2344653,1740762,26032,19687,5650,16865,50,0.12,836.41,22,64,227,2,1054
106,7,本國銀行,國泰世華商業銀行#,6058456,4263507,54231,35725,15764,30925,206,0.13,2549.63,35,177,315,7,29600
106,7,本國銀行,高雄銀行,10413,4308,121,46,8,171,0,0.13,478.87,0,0,0,0,993
106,7,本國銀行,兆豐國際商業銀行#,614896,401444,11814,4003,1120,2467,4,0.19,541.44,4,15,39,0,62
106,7,本國銀行,花旗(台灣)商業銀行,2892195,2462655,21035,34195,15816,19510,176,0.51,616.93,106,202,253,5,36840
106,7,本國銀行,澳盛(台灣)商業銀行,541612,323880,5207,4453,2853,2766,23,0.4,223.84,13,46,26,1,728
106,7,本國銀行,臺灣中小企業銀行,326209,125126,1956,2354,436,870,3,0.12,224.53,3,6,9,0,180
106,7,本國銀行,渣打國際商業銀行,327916,200320,2277,3996,1731,1179,10,0.41,558.33,10,20,18,0,30
106,7,本國銀行,台中商業銀行,207564,79921,1711,1036,273,492,0,1.15,424.79,9,4,6,0,687
106,7,本國銀行,滙豐(台灣)商業銀行,584305,400520,7579,7082,2461,4389,42,0.24,2647.97,10,30,66,1,0
106,7,本國銀行,華泰商業銀行,10431,6073,60,23,16,51,0,0.86,251.83,0,0,2,0,0
106,7,本國銀行,臺灣新光商業銀行#,919530,490549,7062,10641,1938,3737,11,0.27,225.47,6,24,66,0,1868
106,7,本國銀行,陽信商業銀行,93556,50745,1188,838,232,269,0,0.65,653.04,0,1,3,0,470
106,7,本國銀行,三信商業銀行,16420,11042,130,67,28,111,0,0.17,8797.11,0,0,1,0,0
106,7,本國銀行,聯邦商業銀行,2008947,1131467,22223,24602,5128,7088,56,0.29,123.22,15,46,106,1,10463
106,7,本國銀行,遠東國際商業銀行,1449650,959280,14018,6366,4608,4097,204,0.38,100.5,17,68,45,1,8590
106,7,本國銀行,元大商業銀行#,614286,433840,11401,4186,484,4463,1,0.12,1231.11,2,7,74,0,139
106,7,本國銀行,永豐商業銀行#,1830759,1039465,13334,18917,4689,6402,98,0.35,602.58,15,54,102,3,7742
106,7,本國銀行,玉山商業銀行#,4483142,3124672,46871,23402,11674,25741,265,0.25,811.42,42,161,335,8,48777
106,7,本國銀行,凱基商業銀行#,455603,192472,5696,10772,1061,939,9,0.72,125.51,4,13,7,0,3896
106,7,本國銀行,星展(台灣)商業銀行,12330,5380,34,74,23,51,0,0.44,2601.37,0,0,1,0,0
106,7,本國銀行,台新國際商業銀行#,4033292,2822709,46137,33455,10020,19133,206,0.19,704.65,26,99,263,8,114244
106,7,本國銀行,大眾商業銀行#,566498,322707,6662,18205,952,1799,46,0.0,584.57,11,18,31,1,1073
106,7,本國銀行,日盛國際商業銀行#,172279,101110,450,601,397,370,4,0.3,190.98,2,4,5,0,125
106,7,本國銀行,安泰商業銀行,165534,67231,750,477,339,415,1,0.46,314.88,0,3,6,0,5
106,7,本國銀行,中國信託商業銀行#,6191236,3975964,70627,41575,15584,28607,659,0.13,586.44,58,168,408,37,102821
106,7,信用卡公司,台灣樂天信用卡股份有限公司,313263,220039,13383,630,222,1085,2,0.23,429.19,0,5,17,0,0
106,7,信用卡公司,台灣美國運通國際(股)公司,170825,111931,3198,3106,352,3684,2,0.19,348.17,17,3,77,0,83583
106,7,信用卡公司,台灣永旺信用卡(股)公司,74168,32791,72,737,254,131,2,0.8,2494.05,1,2,2,0,198
106,7,信用卡公司,香港商台灣環滙亞太信用卡,0,0,0,0,0,0,0,0.0,0.0,0,0,0,0,8082
106,7,信用卡公司,財團法人聯合信用卡處理中心,0,0,0,0,0,0,0,0.0,0.0,0,0,0,0,97364
106,8,本國銀行,臺灣銀行#,250583,130719,1047,3179,215,700,1,0.27,501.59,1,2,11,0,1297
106,8,本國銀行,臺灣土地銀行,258404,137169,4579,1357,329,882,1,0.29,942.75,1,4,13,0,4213
106,8,本國銀行,合作金庫商業銀行#,469901,286370,6882,4349,676,2926,3,0.27,270.71,5,7,21,0,30382
106,8,本國銀行,第一商業銀行#,982889,641282,13567,9629,1449,4397,17,0.18,1818.32,6,14,50,0,5886
106,8,本國銀行,華南商業銀行#,1012112,759422,32281,9886,914,4314,2,0.2,423.4,0,10,71,0,5686
106,8,本國銀行,彰化商業銀行,427191,202949,3146,2777,364,1331,1,0.28,628.68,2,5,20,0,4041
106,8,本國銀行,上海商業儲蓄銀行,361434,186460,1713,2065,680,1140,8,0.57,1008.15,4,7,19,0,496
106,8,本國銀行,台北富邦銀行#,2349494,1749696,23748,18907,5564,18969,57,0.12,849.48,22,63,245,2,984
106,8,本國銀行,國泰世華商業銀行#,5988160,4300324,57012,127308,15852,40807,233,0.12,2562.07,29,181,511,7,30806
106,8,本國銀行,高雄銀行,10553,4501,217,77,9,156,0,0.19,403.29,0,0,0,0,990
106,8,本國銀行,兆豐國際商業銀行#,628943,413814,18712,4665,1113,2584,5,0.19,555.69,3,14,38,0,60
106,8,本國銀行,花旗(台灣)商業銀行,2893290,2470965,23034,23630,16097,20004,192,0.49,633.98,53,200,258,6,37005
106,8,本國銀行,澳盛(台灣)商業銀行,542722,324966,5692,4594,2848,2988,23,0.41,222.87,13,39,28,1,728
106,8,本國銀行,臺灣中小企業銀行,325788,126427,1910,2331,433,1031,4,0.15,218.28,2,6,9,0,221
106,8,本國銀行,渣打國際商業銀行,326948,200226,3878,4013,1720,1276,10,0.49,538.57,9,20,19,0,30
106,8,本國銀行,台中商業銀行,208532,80650,2134,1145,270,569,0,1.31,344.85,0,3,6,0,689
106,8,本國銀行,滙豐(台灣)商業銀行,586476,402385,9457,7286,2434,4840,49,0.26,2528.3,6,29,67,1,0
106,8,本國銀行,華泰商業銀行,10460,6129,62,33,16,50,0,1.03,249.84,0,0,1,0,0
106,8,本國銀行,臺灣新光商業銀行#,913705,490338,7372,13197,1907,3951,11,0.25,229.2,6,22,64,0,1878
106,8,本國銀行,陽信商業銀行,94203,50788,1199,941,228,315,0,0.77,620.61,0,2,3,0,486
106,8,本國銀行,三信商業銀行,16349,11008,144,84,28,124,0,0.32,6833.0,0,0,1,0,0
106,8,本國銀行,聯邦商業銀行,2008893,1136130,23947,24001,5219,7375,76,0.29,120.7,16,48,105,1,10472
106,8,本國銀行,遠東國際商業銀行,1456557,960943,14861,7988,4456,4387,219,0.38,100.6,18,68,44,1,8647
106,8,本國銀行,元大商業銀行#,623564,440825,11902,5053,480,5047,1,0.11,1198.1,2,7,83,0,138
106,8,本國銀行,永豐商業銀行#,1827861,1043873,15750,18648,4676,6949,105,0.37,587.96,13,57,97,3,7655
106,8,本國銀行,玉山商業銀行#,4507083,3147153,51294,27353,11727,27052,296,0.24,799.93,41,164,358,8,49463
106,8,本國銀行,凱基商業銀行#,451788,192734,4899,8712,1051,1067,9,0.84,122.09,4,13,8,0,4092
106,8,本國銀行,星展(台灣)商業銀行,12307,5417,31,54,21,55,0,0.41,2511.41,0,0,1,0,0
106,8,本國銀行,台新國際商業銀行#,4027192,2841303,50348,56448,10078,20607,265,0.18,719.26,24,100,273,10,115110
106,8,本國銀行,大眾商業銀行#,568437,322608,6902,4906,956,2002,50,0.0,596.09,10,18,33,1,1108
106,8,本國銀行,日盛國際商業銀行#,172169,100267,456,566,391,443,3,0.28,189.6,1,4,5,0,140
106,8,本國銀行,安泰商業銀行,161471,67400,761,437,335,457,1,0.29,369.7,5,3,7,0,5
106,8,本國銀行,中國信託商業銀行#,6219919,3992643,73899,44498,15708,32480,730,0.13,573.52,61,166,459,40,102582
106,8,信用卡公司,台灣樂天信用卡股份有限公司,326722,229467,13837,793,232,1176,3,0.22,471.62,1,5,18,0,0
106,8,信用卡公司,台灣美國運通國際(股)公司,170555,112341,2909,3179,348,4066,1,0.22,410.96,2,3,76,0,83705
106,8,信用卡公司,台灣永旺信用卡(股)公司,73673,32633,139,664,254,128,2,0.75,2576.75,2,2,2,0,200
106,8,信用卡公司,香港商台灣環滙亞太信用卡,0,0,0,0,0,0,0,0.0,0.0,0,0,0,0,8114
106,8,信用卡公司,財團法人聯合信用卡處理中心,0,0,0,0,0,0,0,0.0,0.0,0,0,0,0,97426
106,9,本國銀行,臺灣銀行#,249067,128304,908,2830,214,643,1,0.23,628.49,1,2,10,0,1284
106,9,本國銀行,臺灣土地銀行,261268,138377,3977,1226,336,830,1,0.3,1159.55,2,3,14,0,4220
106,9,本國銀行,合作金庫商業銀行#,471171,288660,5726,4562,685,2598,3,0.27,294.66,5,7,20,0,30800
106,9,本國銀行,第一商業銀行#,990072,646202,13270,9226,1442,4151,15,0.19,1757.54,6,14,45,0,6102
106,9,本國銀行,華南商業銀行#,1024239,767397,22079,9455,942,4067,2,0.06,819.12,17,10,66,0,5683
106,9,本國銀行,彰化商業銀行,428440,202838,2800,2527,368,1323,1,0.25,709.7,2,4,18,0,4290
106,9,本國銀行,上海商業儲蓄銀行,361141,185174,1772,2065,697,1063,7,0.72,796.64,0,7,17,0,510
106,9,本國銀行,台北富邦銀行#,2353892,1743122,21441,17043,5552,17221,55,0.12,844.39,21,61,230,2,979
106,9,本國銀行,國泰世華商業銀行#,5998715,4296222,52664,42109,15969,35635,220,0.12,2613.35,35,184,541,7,36573
106,9,本國銀行,高雄銀行,10611,4541,113,56,8,157,0,0.12,548.13,0,0,0,0,989
106,9,本國銀行,兆豐國際商業銀行#,638937,423495,14006,4012,1118,2591,5,0.19,553.77,3,15,40,0,60
106,9,本國銀行,花旗(台灣)商業銀行,2893841,2468804,23722,24791,16064,19276,187,0.5,628.25,52,168,246,5,36526
106,9,本國銀行,澳盛(台灣)商業銀行,542467,323350,5710,5809,2841,2789,27,0.42,199.92,11,38,26,1,728
106,9,本國銀行,臺灣中小企業銀行,325686,126955,2140,2242,437,945,3,0.13,218.4,2,6,9,0,401
106,9,本國銀行,渣打國際商業銀行,325835,198534,3223,3786,1709,1186,9,0.51,541.52,10,19,17,0,30
106,9,本國銀行,台中商業銀行,209531,81167,2166,1146,271,542,0,0.94,430.84,6,4,6,0,668
106,9,本國銀行,滙豐(台灣)商業銀行,588545,404724,9790,7721,2417,4670,47,0.29,2323.87,8,29,67,1,0
106,9,本國銀行,華泰商業銀行,10456,6158,27,31,16,51,0,0.1,294.53,0,0,1,0,0
106,9,本國銀行,臺灣新光商業銀行#,909495,485974,7443,11653,1902,3703,13,0.27,228.94,6,23,63,0,1896
106,9,本國銀行,陽信商業銀行,94881,50827,1167,680,224,307,0,0.28,915.14,4,2,3,0,512
106,9,本國銀行,三信商業銀行,16278,10974,113,63,28,123,0,0.41,6186.47,0,0,1,0,0
106,9,本國銀行,聯邦商業銀行,2012530,1142192,21550,17913,5283,7000,63,0.29,119.88,16,48,99,1,10502
106,9,本國銀行,遠東國際商業銀行,1465033,953703,14420,5984,4457,4210,210,0.36,100.49,17,69,41,1,8652
106,9,本國銀行,元大商業銀行#,633214,447237,12310,5283,533,4833,1,0.11,1192.94,2,7,79,0,135
106,9,本國銀行,永豐商業銀行#,1830071,1031982,15421,13211,4694,6415,103,0.36,595.1,15,56,92,3,7585
106,9,本國銀行,玉山商業銀行#,4526228,3166681,48812,29667,11836,26178,300,0.25,761.01,45,163,323,8,51030
106,9,本國銀行,凱基商業銀行#,449251,191915,4529,7090,1055,1078,8,0.75,133.98,7,13,9,0,4198
106,9,本國銀行,星展(台灣)商業銀行,11875,5466,15,447,21,49,0,0.05,10901.87,0,0,1,0,0
106,9,本國銀行,台新國際商業銀行#,4037101,2854798,44876,34967,10104,19891,273,0.19,723.32,23,98,257,10,117224
106,9,本國銀行,大眾商業銀行#,570264,320896,6617,4728,957,1856,49,0.0,589.21,11,19,31,1,1125
106,9,本國銀行,日盛國際商業銀行#,171967,100904,472,674,386,432,5,0.23,189.46,1,4,5,0,145
106,9,本國銀行,安泰商業銀行,158125,67616,816,395,332,455,1,0.4,372.0,0,3,7,0,5
106,9,本國銀行,中國信託商業銀行#,6252996,4024830,75986,42647,15881,32620,715,0.12,583.2,66,165,459,40,102901
106,9,信用卡公司,台灣樂天信用卡股份有限公司,339599,234146,13246,776,244,1145,2,0.23,516.02,1,5,16,0,0
106,9,信用卡公司,台灣美國運通國際(股)公司,169267,111964,2423,3711,354,4038,2,0.28,314.33,3,3,82,0,84110
106,9,信用卡公司,台灣永旺信用卡(股)公司,73235,32274,195,660,252,140,3,0.6,2641.27,2,2,2,0,198
106,9,信用卡公司,香港商台灣環滙亞太信用卡,0,0,0,0,0,0,0,0.0,0.0,0,0,0,0,8005
106,9,信用卡公司,財團法人聯合信用卡處理中心,0,0,0,0,0,0,0,0.0,0.0,0,0,0,0,97527
106,10,本國銀行,臺灣銀行#,246050,125126,696,4070,218,651,1,0.21,626.29,1,2,10,0,1250
106,10,本國銀行,臺灣土地銀行,263079,139434,2959,1299,345,820,1,0.37,817.35,2,4,12,0,4233
106,10,本國銀行,合作金庫商業銀行#,472860,289981,5140,3546,694,2828,3,0.28,299.54,4,7,21,0,30928
106,10,本國銀行,第一商業銀行#,993999,647280,9923,8796,1456,4253,15,0.21,1621.79,6,14,48,0,6354
106,10,本國銀行,華南商業銀行#,1038322,780699,24052,9184,889,4219,2,0.14,522.69,0,10,70,0,5700
106,10,本國銀行,彰化商業銀行,427901,201562,1848,2268,371,1243,1,0.33,664.16,1,4,18,0,4458
106,10,本國銀行,上海商業儲蓄銀行,360320,184784,1508,2329,713,990,6,0.64,1000.98,4,7,17,0,510
106,10,本國銀行,台北富邦銀行#,2353966,1744029,18217,18143,5525,16254,58,0.13,804.74,21,63,227,2,982
106,10,本國銀行,國泰世華商業銀行#,6000722,4307600,49273,47266,16031,35367,209,0.12,2627.82,32,180,390,6,37423
106,10,本國銀行,高雄銀行,10659,4551,84,36,9,161,0,0.27,300.08,0,0,0,0,982
106,10,本國銀行,兆豐國際商業銀行#,649642,431855,14550,3845,1121,2739,5,0.19,554.28,3,14,46,0,60
106,10,本國銀行,花旗(台灣)商業銀行,2894123,2467472,20085,21253,16096,20597,195,0.62,491.65,0,176,267,5,36650
106,10,本國銀行,澳盛(台灣)商業銀行,541329,321598,4891,5978,2867,2547,22,0.43,199.66,12,40,23,1,728
106,10,本國銀行,臺灣中小企業銀行,325264,127343,1333,1755,439,952,3,0.12,216.31,2,6,8,0,441
106,10,本國銀行,渣打國際商業銀行,323729,197621,2579,4132,1700,1191,8,0.51,548.83,12,20,17,0,30
106,10,本國銀行,台中商業銀行,209943,81227,1626,1212,274,525,0,1.34,347.4,0,4,6,0,668
106,10,本國銀行,滙豐(台灣)商業銀行,589457,406672,7783,6871,2410,4795,40,0.3,2298.31,9,29,72,1,0
106,10,本國銀行,華泰商業銀行,10438,6139,18,36,17,49,0,0.14,302.48,0,0,1,0,0
106,10,本國銀行,臺灣新光商業銀行#,898433,485556,6412,17474,1909,3918,10,0.26,231.89,7,22,67,0,1906
106,10,本國銀行,陽信商業銀行,93251,50288,1089,2902,225,277,0,0.48,766.91,0,2,3,0,542
106,10,本國銀行,三信商業銀行,16124,10870,93,119,28,108,0,0.25,8252.7,0,0,1,0,0
106,10,本國銀行,聯邦商業銀行,2018121,1141298,21878,16287,5327,7212,60,0.29,120.92,16,48,107,1,9558
106,10,本國銀行,遠東國際商業銀行,1475967,958308,17164,6255,4440,4618,164,0.32,100.62,17,67,58,1,8677
106,10,本國銀行,元大商業銀行#,639535,453009,8590,4837,494,5070,1,0.1,1187.9,2,7,86,0,138
106,10,本國銀行,永豐商業銀行#,1828533,1034145,13078,14643,4688,6614,99,0.38,576.06,15,54,105,3,7602
106,10,本國銀行,玉山商業銀行#,4541768,3186104,44860,29320,12060,25117,297,0.25,765.44,45,162,343,8,51606
106,10,本國銀行,凱基商業銀行#,447922,192296,5091,6438,1059,941,8,0.81,124.41,7,13,8,0,4305
106,10,本國銀行,星展(台灣)商業銀行,11738,5451,9,146,22,48,0,0.8,1510.08,0,0,1,0,0
106,10,本國銀行,台新國際商業銀行#,4052114,2880065,44026,29013,10236,21021,252,0.19,719.29,22,103,286,11,118516
106,10,本國銀行,大眾商業銀行#,569975,318390,5710,5922,922,1703,45,0.01,609.31,8,18,29,1,1141
106,10,本國銀行,日盛國際商業銀行#,171788,100225,407,586,382,365,3,0.22,189.05,2,4,5,0,149
106,10,本國銀行,安泰商業銀行,156788,66954,544,403,327,423,1,0.51,368.62,0,3,6,0,5
106,10,本國銀行,中國信託商業銀行#,6282550,4038716,76890,46913,16217,32946,693,0.14,571.87,57,175,478,39,101678
106,10,信用卡公司,台灣樂天信用卡股份有限公司,349815,241186,10602,824,257,1246,3,0.25,484.69,1,5,24,0,0
106,10,信用卡公司,台灣美國運通國際(股)公司,168293,111330,2214,3188,359,3876,2,0.37,241.4,3,3,80,0,84561
106,10,信用卡公司,台灣永旺信用卡(股)公司,72705,32171,129,668,255,129,3,0.49,3508.02,2,2,2,0,199
106,10,信用卡公司,香港商台灣環滙亞太信用卡,0,0,0,0,0,0,0,0.0,0.0,0,0,0,0,7968
106,10,信用卡公司,財團法人聯合信用卡處理中心,0,0,0,0,0,0,0,0.0,0.0,0,0,0,0,97743
106,11,本國銀行,臺灣銀行#,242773,122852,889,4563,217,676,1,0.24,637.32,1,2,12,0,1215
106,11,本國銀行,臺灣土地銀行,264704,140588,3136,1493,346,832,1,0.33,1061.45,3,3,14,0,4241
106,11,本國銀行,合作金庫商業銀行#,475384,293059,6224,3882,693,2809,3,0.3,288.09,5,7,22,0,31094
106,11,本國銀行,第一商業銀行#,996709,650873,9654,9930,1461,4590,17,0.18,1709.81,6,14,56,0,6563
106,11,本國銀行,華南商業銀行#,1049237,790854,21587,9706,982,4816,2,0.2,411.63,0,10,78,0,5719
106,11,本國銀行,彰化商業銀行,426882,201302,1813,2759,367,1376,1,0.33,632.84,2,4,20,0,4653
106,11,本國銀行,上海商業儲蓄銀行,359225,185120,1360,2455,684,1119,8,0.79,706.99,0,7,19,0,509
106,11,本國銀行,台北富邦銀行#,2359985,1745757,20382,14363,5513,17533,62,0.12,819.17,20,59,236,3,1003
106,11,本國銀行,國泰世華商業銀行#,6019759,4340213,64965,45929,16295,40473,235,0.11,2651.49,32,186,419,7,44082
106,11,本國銀行,高雄銀行,10694,4545,77,43,8,153,0,0.39,232.48,0,0,1,0,986
106,11,本國銀行,兆豐國際商業銀行#,660165,442634,14755,4232,1130,2779,4,0.19,535.06,4,14,46,0,63
106,11,本國銀行,花旗(台灣)商業銀行,2897396,2472218,24689,22658,16208,21693,194,0.45,636.32,103,132,285,6,36646
106,11,本國銀行,澳盛(台灣)商業銀行,539541,320403,3258,5068,2853,2740,24,0.42,202.89,13,37,25,1,728
106,11,本國銀行,臺灣中小企業銀行,324945,127688,1639,1958,435,975,3,0.11,223.67,2,6,9,0,500
106,11,本國銀行,渣打國際商業銀行,328852,197366,10431,4271,1668,1226,9,0.45,566.1,10,19,19,0,30
106,11,本國銀行,台中商業銀行,210452,84271,1919,1481,268,596,0,0.88,474.79,5,4,8,0,664
106,11,本國銀行,滙豐(台灣)商業銀行,590303,408804,8134,7288,2387,5440,45,0.26,2417.88,7,29,77,1,0
106,11,本國銀行,華泰商業銀行,10434,6076,34,38,17,50,0,0.65,280.04,0,0,1,0,0
106,11,本國銀行,臺灣新光商業銀行#,891178,481701,5480,12735,1898,4262,13,0.25,228.15,6,23,71,0,1907
106,11,本國銀行,陽信商業銀行,93361,50264,1181,1322,226,324,0,0.87,599.11,0,2,3,0,569
106,11,本國銀行,三信商業銀行,16035,10820,96,73,28,116,0,0.34,7203.52,0,0,1,0,0
106,11,本國銀行,聯邦商業銀行,2028628,1148523,27229,16722,5374,7329,71,0.28,119.44,16,49,109,1,9617
106,11,本國銀行,遠東國際商業銀行,1476437,970429,21367,20908,4434,4896,224,0.33,100.77,17,68,74,1,8715
106,11,本國銀行,元大商業銀行#,647066,457492,9797,4861,506,5390,1,0.11,1212.62,1,7,91,0,139
106,11,本國銀行,永豐商業銀行#,1829301,1037650,13645,12786,4666,7039,111,0.35,605.91,16,55,104,3,7471
106,11,本國銀行,玉山商業銀行#,4559293,3207996,45515,27990,12038,25643,303,0.25,743.15,45,163,356,8,54563
106,11,本國銀行,凱基商業銀行#,446376,192739,5562,7109,1060,1077,9,0.75,135.17,5,13,8,0,4465
106,11,本國銀行,星展(台灣)商業銀行,11674,5449,12,41,22,48,0,0.52,1732.88,0,0,1,0,0
106,11,本國銀行,台新國際商業銀行#,4089053,2902070,53388,16449,10211,22211,277,0.19,700.75,22,99,293,12,118917
106,11,本國銀行,大眾商業銀行#,569395,315697,5804,6340,933,1923,51,0.02,622.13,10,19,33,1,1127
106,11,本國銀行,日盛國際商業銀行#,171519,100294,391,660,379,408,5,0.25,181.51,1,4,6,0,158
106,11,本國銀行,安泰商業銀行,153596,67319,681,427,322,451,1,0.26,163.53,6,3,7,0,5
106,11,本國銀行,中國信託商業銀行#,6319914,4070669,88697,50983,16226,36990,715,0.13,557.27,69,168,546,41,102105
106,11,信用卡公司,台灣樂天信用卡股份有限公司,362118,247110,12707,901,274,1266,3,0.25,483.72,1,6,37,0,0
106,11,信用卡公司,台灣美國運通國際(股)公司,168426,111268,2966,2833,360,4285,1,0.35,288.09,4,3,86,0,84660
106,11,信用卡公司,台灣永旺信用卡(股)公司,72288,31734,113,553,253,129,3,0.6,3475.07,1,2,2,0,200
106,11,信用卡公司,香港商台灣環滙亞太信用卡,0,0,0,0,0,0,0,0.0,0.0,0,0,0,0,7860
106,11,信用卡公司,財團法人聯合信用卡處理中心,0,0,0,0,0,0,0,0.0,0.0,0,0,0,0,98600
106,12,本國銀行,臺灣銀行#,240357,118689,799,3568,220,638,1,0.28,599.82,1,2,10,0,1147
106,12,本國銀行,臺灣土地銀行,265693,140970,2316,1360,355,857,1,0.34,1047.42,2,3,13,0,4266
106,12,本國銀行,合作金庫商業銀行#,476479,295094,4341,3335,702,2948,3,0.26,298.86,4,7,22,0,31275
106,12,本國銀行,第一商業銀行#,1000449,654065,9221,8548,1471,4235,16,0.18,1757.97,6,14,48,0,6841
106,12,本國銀行,華南商業銀行#,1050367,791494,13016,10681,1026,4093,2,0.04,954.4,18,11,69,0,5688
106,12,本國銀行,彰化商業銀行,424826,200027,677,2615,301,1296,1,0.19,865.05,2,5,30,0,4788
106,12,本國銀行,上海商業儲蓄銀行,358618,183818,1234,1841,691,1030,7,0.59,1056.97,6,8,17,0,506
106,12,本國銀行,台北富邦銀行#,2371653,1742111,25029,13361,5582,19350,62,0.11,896.83,22,62,206,3,1014
106,12,本國銀行,國泰世華商業銀行#,6053831,4356648,72290,38218,16555,35263,232,0.13,2607.8,32,188,345,7,44703
106,12,本國銀行,高雄銀行,10723,4533,51,23,8,137,0,0.32,264.48,0,0,0,0,986
106,12,本國銀行,兆豐國際商業銀行#,665596,452664,9358,3927,1144,2720,5,0.2,515.43,3,14,47,0,66
106,12,本國銀行,花旗(台灣)商業銀行,2898529,2467008,21296,21522,16457,20905,200,0.57,497.79,0,174,267,5,36722
106,12,本國銀行,澳盛(台灣)商業銀行,0,0,3,1528,0,682,6,0.0,0.0,4,12,-33,0,728
106,12,本國銀行,臺灣中小企業銀行,324952,127305,1649,1642,434,977,3,0.14,271.36,2,7,9,0,566
106,12,本國銀行,渣打國際商業銀行,335373,200737,11983,4600,1666,1288,10,0.41,573.11,11,19,20,0,30
106,12,本國銀行,台中商業銀行,148156,85414,1321,63619,282,560,0,1.07,635.61,0,4,6,0,677
106,12,本國銀行,滙豐(台灣)商業銀行,589430,409953,6008,6881,2392,4995,45,0.22,2616.41,12,29,75,1,0
106,12,本國銀行,華泰商業銀行,10367,5956,9,76,16,57,0,0.83,268.15,0,0,1,0,0
106,12,本國銀行,臺灣新光商業銀行#,883629,480062,4848,12397,1911,3643,11,0.25,218.36,7,22,72,0,1901
106,12,本國銀行,陽信商業銀行,93470,49803,883,988,222,308,0,0.35,856.99,4,3,3,0,601
106,12,本國銀行,三信商業銀行,15775,10751,91,72,28,133,0,0.32,7455.09,0,0,1,0,0
106,12,本國銀行,聯邦商業銀行,2036860,1152629,22756,14524,5439,7229,69,0.29,118.36,16,50,110,1,9672
106,12,本國銀行,遠東國際商業銀行,1481903,980455,13606,8183,4524,4491,209,0.31,101.0,16,68,51,1,8424
106,12,本國銀行,元大商業銀行#,650964,459608,5997,4922,525,4979,1,0.07,1487.84,3,7,84,0,134
106,12,本國銀行,永豐商業銀行#,1784613,1030411,10520,55839,4672,6596,105,0.23,806.0,34,54,98,3,7409
106,12,本國銀行,玉山商業銀行#,4573228,3218922,39788,25853,12211,28059,306,0.24,726.93,45,160,351,8,55135
106,12,本國銀行,凱基商業銀行#,451770,192402,13483,8108,1070,1004,8,0.77,134.62,5,13,6,0,4640
106,12,本國銀行,星展(台灣)商業銀行,548108,321791,260,4166,1835,1719,12,0.64,310.56,0,15,26,1,60
106,12,本國銀行,台新國際商業銀行#,4119324,2920177,45100,14829,10305,21206,273,0.2,686.16,25,105,285,13,119607
106,12,本國銀行,大眾商業銀行#,567109,312397,3431,5643,943,1860,67,0.0,625.5,13,18,32,0,0
106,12,本國銀行,日盛國際商業銀行#,171181,100667,319,657,375,382,8,0.33,174.3,1,4,5,0,162
106,12,本國銀行,安泰商業銀行,152325,67020,648,342,321,445,1,0.34,185.66,0,3,7,0,5
106,12,本國銀行,中國信託商業銀行#,6361648,4106622,81525,41137,16500,40305,707,0.13,567.68,67,179,618,40,102314
106,12,信用卡公司,台灣樂天信用卡股份有限公司,372898,251744,11232,967,305,1414,3,0.2,593.26,1,6,27,0,0
106,12,信用卡公司,台灣美國運通國際(股)公司,168194,111319,2484,2716,374,4210,2,0.29,323.04,4,3,89,0,84963
106,12,信用卡公司,台灣永旺信用卡(股)公司,71596,31444,72,799,252,140,2,0.73,2802.28,1,2,2,0,203
106,12,信用卡公司,香港商台灣環滙亞太信用卡,0,0,0,0,0,0,0,0.0,0.0,0,0,0,0,7861
106,12,信用卡公司,財團法人聯合信用卡處理中心,0,0,0,0,0,0,0,0.0,0.0,0,0,0,0,96530
107,1,本國銀行,臺灣銀行#,239607,116479,2364,3535,220,696,1,0.2,631.18,1,3,12,0,1103
107,1,本國銀行,臺灣土地銀行,266885,140998,2556,1740,356,916,1,0.37,766.38,2,4,13,0,4266
107,1,本國銀行,合作金庫商業銀行#,476782,295608,4602,4395,720,2840,3,0.24,321.59,5,7,23,0,31349
107,1,本國銀行,第一商業銀行#,1002893,653167,9295,10189,1483,4467,17,0.17,1618.04,6,15,51,0,6911
107,1,本國銀行,華南商業銀行#,1044775,789203,13767,18541,1015,4455,2,0.12,568.19,0,11,76,0,5675
107,1,本國銀行,彰化商業銀行,424339,198606,2140,3215,368,1321,1,0.32,613.95,2,4,19,0,4821
107,1,本國銀行,上海商業儲蓄銀行,357684,183407,1466,2400,692,1101,8,0.73,847.38,0,8,18,0,513
107,1,本國銀行,台北富邦銀行#,2378757,1745811,24411,17307,5553,20763,69,0.1,1334.9,21,62,248,3,1090
107,1,本國銀行,國泰世華商業銀行#,6087205,4405887,73731,40357,16970,48069,230,0.13,2486.09,30,189,495,7,46206
107,1,本國銀行,高雄銀行,10739,4509,55,41,9,118,0,0.51,274.03,0,0,0,0,977
107,1,本國銀行,兆豐國際商業銀行#,666393,452948,7806,7009,1136,2877,5,0.19,810.59,4,15,43,0,66
107,1,本國銀行,花旗(台灣)商業銀行,2901344,2471584,24426,23238,16480,20626,189,0.45,521.97,109,181,269,6,37000
107,1,本國銀行,臺灣中小企業銀行,323688,127179,877,2141,432,986,3,0.14,477.89,4,7,9,0,594
107,1,本國銀行,渣打國際商業銀行,348357,212001,17307,5616,1656,1628,10,0.39,885.72,8,21,26,0,30
107,1,本國銀行,台中商業銀行,148944,85837,1650,1112,273,623,0,1.44,416.66,0,4,8,0,669
107,1,本國銀行,滙豐(台灣)商業銀行,591655,410826,11124,8899,2380,5497,51,0.22,3007.81,10,28,79,1,0
107,1,本國銀行,華泰商業銀行,10325,5943,11,53,17,53,0,0.82,291.73,0,0,1,0,0
107,1,本國銀行,臺灣新光商業銀行#,877616,475825,7639,13652,1891,4661,12,0.26,245.45,6,23,67,0,1908
107,1,本國銀行,陽信商業銀行,93968,49832,1204,917,223,337,0,0.48,1135.5,0,3,4,0,636
107,1,本國銀行,三信商業銀行,15703,10697,122,77,28,119,0,0.24,8198.79,0,0,1,0,0
107,1,本國銀行,聯邦商業銀行,2047314,1153254,25833,15379,5522,7628,78,0.28,137.19,16,52,107,1,4764
107,1,本國銀行,遠東國際商業銀行,1485559,988378,12893,9266,4429,4806,239,0.32,100.91,17,69,77,1,8528
107,1,本國銀行,元大商業銀行#,1215772,764513,6113,10024,1629,7110,23,0.1,1030.16,0,25,117,1,1143
107,1,本國銀行,永豐商業銀行#,1783377,1029852,11694,12975,4659,7118,107,0.27,724.6,6,57,105,3,6841
107,1,本國銀行,玉山商業銀行#,4591296,3227460,45684,27616,12330,28692,332,0.26,673.64,43,165,379,9,55630
107,1,本國銀行,凱基商業銀行#,438773,192436,6597,19587,1062,1048,7,0.77,159.16,7,13,7,0,4873
107,1,本國銀行,星展(台灣)商業銀行,548369,324568,3450,3193,1900,2526,18,0.68,316.68,15,28,44,1,60
107,1,本國銀行,台新國際商業銀行#,4157936,2947572,56427,17815,10472,23450,328,0.21,679.6,23,107,301,13,119792
107,1,本國銀行,日盛國際商業銀行#,170861,102119,395,715,371,417,6,0.28,879.44,1,4,6,0,161
107,1,本國銀行,安泰商業銀行,150504,66832,532,445,316,457,1,0.42,195.12,0,3,7,0,5
107,1,本國銀行,中國信託商業銀行#,6389288,4136627,81955,47267,16692,37306,730,0.13,610.77,66,180,479,42,102844
107,1,信用卡公司,台灣樂天信用卡股份有限公司,384297,258146,11894,977,313,1518,3,0.21,851.2,1,7,24,0,0
107,1,信用卡公司,台灣美國運通國際(股)公司,167837,110561,2534,2891,366,3940,2,0.21,362.74,9,3,82,0,84614
107,1,信用卡公司,台灣永旺信用卡(股)公司,70750,31069,77,973,255,125,2,0.69,2896.07,1,2,2,0,201
107,1,信用卡公司,香港商台灣環滙亞太信用卡,0,0,0,0,0,0,0,0.0,0.0,0,0,0,0,7864
107,1,信用卡公司,財團法人聯合信用卡處理中心,0,0,0,0,0,0,0,0.0,0.0,0,0,0,0,96717
107,2,本國銀行,臺灣銀行#,239195,116122,2024,2736,225,570,0,0.19,748.69,1,2,8,0,1093
107,2,本國銀行,臺灣土地銀行,268292,139853,2484,1169,395,786,0,0.26,998.17,3,3,10,0,4276
107,2,本國銀行,合作金庫商業銀行#,477125,295490,2825,2569,731,2593,2,0.32,273.89,3,7,18,0,31424
107,2,本國銀行,第一商業銀行#,1004628,653584,7005,7855,1463,3687,15,0.16,1653.45,6,15,36,0,6976
107,2,本國銀行,華南商業銀行#,1044579,787666,10178,9864,896,3655,1,0.18,451.35,0,10,62,0,5668
107,2,本國銀行,彰化商業銀行,424291,197317,2221,2731,297,1120,0,0.33,644.22,0,6,16,0,4918
107,2,本國銀行,上海商業儲蓄銀行,357275,181614,1095,1504,706,967,4,0.56,1051.05,5,7,15,0,509
107,2,本國銀行,台北富邦銀行#,2382910,1734848,14686,10533,5592,13569,37,0.12,1347.1,20,57,211,1,1090
107,2,本國銀行,國泰世華商業銀行#,6103368,4415720,44155,27992,16799,31607,150,0.13,2452.08,36,195,285,6,45998
107,2,本國銀行,高雄銀行,10763,4395,47,23,8,111,0,0.44,299.34,0,0,0,0,976
107,2,本國銀行,兆豐國際商業銀行#,666843,451163,5521,5071,1170,3081,4,0.16,828.84,3,15,49,0,67
107,2,本國銀行,花旗(台灣)商業銀行,2898192,2459209,14832,19205,15908,18702,131,0.58,407.37,0,163,237,4,37084
107,2,本國銀行,臺灣中小企業銀行,323262,126159,491,917,436,918,2,0.15,317.28,2,5,8,0,610
107,2,本國銀行,渣打國際商業銀行,331113,212071,12636,28561,1656,1504,7,0.35,903.91,9,18,22,0,30
107,2,本國銀行,台中商業銀行,149314,85331,894,752,244,514,0,1.75,354.15,0,3,5,0,669
107,2,本國銀行,滙豐(台灣)商業銀行,591955,414027,6858,6558,2373,4460,32,0.24,2757.88,4,26,67,1,0
107,2,本國銀行,華泰商業銀行,10302,5902,8,31,14,44,0,1.69,260.08,0,0,1,0,0
107,2,本國銀行,臺灣新光商業銀行#,870982,471907,8201,14835,1934,3031,7,0.25,234.79,6,20,58,0,1918
107,2,本國銀行,陽信商業銀行,94482,49710,1115,778,227,278,0,0.82,836.14,0,2,2,0,681
107,2,本國銀行,三信商業銀行,15640,10631,95,41,29,113,0,0.1,11348.69,0,0,1,0,0
107,2,本國銀行,聯邦商業銀行,2052747,1156035,18416,12983,5439,6838,46,0.28,151.09,16,50,97,1,4798
107,2,本國銀行,遠東國際商業銀行,1488591,990062,9437,6434,4460,4200,150,0.28,101.5,18,69,35,1,8529
107,2,本國銀行,元大商業銀行#,1217702,758238,6776,7762,1645,5402,19,0.11,1298.02,14,23,88,1,1145
107,2,本國銀行,永豐商業銀行#,1782751,1016467,7818,8594,4641,5835,70,0.32,643.8,6,57,92,3,6916
107,2,本國銀行,玉山商業銀行#,4601462,3228012,27700,17534,12221,24798,198,0.25,660.34,44,145,299,8,56133
107,2,本國銀行,凱基商業銀行#,434943,191143,3694,7556,1071,918,5,0.79,142.81,4,13,3,0,4857
107,2,本國銀行,星展(台灣)商業銀行,545529,318136,2593,6539,1934,2053,16,0.84,301.43,9,56,33,1,60
107,2,本國銀行,台新國際商業銀行#,4188050,2953449,42356,12242,10339,19789,195,0.2,671.57,26,97,263,13,120255
107,2,本國銀行,日盛國際商業銀行#,170598,103048,222,485,365,367,4,0.34,968.04,1,4,5,0,164
107,2,本國銀行,安泰商業銀行,146382,65600,361,293,313,373,0,0.5,204.49,0,3,5,0,5
107,2,本國銀行,中國信託商業銀行#,6411339,4165138,52503,31618,16700,31306,483,0.15,607.68,66,166,439,34,103467
107,2,信用卡公司,台灣樂天信用卡股份有限公司,392975,260398,9011,715,296,1257,2,0.22,1041.7,1,7,30,0,0
107,2,信用卡公司,台灣美國運通國際(股)公司,167440,109804,1598,1995,370,3557,1,0.23,390.28,3,3,72,0,84574
107,2,信用卡公司,台灣永旺信用卡(股)公司,70333,30591,46,507,251,116,2,0.82,2153.13,1,2,2,0,200
107,2,信用卡公司,香港商台灣環滙亞太信用卡,0,0,0,0,0,0,0,0.0,0.0,0,0,0,0,7869
107,2,信用卡公司,財團法人聯合信用卡處理中心,0,0,0,0,0,0,0,0.0,0.0,0,0,0,0,94781
107,3,本國銀行,臺灣銀行#,242716,118172,4289,2442,229,653,1,0.27,613.08,0,2,12,0,1075
107,3,本國銀行,臺灣土地銀行,271059,139753,3721,1332,355,878,1,0.39,803.35,2,4,15,0,4299
107,3,本國銀行,合作金庫商業銀行#,478329,296914,6260,5145,685,2987,2,0.25,286.61,5,6,24,0,31569
107,3,本國銀行,第一商業銀行#,1010851,654818,13421,10618,1426,4524,16,0.15,1700.27,6,13,52,0,7141
107,3,本國銀行,華南商業銀行#,1046685,789940,17136,14218,992,4451,2,0.04,1142.07,17,12,73,0,5618
107,3,本國銀行,彰化商業銀行,425684,196976,3964,3042,350,1362,1,0.3,624.91,4,4,20,0,5068
107,3,本國銀行,上海商業儲蓄銀行,357037,180617,1703,1941,667,1131,8,0.73,844.49,0,7,18,0,505
107,3,本國銀行,台北富邦銀行#,2399032,1744599,29337,13215,5204,20370,56,0.12,1273.7,21,59,265,2,1085
107,3,本國銀行,國泰世華商業銀行#,6145652,4422716,82050,39766,16203,43426,204,0.14,2456.37,36,174,391,6,46211
107,3,本國銀行,高雄銀行,10817,4371,85,31,9,126,0,0.49,270.88,0,0,1,0,925
107,3,本國銀行,兆豐國際商業銀行#,668867,451385,9754,7730,1094,3027,4,0.18,834.65,3,13,49,0,65
107,3,本國銀行,花旗(台灣)商業銀行,2897201,2461659,24540,26806,15585,19682,171,0.51,489.36,98,154,257,5,36225
107,3,本國銀行,臺灣中小企業銀行,323324,124400,825,763,426,927,3,0.11,325.35,2,6,9,0,626
107,3,本國銀行,渣打國際商業銀行,336033,218674,10217,5020,1611,1879,9,0.36,935.58,8,17,31,0,30
107,3,本國銀行,台中商業銀行,121479,84607,1506,29575,266,627,0,0.9,668.76,9,3,8,0,667
107,3,本國銀行,滙豐(台灣)商業銀行,593413,414515,10838,9380,2363,5603,49,0.26,2732.4,11,27,79,1,0
107,3,本國銀行,華泰商業銀行,10283,5860,16,35,15,50,0,1.57,263.67,0,0,1,0,0
107,3,本國銀行,臺灣新光商業銀行#,871486,476206,16526,16022,1849,4562,10,0.25,236.17,6,23,68,0,1907
107,3,本國銀行,陽信商業銀行,96319,50511,2671,1082,218,347,0,0.27,615.52,4,3,4,0,736
107,3,本國銀行,三信商業銀行,15517,10582,100,66,27,110,0,0.35,7293.35,0,0,1,0,0
107,3,本國銀行,聯邦商業銀行,2061467,1153496,24346,15626,5424,7080,74,0.3,162.05,17,48,101,1,8067
107,3,本國銀行,遠東國際商業銀行,1494954,996718,14293,7954,4312,4298,187,0.32,100.7,15,67,47,1,8531
107,3,本國銀行,元大商業銀行#,1222848,755527,12022,11359,1607,7063,29,0.11,1418.69,17,21,116,1,1125
107,3,本國銀行,永豐商業銀行#,1781608,1015502,12134,13437,4581,7133,100,0.33,662.1,16,53,95,2,7159
107,3,本國銀行,玉山商業銀行#,4620533,3229365,42283,23212,12094,25227,294,0.31,595.78,44,166,340,8,57189
107,3,本國銀行,凱基商業銀行#,430911,192474,4378,8450,1047,1126,9,0.81,134.56,5,12,9,0,4761
107,3,本國銀行,星展(台灣)商業銀行,543137,312349,3952,8116,1849,2443,22,0.86,272.19,14,38,44,1,60
107,3,本國銀行,台新國際商業銀行#,4233514,2981143,65007,19543,10291,23650,238,0.2,723.32,28,106,290,14,120473
107,3,本國銀行,日盛國際商業銀行#,170040,102573,380,938,359,433,5,0.18,925.33,2,3,6,0,167
107,3,本國銀行,安泰商業銀行,144016,65522,878,455,306,421,1,0.63,210.74,0,3,7,0,5
107,3,本國銀行,中國信託商業銀行#,6448815,4163907,75808,39096,16610,36398,652,0.14,605.14,69,182,547,38,103809
107,3,信用卡公司,台灣樂天信用卡股份有限公司,405563,266803,13232,1103,313,1500,3,0.24,861.99,1,6,27,0,0
107,3,信用卡公司,台灣美國運通國際(股)公司,168529,109859,3828,2739,356,3831,1,0.29,343.87,1,3,82,0,84684
107,3,信用卡公司,台灣永旺信用卡(股)公司,69702,30393,154,812,248,131,2,0.82,2271.49,2,2,2,0,200
107,3,信用卡公司,香港商台灣環滙亞太信用卡,0,0,0,0,0,0,0,0.0,0.0,0,0,0,0,7831
107,3,信用卡公司,財團法人聯合信用卡處理中心,0,0,0,0,0,0,0,0.0,0.0,0,0,0,0,95040
107,4,本國銀行,臺灣銀行#,242948,119391,2783,2913,222,579,1,0.26,556.21,2,2,9,0,1072
107,4,本國銀行,臺灣土地銀行,274151,140250,4120,1262,354,787,1,0.23,1309.19,4,3,12,0,4290
107,4,本國銀行,合作金庫商業銀行#,480549,297348,4965,2846,699,2576,2,0.3,287.17,6,7,17,0,31818
107,4,本國銀行,第一商業銀行#,1015239,654770,10230,8695,1413,3764,13,0.16,1622.56,6,15,40,0,7190
107,4,本國銀行,華南商業銀行#,1046763,790805,12600,11616,1008,3766,1,0.11,605.33,0,10,63,0,5628
107,4,本國銀行,彰化商業銀行,428079,196533,4862,2313,361,1183,1,0.39,514.18,1,4,16,0,5220
107,4,本國銀行,上海商業儲蓄銀行,358365,179964,3334,2006,666,888,7,0.56,1187.26,5,7,15,0,504
107,4,本國銀行,台北富邦銀行#,2407403,1745342,21157,12786,5240,17439,48,0.12,1256.57,22,56,201,2,1106
107,4,本國銀行,國泰世華商業銀行#,6177729,4454160,64304,32227,16717,33455,203,0.15,2425.0,38,182,310,6,46722
107,4,本國銀行,高雄銀行,10860,4344,61,19,9,124,0,0.42,308.71,0,0,0,0,927
107,4,本國銀行,兆豐國際商業銀行#,671804,450197,8062,5125,1108,2783,5,0.19,827.97,2,14,44,0,62
107,4,本國銀行,花旗(台灣)商業銀行,2897184,2456917,17158,18130,15385,18991,167,0.51,490.44,52,170,247,5,36431
107,4,本國銀行,臺灣中小企業銀行,322466,123737,668,1527,425,864,2,0.01,322.92,3,6,8,0,636
107,4,本國銀行,渣打國際商業銀行,337592,223063,6615,4177,1587,1746,9,0.37,928.7,9,19,28,0,30
107,4,本國銀行,台中商業銀行,121833,83699,846,738,267,503,0,1.17,568.17,0,3,5,0,667
107,4,本國銀行,滙豐(台灣)商業銀行,594500,418865,7552,6465,2325,4822,34,0.25,2724.71,8,26,74,1,0
107,4,本國銀行,華泰商業銀行,10242,5786,6,47,15,46,0,1.8,264.94,0,0,1,0,0
107,4,本國銀行,臺灣新光商業銀行#,857674,478641,10467,24279,1861,3589,9,0.25,243.2,6,23,63,0,1939
107,4,本國銀行,陽信商業銀行,97277,51289,1719,975,221,293,0,0.52,553.5,0,2,3,0,783
107,4,本國銀行,三信商業銀行,15400,10496,78,53,27,118,0,0.49,6264.55,0,0,1,0,0
107,4,本國銀行,聯邦商業銀行,2066993,1157367,19448,13922,5444,6946,61,0.3,169.36,17,51,102,1,8134
107,4,本國銀行,遠東國際商業銀行,1500271,996053,10972,5689,4369,3915,164,0.3,100.63,18,67,40,1,7963
107,4,本國銀行,元大商業銀行#,1230038,756572,13009,10400,1574,5917,25,0.13,1309.35,20,22,99,1,1106
107,4,本國銀行,永豐商業銀行#,1779583,1008856,9359,11729,4498,6003,91,0.31,686.59,16,57,97,3,7218
107,4,本國銀行,玉山商業銀行#,4635994,3239945,36745,21284,12060,23280,260,0.3,610.12,44,156,300,7,57252
107,4,本國銀行,凱基商業銀行#,427617,191866,4116,7406,1048,903,7,0.78,133.62,7,13,7,0,4868
107,4,本國銀行,星展(台灣)商業銀行,540619,306228,3261,4116,1805,2089,22,0.9,269.21,17,33,37,1,60
107,4,本國銀行,台新國際商業銀行#,4274857,2996530,55110,13767,10174,19847,228,0.2,737.79,28,102,282,14,120749
107,4,本國銀行,日盛國際商業銀行#,169720,102500,386,706,357,336,2,0.24,910.76,1,3,5,0,175
107,4,本國銀行,安泰商業銀行,142220,64794,610,374,301,377,1,0.23,265.57,8,3,6,0,5
107,4,本國銀行,中國信託商業銀行#,6478263,4182497,59749,31552,16563,32396,628,0.13,602.43,67,172,465,37,103998
107,4,信用卡公司,台灣樂天信用卡股份有限公司,414033,268943,9023,1148,329,1327,2,0.27,825.2,0,7,25,0,0
107,4,信用卡公司,台灣美國運通國際(股)公司,168784,110044,2897,2642,353,3873,2,0.31,327.59,4,3,78,0,84980
107,4,信用卡公司,台灣永旺信用卡(股)公司,69137,30191,428,1017,247,118,2,0.76,2739.64,2,2,2,0,196
107,4,信用卡公司,香港商台灣環滙亞太信用卡,0,0,0,0,0,0,0,0.0,0.0,0,0,0,0,7794
107,4,信用卡公司,財團法人聯合信用卡處理中心,0,0,0,0,0,0,0,0.0,0.0,0,0,0,0,95193
107,5,本國銀行,臺灣銀行#,244240,121634,3783,2935,225,699,1,0.22,622.13,1,2,11,0,1063
107,5,本國銀行,臺灣土地銀行,279450,142090,6247,1470,356,927,1,0.34,862.01,2,4,14,0,4283
107,5,本國銀行,合作金庫商業銀行#,483221,299404,7035,3814,692,3119,2,0.22,315.47,6,7,22,0,32055
107,5,本國銀行,第一商業銀行#,1021308,657332,11861,8993,1444,4629,17,0.13,1677.9,6,14,54,0,7483
107,5,本國銀行,華南商業銀行#,1046668,793155,13915,13133,1005,4609,1,0.16,465.91,0,11,74,0,5645
107,5,本國銀行,彰化商業銀行,437880,200099,12572,2564,350,1383,1,0.29,545.11,3,4,21,0,5455
107,5,本國銀行,上海商業儲蓄銀行,360596,180730,4408,2177,656,1138,7,0.69,857.05,0,8,19,0,506
107,5,本國銀行,台北富邦銀行#,2421757,1752672,27454,13100,5151,21739,66,0.12,1150.08,21,58,294,3,4334
107,5,本國銀行,國泰世華商業銀行#,6220049,4478386,78592,36272,16691,47544,256,0.14,2430.12,37,179,425,7,47372
107,5,本國銀行,高雄銀行,10893,4330,68,35,9,139,0,0.08,1199.21,1,0,1,0,931
107,5,本國銀行,兆豐國際商業銀行#,675629,448645,9585,5760,1110,2950,5,0.19,826.42,4,15,50,0,62
107,5,本國銀行,花旗(台灣)商業銀行,2905271,2465492,33108,26017,15798,20554,189,0.51,482.04,50,173,265,6,36429
107,5,本國銀行,臺灣中小企業銀行,322199,122867,730,997,423,1013,3,0.15,303.03,3,6,10,0,643
107,5,本國銀行,渣打國際商業銀行,339362,227068,6241,4163,1586,2148,9,0.36,928.86,8,18,35,0,30
107,5,本國銀行,台中商業銀行,122851,82408,1590,836,266,621,0,0.85,680.5,5,3,8,0,665
107,5,本國銀行,滙豐(台灣)商業銀行,596886,420690,8761,6375,2317,5664,49,0.24,2759.08,7,27,80,1,0
107,5,本國銀行,華泰商業銀行,10205,5752,9,46,14,53,0,1.16,295.78,1,0,1,0,0
107,5,本國銀行,臺灣新光商業銀行#,832795,480101,7519,32398,1826,4472,11,0.25,249.25,6,22,71,0,1933
107,5,本國銀行,陽信商業銀行,98347,52549,1827,1010,219,376,0,0.68,376.67,0,2,4,0,840
107,5,本國銀行,三信商業銀行,15307,10467,119,67,27,118,0,0.39,2818.23,0,0,1,0,0
107,5,本國銀行,聯邦商業銀行,2076153,1158236,23693,14533,5508,7749,76,0.3,171.38,19,51,110,1,8294
107,5,本國銀行,遠東國際商業銀行,1506343,996868,12545,6495,4267,4564,203,0.32,100.36,16,67,53,1,7971
107,5,本國銀行,元大商業銀行#,1179322,760191,11707,66803,1558,6974,25,0.1,1208.54,14,21,114,1,1077
107,5,本國銀行,永豐商業銀行#,1780408,1005566,13096,12419,4497,7176,111,0.33,655.8,13,55,100,3,7279
107,5,本國銀行,玉山商業銀行#,4656256,3253010,40807,20545,12002,28967,289,0.27,630.42,44,154,364,9,56693
107,5,本國銀行,凱基商業銀行#,424774,192779,4720,7549,1038,1154,9,0.74,139.33,5,12,4,0,5017
107,5,本國銀行,星展(台灣)商業銀行,540479,302338,4621,5177,1767,2371,25,0.82,283.49,14,28,44,1,60
107,5,本國銀行,台新國際商業銀行#,4327812,3029810,68057,15102,10251,22623,266,0.19,768.94,28,105,294,14,121268
107,5,本國銀行,日盛國際商業銀行#,169303,102383,488,905,352,433,3,0.21,869.55,1,3,6,0,183
107,5,本國銀行,安泰商業銀行,141363,64947,716,391,298,418,1,0.35,279.42,0,3,7,0,5
107,5,本國銀行,中國信託商業銀行#,6517403,4193986,74679,37143,16604,38731,716,0.13,595.35,63,182,564,40,104123
107,5,信用卡公司,台灣樂天信用卡股份有限公司,424551,276256,11070,1285,335,1567,3,0.29,787.4,1,7,24,0,0
107,5,信用卡公司,台灣美國運通國際(股)公司,169613,110877,3698,2869,354,4347,2,0.27,319.31,5,3,88,0,85314
107,5,信用卡公司,台灣永旺信用卡(股)公司,68485,30288,240,909,246,112,3,0.94,1922.92,1,2,2,0,191
107,5,信用卡公司,香港商台灣環滙亞太信用卡,0,0,0,0,0,0,0,0.0,0.0,0,0,0,0,7811
107,5,信用卡公司,財團法人聯合信用卡處理中心,0,0,0,0,0,0,0,0.0,0.0,0,0,0,0,95424
107,6,本國銀行,臺灣銀行#,244580,123434,2554,2582,223,717,1,0.2,699.72,1,2,9,0,1058
107,6,本國銀行,臺灣土地銀行,288089,145105,10552,1416,365,971,1,0.24,1251.85,3,3,14,0,4310
107,6,本國銀行,合作金庫商業銀行#,485205,301604,5068,3922,709,5203,2,0.13,338.4,5,7,18,0,32202
107,6,本國銀行,第一商業銀行#,1026945,660157,11299,8370,1443,4796,14,0.15,1403.97,6,14,43,0,7664
107,6,本國銀行,華南商業銀行#,1047955,794750,12694,10615,1059,5720,2,0.06,748.87,16,11,64,0,5654
107,6,本國銀行,彰化商業銀行,448477,207156,13136,2258,289,2516,1,0.11,691.82,2,5,18,0,5669
107,6,本國銀行,上海商業儲蓄銀行,362459,181442,3343,1898,665,1293,7,0.73,716.67,0,8,18,0,504
107,6,本國銀行,台北富邦銀行#,2434352,1755009,23788,11193,5232,21073,55,0.11,1159.36,22,56,229,2,4243
107,6,本國銀行,國泰世華商業銀行#,6254710,4500944,64728,30067,16838,44330,244,0.14,2435.3,37,191,314,7,47806
107,6,本國銀行,高雄銀行,10944,4343,77,28,9,154,0,0.08,1014.63,0,0,0,0,928
107,6,本國銀行,兆豐國際商業銀行#,686103,448043,15462,4988,1128,5438,5,0.13,864.61,3,14,44,0,65
107,6,本國銀行,花旗(台灣)商業銀行,2911085,2465968,23273,18662,15951,20407,182,0.8,287.98,0,171,236,5,36460
107,6,本國銀行,臺灣中小企業銀行,322038,122274,851,1012,427,1170,2,0.19,347.52,2,6,7,0,639
107,6,本國銀行,渣打國際商業銀行,340492,229695,6003,3900,1584,2412,8,0.38,896.6,8,20,31,0,30
107,6,本國銀行,台中商業銀行,123377,81344,1158,848,274,582,0,0.47,984.94,4,4,5,0,662
107,6,本國銀行,滙豐(台灣)商業銀行,599035,423024,7999,5850,2310,5822,46,0.24,2640.91,8,27,76,1,0
107,6,本國銀行,華泰商業銀行,10188,5670,15,32,14,57,0,0.96,302.51,0,0,1,0,0
107,6,本國銀行,臺灣新光商業銀行#,816950,478443,5878,21723,1847,5105,11,0.23,249.86,7,22,64,0,1962
107,6,本國銀行,陽信商業銀行,98908,52888,1268,934,219,380,0,0.26,519.29,3,2,3,0,870
107,6,本國銀行,三信商業銀行,15273,10420,128,77,27,133,0,0.29,3059.59,0,0,1,0,0
107,6,本國銀行,聯邦商業銀行,2088891,1162846,25746,13008,5559,9213,70,0.27,175.54,19,52,97,1,8381
107,6,本國銀行,遠東國際商業銀行,1510629,992545,9803,5543,4385,4924,169,0.3,100.57,16,68,38,1,8035
107,6,本國銀行,元大商業銀行#,1183151,759268,8967,9056,1595,6844,21,0.11,1173.49,12,21,100,1,1048
107,6,本國銀行,永豐商業銀行#,1782414,1001385,12394,10568,4490,8502,103,0.3,643.63,13,57,96,3,7387
107,6,本國銀行,玉山商業銀行#,4671553,3266022,33470,18173,12125,39832,279,0.21,639.69,43,157,317,8,56604
107,6,本國銀行,凱基商業銀行#,424450,192674,4184,4551,1044,1530,7,0.61,154.66,5,13,8,0,5100
107,6,本國銀行,星展(台灣)商業銀行,541320,292642,59855,5208,1736,2586,23,0.7,275.84,18,35,39,1,60
107,6,本國銀行,台新國際商業銀行#,4348439,3055705,66085,45458,10306,31287,236,0.18,756.79,24,102,274,15,122034
107,6,本國銀行,日盛國際商業銀行#,168936,101719,407,774,352,466,3,0.19,941.03,1,3,5,0,180
107,6,本國銀行,安泰商業銀行,140283,64637,680,308,296,388,1,0.44,284.07,0,3,6,0,5
107,6,本國銀行,中國信託商業銀行#,6550970,4234227,62816,30560,16697,58512,644,0.1,582.08,63,180,491,39,108868
107,6,信用卡公司,台灣樂天信用卡股份有限公司,433732,281614,9684,1184,351,1516,3,0.3,838.7,1,7,30,0,0
107,6,信用卡公司,台灣美國運通國際(股)公司,170427,111495,3448,2634,357,4195,2,0.25,321.48,2,3,85,0,85850
107,6,信用卡公司,台灣永旺信用卡(股)公司,67057,29911,176,1647,243,127,3,0.86,2249.23,2,2,2,0,188
107,6,信用卡公司,香港商台灣環滙亞太信用卡,0,0,0,0,0,0,0,0.0,0.0,0,0,0,0,7800
107,6,信用卡公司,財團法人聯合信用卡處理中心,0,0,0,0,0,0,0,0.0,0.0,0,0,0,0,95597
107,7,本國銀行,臺灣銀行#,241204,118369,918,3517,227,642,1,0.26,629.89,1,2,10,0,1047
107,7,本國銀行,臺灣土地銀行,293614,149823,6508,1594,373,895,1,0.23,1160.33,2,4,12,0,4322
107,7,本國銀行,合作金庫商業銀行#,487513,303423,5300,3456,731,2897,3,0.2,319.12,4,7,21,0,32353
107,7,本國銀行,第一商業銀行#,1039833,664651,18236,8735,1457,4248,15,0.16,1305.13,6,15,45,0,7752
107,7,本國銀行,華南商業銀行#,1048744,795779,13838,12418,1052,4064,2,0.13,495.8,0,11,66,0,5654
107,7,本國銀行,彰化商業銀行,458515,215348,12912,2429,362,1347,1,0.23,560.78,1,4,19,0,5793
107,7,本國銀行,上海商業儲蓄銀行,363598,182939,2453,1844,679,1063,7,0.64,943.45,5,8,18,0,509
107,7,本國銀行,台北富邦銀行#,2439392,1754065,19165,14125,5223,17647,84,0.11,1318.74,23,59,249,2,4341
107,7,本國銀行,國泰世華商業銀行#,6288368,4516800,65846,32188,16869,40989,283,0.13,2477.35,40,187,385,7,48714
107,7,本國銀行,高雄銀行,10992,4348,92,46,9,172,0,0.2,418.63,0,0,1,0,929
107,7,本國銀行,兆豐國際商業銀行#,691665,454308,11115,5553,1131,2998,5,0.17,794.42,2,15,53,0,73
107,7,本國銀行,花旗(台灣)商業銀行,2908882,2459869,22065,25601,15466,18948,186,0.58,463.32,167,177,245,5,36137
107,7,本國銀行,臺灣中小企業銀行,324247,121839,4010,1801,428,928,3,0.18,363.36,2,6,9,0,654
107,7,本國銀行,渣打國際商業銀行,341757,231820,5509,3954,1569,2213,8,0.31,951.67,9,17,34,0,30
107,7,本國銀行,台中商業銀行,124276,80665,1418,698,276,543,0,0.77,768.07,0,4,6,0,655
107,7,本國銀行,滙豐(台灣)商業銀行,601513,424029,8442,5964,2318,5238,44,0.22,2900.26,9,28,78,1,0
107,7,本國銀行,華泰商業銀行,10158,5700,20,50,14,49,0,0.97,304.72,0,0,1,0,0
107,7,本國銀行,臺灣新光商業銀行#,811179,478940,7192,12963,1850,4347,10,0.25,254.12,6,22,66,0,1989
107,7,本國銀行,陽信商業銀行,99327,53126,1064,886,221,331,0,0.38,593.93,0,2,3,0,894
107,7,本國銀行,三信商業銀行,15201,10363,109,81,28,111,0,0.33,3132.37,0,0,1,0,0
107,7,本國銀行,聯邦商業銀行,2090330,1165148,20994,19555,5635,7662,77,0.27,182.71,19,53,108,1,8579
107,7,本國銀行,遠東國際商業銀行,1514701,990324,10429,6390,4301,4301,184,0.31,100.79,16,69,46,1,8068
107,7,本國銀行,元大商業銀行#,1188514,755429,10253,10519,1596,6286,19,0.1,1151.03,11,21,103,1,1046
107,7,本國銀行,永豐商業銀行#,1783166,999425,14040,13383,4504,7502,110,0.33,622.17,11,57,113,3,7483
107,7,本國銀行,玉山商業銀行#,4690031,3276486,39294,20816,12471,27892,316,0.23,623.15,44,158,363,9,61816
107,7,本國銀行,凱基商業銀行#,424516,191863,4466,4413,1047,997,8,0.67,147.25,5,11,7,0,5226
107,7,本國銀行,星展(台灣)商業銀行,594577,310140,106226,7934,1690,2645,27,0.56,283.89,21,37,48,1,60
107,7,本國銀行,台新國際商業銀行#,4399491,3088515,69423,18371,10427,22950,260,0.19,758.52,25,110,300,15,122428
107,7,本國銀行,日盛國際商業銀行#,168206,101266,389,1119,349,367,4,0.28,782.05,1,3,5,0,171
107,7,本國銀行,安泰商業銀行,138967,64030,679,589,294,418,1,0.49,296.34,0,3,6,0,5
107,7,本國銀行,中國信託商業銀行#,6599522,4264748,80838,32668,17053,38613,729,0.12,592.57,66,192,569,40,108712
107,7,信用卡公司,台灣樂天信用卡股份有限公司,443509,288055,10364,1171,361,1687,3,0.31,730.55,1,7,31,0,0
107,7,信用卡公司,台灣美國運通國際(股)公司,171148,112704,3397,2676,364,4150,2,0.19,320.68,6,3,84,0,86343
107,7,信用卡公司,台灣永旺信用卡(股)公司,66544,29513,164,772,243,113,2,0.89,2433.02,1,2,2,0,187
107,7,信用卡公司,香港商台灣環滙亞太信用卡,0,0,0,0,0,0,0,0.0,0.0,0,0,0,0,7822
107,7,信用卡公司,財團法人聯合信用卡處理中心,0,0,0,0,0,0,0,0.0,0.0,0,0,0,0,96155
107,8,本國銀行,臺灣銀行#,239349,116733,941,3267,224,662,1,0.25,579.71,0,2,10,0,1041
107,8,本國銀行,臺灣土地銀行,299386,154018,7512,1912,373,917,1,0.27,1023.85,2,4,13,0,4348
107,8,本國銀行,合作金庫商業銀行#,495298,307139,11429,3926,773,3099,2,0.16,350.44,5,7,25,0,32573
107,8,本國銀行,第一商業銀行#,1060097,674381,26557,9667,1474,4599,14,0.16,1339.26,6,15,50,0,7953
107,8,本國銀行,華南商業銀行#,1052724,800909,17403,12666,1061,4930,2,0.19,383.38,0,11,75,0,5657
107,8,本國銀行,彰化商業銀行,473366,227178,17411,2553,364,1475,1,0.29,519.79,1,5,20,0,6003
107,8,本國銀行,上海商業儲蓄銀行,365555,184701,3042,1620,670,1335,7,0.5,1190.31,4,8,23,0,509
107,8,本國銀行,台北富邦銀行#,2446966,1765927,20571,12997,5206,19028,94,0.1,1403.87,21,58,233,2,4367
107,8,本國銀行,國泰世華商業銀行#,6322844,4571546,68383,33907,17200,41132,273,0.13,2499.07,36,190,506,7,49672
107,8,本國銀行,高雄銀行,11052,4397,135,76,9,162,0,0.18,486.12,0,0,1,0,935
107,8,本國銀行,兆豐國際商業銀行#,697457,457485,10872,5080,1132,2903,5,0.18,763.52,3,15,44,0,76
107,8,本國銀行,花旗(台灣)商業銀行,2910928,2468868,21551,20805,16118,19183,196,0.6,437.33,45,178,244,5,35767
107,8,本國銀行,臺灣中小企業銀行,326881,123455,4554,1920,426,979,3,0.11,395.69,2,7,9,0,646
107,8,本國銀行,渣打國際商業銀行,343425,234345,5990,3779,1557,2288,8,0.26,988.35,8,18,37,0,30
107,8,本國銀行,台中商業銀行,124976,80500,1212,724,263,604,0,0.97,656.35,0,3,7,0,660
107,8,本國銀行,滙豐(台灣)商業銀行,605019,425505,9850,6344,2310,5705,43,0.2,2970.84,7,28,81,1,0
107,8,本國銀行,華泰商業銀行,10128,5699,12,42,14,48,0,0.59,339.25,0,0,1,0,0
107,8,本國銀行,臺灣新光商業銀行#,807905,480861,7004,10278,1834,4039,11,0.24,256.51,7,24,66,0,2036
107,8,本國銀行,陽信商業銀行,99704,53231,962,862,224,360,0,0.54,388.71,0,3,3,0,928
107,8,本國銀行,三信商業銀行,15159,10348,68,69,27,135,0,0.17,3548.78,0,0,1,0,0
107,8,本國銀行,聯邦商業銀行,2098861,1171046,21692,13161,5701,7664,74,0.27,170.7,18,54,106,1,8653
107,8,本國銀行,遠東國際商業銀行,1520292,989639,11807,6243,4273,4238,186,0.3,100.54,17,69,47,1,8073
107,8,本國銀行,元大商業銀行#,1188479,753396,10587,20225,1641,6604,19,0.1,1143.06,11,21,106,1,1022
107,8,本國銀行,永豐商業銀行#,1784777,1009530,13516,12240,4508,7536,107,0.28,686.37,17,60,107,3,7506
107,8,本國銀行,玉山商業銀行#,4731111,3301465,64199,23119,12436,27628,316,0.24,608.06,43,159,356,9,61695
107,8,本國銀行,凱基商業銀行#,425438,193021,5212,4307,1044,1105,9,0.7,146.33,4,13,6,0,5416
107,8,本國銀行,星展(台灣)商業銀行,691779,340809,6468,9659,1675,2642,23,0.63,275.68,8,35,51,1,60
107,8,本國銀行,台新國際商業銀行#,4450039,3128619,72498,21950,10405,25212,259,0.19,759.96,25,111,303,16,122704
107,8,本國銀行,日盛國際商業銀行#,167480,101322,418,1144,346,426,2,0.19,912.1,1,3,5,0,175
107,8,本國銀行,安泰商業銀行,138266,64023,694,530,290,448,1,0.26,356.58,5,3,7,0,5
107,8,本國銀行,中國信託商業銀行#,6654948,4334098,87221,33127,17093,41848,683,0.11,583.53,62,191,589,41,108099
107,8,信用卡公司,台灣樂天信用卡股份有限公司,453490,294792,10687,1544,367,1569,3,0.34,694.62,1,8,29,0,0
107,8,信用卡公司,台灣美國運通國際(股)公司,171665,114295,3557,3040,366,4122,2,0.2,326.28,4,3,82,0,86646
107,8,信用卡公司,台灣永旺信用卡(股)公司,65928,29163,134,816,240,110,2,0.9,2064.95,1,2,2,0,186
107,8,信用卡公司,香港商台灣環滙亞太信用卡,0,0,0,0,0,0,0,0.0,0.0,0,0,0,0,7836
107,8,信用卡公司,財團法人聯合信用卡處理中心,0,0,0,0,0,0,0,0.0,0.0,0,0,0,0,96430
107,9,本國銀行,臺灣銀行#,237967,115854,723,2419,222,586,1,0.3,491.17,0,2,9,0,1042
107,9,本國銀行,臺灣土地銀行,301859,156220,4354,1709,385,823,1,0.25,1048.38,2,3,12,0,4365
107,9,本國銀行,合作金庫商業銀行#,504261,313754,12258,3546,737,2957,2,0.17,358.56,4,7,20,0,32814
107,9,本國銀行,第一商業銀行#,1074553,684333,20575,9030,1479,4013,14,0.16,1392.2,6,15,41,0,8170
107,9,本國銀行,華南商業銀行#,1053063,799335,11894,11034,1105,4530,2,0.06,670.09,18,11,71,0,5649
107,9,本國銀行,彰化商業銀行,480841,238803,9678,2281,298,1298,1,0.25,633.77,2,5,18,0,6118
107,9,本國銀行,上海商業儲蓄銀行,367583,185435,3056,1501,674,1157,6,0.64,904.78,0,8,21,0,521
107,9,本國銀行,台北富邦銀行#,2453222,1761297,17267,11011,5291,16056,93,0.11,1377.2,19,56,213,2,4414
107,9,本國銀行,國泰世華商業銀行#,6346154,4588632,55076,31766,17129,34854,245,0.13,2497.23,36,193,539,7,50711
107,9,本國銀行,高雄銀行,11093,4404,82,41,9,164,0,0.18,520.49,0,0,0,0,940
107,9,本國銀行,兆豐國際商業銀行#,706153,461048,12616,3920,1176,2699,4,0.17,749.94,4,15,43,0,79
107,9,本國銀行,花旗(台灣)商業銀行,2905149,2452659,16010,22932,15673,17985,175,0.6,444.48,54,170,226,5,35793
107,9,本國銀行,臺灣中小企業銀行,327884,125138,2491,1488,430,939,3,0.12,387.14,1,5,8,0,648
107,9,本國銀行,渣打國際商業銀行,343294,235202,4829,4049,1561,2152,8,0.3,961.9,6,19,33,0,30
107,9,本國銀行,台中商業銀行,125623,80534,1110,644,279,530,0,1.27,517.11,0,3,5,0,648
107,9,本國銀行,滙豐(台灣)商業銀行,607157,427637,7719,5581,2316,5149,36,0.17,3258.44,6,27,77,1,0
107,9,本國銀行,華泰商業銀行,10098,5674,8,38,14,46,0,0.56,347.62,0,0,1,0,0
107,9,本國銀行,臺灣新光商業銀行#,806572,476659,6691,8024,1863,3323,9,0.24,266.43,6,23,60,0,2073
107,9,本國銀行,陽信商業銀行,99797,52932,703,866,222,319,0,0.49,529.88,3,3,2,0,942
107,9,本國銀行,三信商業銀行,15109,10292,43,41,27,111,0,0.24,3615.66,0,0,1,0,0
107,9,本國銀行,聯邦商業銀行,2105328,1174325,18805,12338,5751,6970,68,0.28,172.51,18,55,99,1,8755
107,9,本國銀行,遠東國際商業銀行,1524335,987883,9120,5137,4536,3876,164,0.3,100.58,14,69,39,1,8174
107,9,本國銀行,元大商業銀行#,1191128,752393,9932,11714,1581,5857,25,0.1,1121.65,11,21,94,1,1018
107,9,本國銀行,永豐商業銀行#,1788390,1002970,11822,8654,4504,6268,93,0.29,685.25,15,59,91,3,7655
107,9,本國銀行,玉山商業銀行#,4757959,3336342,49001,22153,12610,24914,280,0.23,654.65,44,161,315,8,61580
107,9,本國銀行,凱基商業銀行#,424988,192355,4542,5009,1060,980,6,0.68,147.44,5,13,4,0,5344
107,9,本國銀行,星展(台灣)商業銀行,676784,344871,6240,22654,1682,2861,25,0.53,566.17,18,36,50,1,60
107,9,本國銀行,台新國際商業銀行#,4491748,3145187,63301,21592,10488,22368,241,0.19,778.0,27,110,275,15,123292
107,9,本國銀行,日盛國際商業銀行#,161770,102749,297,6007,338,373,3,0.22,830.95,1,3,5,0,183
107,9,本國銀行,安泰商業銀行,125851,63904,712,451,291,475,1,0.36,368.36,0,3,7,0,5
107,9,本國銀行,中國信託商業銀行#,6695996,4360541,67332,27562,17232,38581,613,0.13,577.07,61,189,555,37,108695
107,9,信用卡公司,台灣樂天信用卡股份有限公司,461218,296718,8281,1454,353,1420,3,0.28,919.72,1,8,25,0,0
107,9,信用卡公司,台灣美國運通國際(股)公司,172421,114859,2838,2082,375,4189,3,0.18,354.95,2,3,85,0,87014
107,9,信用卡公司,台灣永旺信用卡(股)公司,65341,28671,99,690,238,115,2,0.8,2259.48,1,2,2,0,182
107,9,信用卡公司,香港商台灣環滙亞太信用卡,0,0,0,0,0,0,0,0.0,0.0,0,0,0,0,7799
107,9,信用卡公司,財團法人聯合信用卡處理中心,0,0,0,0,0,0,0,0.0,0.0,0,0,0,0,96639
107,10,本國銀行,臺灣銀行#,235330,114051,830,3805,228,659,1,0.3,512.86,1,2,10,0,1047
107,10,本國銀行,臺灣土地銀行,303884,159523,3773,2047,392,943,1,0.25,1119.03,2,4,14,0,4370
107,10,本國銀行,合作金庫商業銀行#,510211,320315,9745,4159,723,3267,2,0.18,362.24,4,7,27,0,32972
107,10,本國銀行,第一商業銀行#,1088305,694349,20336,9996,1493,4842,16,0.14,1474.82,6,16,55,0,8029
107,10,本國銀行,華南商業銀行#,1053505,801325,13728,12188,1073,5265,2,0.14,471.56,0,12,84,0,5642
107,10,本國銀行,彰化商業銀行,480155,243394,1505,2425,367,1460,1,0.28,551.54,3,4,21,0,6238
107,10,本國銀行,上海商業儲蓄銀行,369847,188043,3537,1916,670,1171,8,0.53,1250.37,5,8,23,0,533
107,10,本國銀行,台北富邦銀行#,2461404,1771714,22665,14483,5218,17978,124,0.12,1268.48,20,58,245,3,4451
107,10,本國銀行,國泰世華商業銀行#,6374054,4615740,66461,38561,17525,44152,325,0.14,2451.3,34,188,491,7,51191
107,10,本國銀行,高雄銀行,11154,4450,88,31,9,158,0,0.24,413.67,0,0,1,0,943
107,10,本國銀行,兆豐國際商業銀行#,721125,470432,18411,3439,1153,3152,5,0.17,728.85,4,15,49,0,94
107,10,本國銀行,花旗(台灣)商業銀行,2904950,2448710,19196,20518,15954,19800,207,0.74,391.32,0,176,261,5,36081
107,10,本國銀行,臺灣中小企業銀行,328425,126144,2144,1603,424,1024,3,0.14,370.2,2,6,10,0,655
107,10,本國銀行,渣打國際商業銀行,343158,237549,4939,4356,1543,2450,7,0.33,955.12,5,16,39,0,30
107,10,本國銀行,台中商業銀行,126397,80269,1274,710,267,603,0,1.17,593.86,3,4,7,0,656
107,10,本國銀行,滙豐(台灣)商業銀行,608644,428926,7985,6498,2330,5894,46,0.21,2872.69,7,28,86,1,0
107,10,本國銀行,華泰商業銀行,10080,5656,12,30,14,50,0,0.58,341.34,0,0,1,0,0
107,10,本國銀行,臺灣新光商業銀行#,807738,480335,9035,7869,1833,4544,14,0.25,269.45,6,22,71,0,2082
107,10,本國銀行,陽信商業銀行,100239,52669,1207,1045,222,366,0,0.55,594.69,0,3,3,0,967
107,10,本國銀行,三信商業銀行,15057,10218,61,68,27,102,0,0.17,3681.2,0,0,1,0,0
107,10,本國銀行,聯邦商業銀行,2113238,1173509,20429,12519,5790,7604,82,0.28,172.07,18,54,109,1,8881
107,10,本國銀行,遠東國際商業銀行,1534127,999193,16019,6268,4262,4715,200,0.29,100.59,17,69,60,1,8206
107,10,本國銀行,元大商業銀行#,1266615,753900,81623,11117,1596,6820,29,0.08,1169.72,10,21,112,1,1013
107,10,本國銀行,永豐商業銀行#,1799551,1012364,20401,9838,4503,7422,120,0.28,694.7,13,58,110,3,11077
107,10,本國銀行,玉山商業銀行#,4792976,3361221,60427,25410,12607,28863,339,0.24,619.65,43,158,393,10,62052
107,10,本國銀行,凱基商業銀行#,423958,193611,4506,5550,1060,1032,10,0.7,148.05,6,13,7,0,5442
107,10,本國銀行,星展(台灣)商業銀行,644829,333799,6556,40040,1655,3343,31,0.5,598.01,11,37,65,1,60
107,10,本國銀行,台新國際商業銀行#,4548100,3198067,79863,23511,10641,27629,305,0.18,790.3,23,116,357,16,124546
107,10,本國銀行,日盛國際商業銀行#,157797,102555,326,4299,342,379,3,0.14,907.84,1,3,5,0,180
107,10,本國銀行,安泰商業銀行,125380,63938,822,467,288,614,1,0.44,369.42,0,3,9,0,5
107,10,本國銀行,中國信託商業銀行#,6740827,4405050,79616,34799,17510,44736,793,0.13,548.04,67,199,681,42,110032
107,10,信用卡公司,台灣樂天信用卡股份有限公司,469752,302591,9162,1531,385,1795,4,0.31,747.18,1,8,35,0,0
107,10,信用卡公司,台灣美國運通國際(股)公司,172998,115244,2978,2401,369,4189,2,0.19,328.53,3,3,86,0,87521
107,10,信用卡公司,台灣永旺信用卡(股)公司,64754,28207,155,763,238,104,2,0.76,2570.03,2,2,2,0,175
107,10,信用卡公司,香港商台灣環滙亞太信用卡,0,0,0,0,0,0,0,0.0,0.0,0,0,0,0,7791
107,10,信用卡公司,財團法人聯合信用卡處理中心,0,0,0,0,0,0,0,0.0,0.0,0,0,0,0,96937
107,11,本國銀行,臺灣銀行#,233351,111872,907,3237,228,602,1,0.27,529.85,0,2,10,0,1039
107,11,本國銀行,臺灣土地銀行,306034,160795,3758,1607,395,865,1,0.39,898.69,2,3,16,0,4398
107,11,本國銀行,合作金庫商業銀行#,513996,325471,7361,3789,742,3155,2,0.21,371.85,5,7,14,0,33113
107,11,本國銀行,第一商業銀行#,1106183,705219,24455,9589,1493,4413,15,0.14,1485.26,6,15,51,0,8235
107,11,本國銀行,華南商業銀行#,1060715,803196,18637,10817,1095,4875,2,0.21,387.25,0,11,77,0,5612
107,11,本國銀行,彰化商業銀行,479823,238788,1376,2244,376,1346,1,0.38,478.03,0,4,21,0,6365
107,11,本國銀行,上海商業儲蓄銀行,371507,188990,2896,1770,679,1164,7,0.65,970.65,0,8,21,0,540
107,11,本國銀行,台北富邦銀行#,2471935,1772964,23189,12658,5263,17248,106,0.12,1267.45,20,55,227,3,4499
107,11,本國銀行,國泰世華商業銀行#,6321627,4641022,63063,115490,17671,42714,263,0.14,2432.64,38,193,417,8,51507
107,11,本國銀行,高雄銀行,11216,4460,96,36,9,156,0,0.14,637.7,0,0,1,0,940
107,11,本國銀行,兆豐國際商業銀行#,732588,479494,15602,4139,1175,3123,5,0.16,750.63,2,15,51,0,100
107,11,本國銀行,花旗(台灣)商業銀行,2901759,2436785,19143,23646,15702,19448,190,0.64,455.26,99,170,251,5,36439
107,11,本國銀行,臺灣中小企業銀行,327802,126565,2006,2588,424,1090,3,0.13,383.39,2,6,10,0,672
107,11,本國銀行,渣打國際商業銀行,343798,238290,4741,3086,1541,2307,3,0.3,966.81,8,18,37,0,30
107,11,本國銀行,台中商業銀行,127100,80209,1185,692,265,543,0,0.66,849.76,6,3,6,0,646
107,11,本國銀行,滙豐(台灣)商業銀行,610482,430331,7821,5983,2322,5667,40,0.22,2750.21,5,27,86,1,0
107,11,本國銀行,華泰商業銀行,10040,5604,5,45,14,47,0,0.53,345.87,0,0,1,0,0
107,11,本國銀行,臺灣新光商業銀行#,806602,481235,6553,7689,1820,4244,11,0.23,273.64,6,23,70,0,2067
107,11,本國銀行,陽信商業銀行,100523,52536,1119,1039,224,344,0,0.73,377.7,0,3,3,0,976
107,11,本國銀行,三信商業銀行,15033,10185,61,38,26,120,0,0.44,3141.54,0,0,1,0,0
107,11,本國銀行,聯邦商業銀行,2120733,1175093,19176,11681,5792,7006,78,0.28,166.88,18,55,104,1,9185
107,11,本國銀行,遠東國際商業銀行,1514697,1011100,18809,38260,4295,4857,187,0.29,100.58,12,68,63,1,8207
107,11,本國銀行,元大商業銀行#,1356815,759815,104672,18562,1657,6382,20,0.08,1116.78,8,21,105,1,1004
107,11,本國銀行,永豐商業銀行#,1809644,1016658,18909,9173,4496,6713,106,0.3,666.97,10,59,102,3,11388
107,11,本國銀行,玉山商業銀行#,4829870,3382796,60512,23618,12713,27804,297,0.24,606.37,43,161,375,10,62490
107,11,本國銀行,凱基商業銀行#,422057,193478,3526,5500,1063,1035,8,0.61,163.34,6,13,7,0,5566
107,11,本國銀行,星展(台灣)商業銀行,550058,302756,7715,103445,1649,2949,23,0.48,604.12,12,36,24,1,60
107,11,本國銀行,台新國際商業銀行#,4599015,3234050,73112,22197,10640,26535,271,0.17,817.25,27,111,339,17,125021
107,11,本國銀行,日盛國際商業銀行#,154688,102159,383,3492,341,353,4,0.18,861.56,1,3,5,0,176
107,11,本國銀行,安泰商業銀行,124783,64275,729,560,284,612,1,0.2,450.23,7,3,10,0,2
107,11,本國銀行,中國信託商業銀行#,6811555,4436688,105151,35734,17514,42740,655,0.12,558.85,67,191,638,41,106381
107,11,信用卡公司,台灣樂天信用卡股份有限公司,477593,304327,8432,1369,396,1654,3,0.31,455.82,1,9,30,0,0
107,11,信用卡公司,台灣美國運通國際(股)公司,173628,115443,2990,2360,371,4392,2,0.13,411.47,4,3,88,0,87863
107,11,信用卡公司,台灣永旺信用卡(股)公司,63695,27389,155,1228,233,110,2,0.92,2531.21,1,2,2,0,175
107,11,信用卡公司,香港商台灣環滙亞太信用卡,0,0,0,0,0,0,0,0.0,0.0,0,0,0,0,7660
107,11,信用卡公司,財團法人聯合信用卡處理中心,0,0,0,0,0,0,0,0.0,0.0,0,0,0,0,97164
107,12,本國銀行,臺灣銀行#,231344,110228,608,2868,232,612,1,0.31,554.55,1,2,10,0,1050
107,12,本國銀行,臺灣土地銀行,308532,161509,3876,1461,397,909,1,0.26,972.39,4,4,14,0,4383
107,12,本國銀行,合作金庫商業銀行#,515376,328760,4938,3745,751,3313,2,0.19,414.63,4,7,15,0,33171
107,12,本國銀行,第一商業銀行#,1122732,715657,23362,9509,1490,4179,12,0.16,1406.18,6,15,43,0,8467
107,12,本國銀行,華南商業銀行#,1060362,801778,12750,12384,1118,4162,2,0.07,658.9,18,12,68,0,5518
107,12,本國銀行,彰化商業銀行,478326,231433,604,2497,309,1310,1,0.16,715.49,4,4,28,0,6441
107,12,本國銀行,上海商業儲蓄銀行,372501,189913,2208,1706,674,1148,6,0.51,1211.3,4,8,20,0,543
107,12,本國銀行,台北富邦銀行#,2483835,1779209,23545,11645,5349,18412,95,0.1,1469.55,24,58,236,2,4568
107,12,本國銀行,國泰世華商業銀行#,6351621,4666053,62031,32037,17791,37245,256,0.15,2429.31,44,190,346,7,52406
107,12,本國銀行,高雄銀行,11157,4476,74,136,9,141,0,0.25,411.22,0,0,0,0,929
107,12,本國銀行,兆豐國際商業銀行#,742167,488975,13715,4136,1209,3080,5,0.17,729.33,3,15,45,0,104
107,12,本國銀行,花旗(台灣)商業銀行,2902421,2429395,16811,17363,15832,19249,191,0.66,419.01,0,175,245,5,36580
107,12,本國銀行,臺灣中小企業銀行,326737,126651,1816,2881,424,1296,2,0.13,383.77,2,7,8,0,688
107,12,本國銀行,渣打國際商業銀行,344904,239514,5101,3428,1538,2350,5,0.27,986.43,9,19,37,0,30
107,12,本國銀行,台中商業銀行,128006,80193,1544,797,264,523,0,0.63,881.71,3,3,5,0,639
107,12,本國銀行,滙豐(台灣)商業銀行,609606,431532,5933,6809,2336,5404,38,0.2,3030.81,7,28,84,1,0
107,12,本國銀行,華泰商業銀行,10049,5455,44,35,14,51,0,0.23,381.2,0,0,1,0,0
107,12,本國銀行,臺灣新光商業銀行#,802649,482598,4135,7970,1846,3614,8,0.23,275.06,6,23,70,0,2041
107,12,本國銀行,陽信商業銀行,100938,52202,1209,926,219,326,0,0.22,621.7,4,4,3,0,1042
107,12,本國銀行,三信商業銀行,15000,10154,51,48,27,131,0,0.53,3058.43,0,0,1,0,0
107,12,本國銀行,聯邦商業銀行,2126989,1174896,18494,12238,5779,7091,75,0.27,156.82,18,54,108,1,9646
107,12,本國銀行,遠東國際商業銀行,1501790,1017995,10412,23345,4561,4203,179,0.3,100.57,14,68,45,1,8205
107,12,本國銀行,元大商業銀行#,1334410,764864,8740,35276,1623,6110,23,0.08,1111.36,9,21,100,1,992
107,12,本國銀行,永豐商業銀行#,1826196,1015669,25361,9788,4484,6363,103,0.16,982.5,36,59,129,3,11482
107,12,本國銀行,玉山商業銀行#,4869490,3403851,64604,24984,12817,28768,296,0.23,613.27,43,158,365,9,62556
107,12,本國銀行,凱基商業銀行#,418810,193141,4173,7417,1074,964,8,0.63,167.65,6,13,6,0,5604
107,12,本國銀行,星展(台灣)商業銀行,554049,314502,8179,6495,1669,3121,23,0.46,279.82,12,39,53,1,60
107,12,本國銀行,台新國際商業銀行#,4644710,3261631,70691,24996,10731,23858,285,0.17,833.99,26,116,304,16,125870
107,12,本國銀行,日盛國際商業銀行#,154315,101722,291,664,328,347,4,0.25,848.23,1,3,5,0,175
107,12,本國銀行,安泰商業銀行,124624,64149,672,658,280,550,1,0.35,110.58,0,3,8,0,2
107,12,本國銀行,中國信託商業銀行#,6835717,4476559,57080,34212,17724,47164,647,0.11,563.71,66,202,639,38,105079
107,12,信用卡公司,台灣樂天信用卡股份有限公司,485034,306495,8236,1491,383,1593,4,0.25,643.79,1,8,28,0,0
107,12,信用卡公司,台灣美國運通國際(股)公司,174379,115968,3123,2372,385,4490,2,0.12,541.81,3,3,91,0,88249
107,12,信用卡公司,台灣永旺信用卡(股)公司,62696,26861,129,1143,233,102,2,1.01,2106.22,1,2,2,0,173
107,12,信用卡公司,香港商台灣環滙亞太信用卡,0,0,0,0,0,0,0,0.0,0.0,0,0,0,0,7640
107,12,信用卡公司,財團法人聯合信用卡處理中心,0,0,0,0,0,0,0,0.0,0.0,0,0,0,0,97008
108,1,本國銀行,臺灣銀行#,229592,108608,1446,3514,229,719,1,0.36,477.89,0,2,11,0,1041
108,1,本國銀行,臺灣土地銀行,310375,161560,3669,2127,400,1075,1,0.21,1218.16,3,5,15,0,4287
108,1,本國銀行,合作金庫商業銀行#,516673,331353,5618,4468,739,3543,2,0.2,416.91,4,8,28,0,33279
108,1,本國銀行,第一商業銀行#,1132692,724183,16838,9851,1500,5196,12,0.14,1496.28,6,16,62,0,8748
108,1,本國銀行,華南商業銀行#,1057219,801742,11248,13816,1070,5144,2,0.14,456.29,0,12,82,0,5526
108,1,本國銀行,彰化商業銀行,480415,224587,5039,3655,369,1548,1,0.28,536.34,1,5,23,0,6469
108,1,本國銀行,上海商業儲蓄銀行,375512,192045,4551,2094,659,1517,7,0.59,933.49,0,8,28,0,561
108,1,本國銀行,台北富邦銀行#,2506182,1796007,36479,14132,5225,23175,100,0.09,1507.19,21,57,273,2,4663
108,1,本國銀行,國泰世華商業銀行#,6384922,4700048,70143,36842,18002,54221,286,0.13,2510.8,38,199,455,7,52551
108,1,本國銀行,高雄銀行,11155,4480,41,44,9,126,0,0.29,415.59,0,0,0,0,929
108,1,本國銀行,兆豐國際商業銀行#,753094,493654,16137,5210,1187,3869,5,0.17,682.01,4,15,55,0,107
108,1,本國銀行,花旗(台灣)商業銀行,2898585,2419571,18536,18547,15784,20609,208,0.52,505.92,104,177,267,5,36637
108,1,本國銀行,臺灣中小企業銀行,325238,126821,1253,2752,416,1104,3,0.13,372.79,3,6,4,0,698
108,1,本國銀行,渣打國際商業銀行,350671,245666,9536,3005,1517,3042,6,0.22,1030.42,9,20,49,0,30
108,1,本國銀行,台中商業銀行,128744,80708,1507,913,259,644,0,0.41,1087.75,2,4,8,0,646
108,1,本國銀行,滙豐(台灣)商業銀行,614409,433008,14868,10065,2329,6763,44,0.17,3221.61,9,28,104,1,0
108,1,本國銀行,華泰商業銀行,10102,5477,83,30,13,56,0,0.15,392.8,0,0,1,0,0
108,1,本國銀行,臺灣新光商業銀行#,804733,480203,10670,8586,1800,5047,12,0.24,268.93,6,23,70,0,2043
108,1,本國銀行,陽信商業銀行,102561,52782,2341,893,216,421,0,0.49,606.99,0,3,4,0,1048
108,1,本國銀行,三信商業銀行,15059,10203,200,91,25,132,0,0.42,3236.99,0,0,1,0,0
108,1,本國銀行,聯邦商業銀行,2135037,1175261,20713,12665,5810,8418,76,0.26,146.94,17,57,111,1,9920
108,1,本國銀行,遠東國際商業銀行,1506764,1020813,11513,6569,4261,5123,237,0.29,100.56,13,73,72,1,8269
108,1,本國銀行,元大商業銀行#,1206663,765419,8895,140546,1574,7500,26,0.08,1133.03,10,21,122,1,1004
108,1,本國銀行,永豐商業銀行#,1855554,1035056,39168,9866,4495,9044,108,0.2,827.0,4,61,130,3,11780
108,1,本國銀行,玉山商業銀行#,4951492,3471852,106906,24904,12812,34196,333,0.23,623.14,42,161,470,11,62636
108,1,本國銀行,凱基商業銀行#,417587,194580,4452,5720,1062,1168,8,0.69,173.74,6,13,9,0,5783
108,1,本國銀行,星展(台灣)商業銀行,541090,321146,9418,23284,1598,3696,25,0.43,284.14,10,36,71,1,61
108,1,本國銀行,台新國際商業銀行#,4740683,3301833,126521,30548,10854,31309,365,0.15,903.33,24,117,371,17,126692
108,1,本國銀行,日盛國際商業銀行#,153990,100818,328,653,333,432,4,0.24,966.88,1,3,4,0,173
108,1,本國銀行,安泰商業銀行,124454,64507,743,523,275,661,1,0.35,128.08,0,3,10,0,2
108,1,本國銀行,中國信託商業銀行#,6747003,4463142,73687,161298,17912,45298,693,0.12,528.89,63,203,577,40,106186
108,1,信用卡公司,台灣樂天信用卡股份有限公司,494111,310961,9887,1346,411,1919,4,0.32,414.39,1,9,35,0,0
108,1,信用卡公司,台灣美國運通國際(股)公司,175116,116294,3524,2787,366,4518,2,0.19,493.73,2,3,92,0,88376
108,1,信用卡公司,台灣永旺信用卡(股)公司,50669,25658,45,12098,231,103,2,1.01,2176.06,1,2,2,0,161
108,1,信用卡公司,香港商台灣環滙亞太信用卡,0,0,0,0,0,0,0,0.0,0.0,0,0,0,0,7647
108,1,信用卡公司,財團法人聯合信用卡處理中心,0,0,0,0,0,0,0,0.0,0.0,0,0,0,0,96981
108,2,本國銀行,臺灣銀行#,231462,107924,5118,4217,221,525,1,0.42,387.38,1,2,8,0,1041
108,2,本國銀行,臺灣土地銀行,312112,159864,3121,1369,393,803,0,0.15,1872.31,2,3,10,0,4300
108,2,本國銀行,合作金庫商業銀行#,516738,331392,3356,3507,767,2714,1,0.31,349.53,5,7,12,0,33249
108,2,本國銀行,第一商業銀行#,1138566,724094,11324,7553,1462,3877,8,0.12,1696.45,6,16,36,0,8938
108,2,本國銀行,華南商業銀行#,1055254,797574,8523,9907,1015,3717,1,0.22,367.84,0,11,61,0,5559
108,2,本國銀行,彰化商業銀行,483013,216741,4755,2558,301,1147,0,0.31,568.6,0,4,17,0,6476
108,2,本國銀行,上海商業儲蓄銀行,379310,194083,5042,1615,704,1169,4,0.47,1303.5,5,7,22,0,558
108,2,本國銀行,台北富邦銀行#,2520456,1794969,23318,9044,5228,14245,54,0.1,1416.77,19,52,208,1,4726
108,2,本國銀行,國泰世華商業銀行#,6408084,4699724,48175,25013,17762,33730,160,0.12,2615.24,40,200,302,5,54081
108,2,本國銀行,高雄銀行,11166,4415,40,30,8,127,0,0.34,391.05,0,0,0,0,926
108,2,本國銀行,兆豐國際商業銀行#,763178,497393,13544,3460,1193,3122,3,0.16,675.07,3,16,41,0,110
108,2,本國銀行,花旗(台灣)商業銀行,2895561,2390202,10871,15280,14598,17042,112,0.66,414.37,0,149,216,3,36741
108,2,本國銀行,臺灣中小企業銀行,324194,125798,550,1594,428,865,2,0.29,329.29,0,5,7,0,699
108,2,本國銀行,渣打國際商業銀行,352583,247646,4765,2199,1509,2301,4,0.24,988.74,6,14,36,0,30
108,2,本國銀行,台中商業銀行,129594,80966,1303,560,238,508,0,0.42,1099.91,1,3,5,0,652
108,2,本國銀行,滙豐(台灣)商業銀行,615575,436818,9013,7847,2311,5209,21,0.19,2990.93,7,27,78,1,0
108,2,本國銀行,華泰商業銀行,10123,5516,54,33,14,39,0,0.1,410.72,0,0,1,0,0
108,2,本國銀行,臺灣新光商業銀行#,808252,478889,9113,5594,1827,3180,6,0.24,269.37,6,21,63,0,2042
108,2,本國銀行,陽信商業銀行,103360,53006,1412,749,219,315,0,0.78,377.41,0,2,2,0,1060
108,2,本國銀行,三信商業銀行,15077,10185,126,47,27,118,0,0.41,3448.4,0,0,1,0,0
108,2,本國銀行,聯邦商業銀行,2137874,1174256,13454,10617,5695,6281,36,0.27,143.68,17,53,92,1,10178
108,2,本國銀行,遠東國際商業銀行,1509432,1017964,7582,4947,4304,3799,91,0.31,100.66,13,71,32,1,8269
108,2,本國銀行,元大商業銀行#,1176784,760485,5716,39772,1595,5382,11,0.08,1103.31,10,20,85,1,1000
108,2,本國銀行,永豐商業銀行#,1866786,1031151,19479,8321,4461,6318,58,0.25,722.48,3,62,94,2,11916
108,2,本國銀行,玉山商業銀行#,4985855,3497571,52969,18606,12501,27296,205,0.22,603.63,42,142,329,8,62527
108,2,本國銀行,凱基商業銀行#,416503,193691,2722,3822,1071,867,5,0.72,174.25,4,13,7,0,5769
108,2,本國銀行,星展(台灣)商業銀行,548653,324448,4969,3048,1612,2662,18,0.45,289.38,10,33,40,1,61
108,2,本國銀行,台新國際商業銀行#,4790316,3337152,70613,20980,10664,25875,143,0.15,952.06,24,104,343,16,127593
108,2,本國銀行,日盛國際商業銀行#,153607,100009,225,608,327,344,2,0.38,848.16,1,3,4,0,172
108,2,本國銀行,安泰商業銀行,124373,63853,503,379,274,475,0,0.43,143.14,0,3,6,0,2
108,2,本國銀行,中國信託商業銀行#,6774895,4453196,56273,29671,17714,32834,397,0.13,531.88,68,183,455,34,106346
108,2,信用卡公司,台灣樂天信用卡股份有限公司,498282,309073,4792,1044,387,1431,2,0.26,620.79,1,9,27,0,0
108,2,信用卡公司,台灣美國運通國際(股)公司,175704,115766,2266,1678,368,3580,2,0.23,519.96,2,3,73,0,88344
108,2,信用卡公司,台灣永旺信用卡(股)公司,48511,24301,31,2201,226,94,1,0.98,1928.83,1,2,1,0,161
108,2,信用卡公司,香港商台灣環滙亞太信用卡,0,0,0,0,0,0,0,0.0,0.0,0,0,0,0,7658
108,2,信用卡公司,財團法人聯合信用卡處理中心,0,0,0,0,0,0,0,0.0,0.0,0,0,0,0,96689
108,3,本國銀行,臺灣銀行#,232677,108066,7299,6381,222,599,1,0.38,425.71,2,2,10,0,1031
108,3,本國銀行,臺灣土地銀行,314553,160460,4016,1612,394,880,1,0.26,1339.39,1,4,13,0,4315
108,3,本國銀行,合作金庫商業銀行#,518761,332654,5421,3675,732,3260,2,0.27,358.05,6,8,25,0,33449
108,3,本國銀行,第一商業銀行#,1149580,728581,17417,9468,1456,4350,9,0.12,1699.79,6,14,44,0,10250
108,3,本國銀行,華南商業銀行#,1055341,798706,12695,11883,1061,4173,2,0.08,501.98,18,12,69,0,5690
108,3,本國銀行,彰化商業銀行,488341,208318,7903,3252,305,1372,1,0.31,547.17,1,4,20,0,6588
108,3,本國銀行,上海商業儲蓄銀行,383356,199233,5722,2216,657,1502,7,0.65,961.12,0,8,26,0,557
108,3,本國銀行,台北富邦銀行#,2554324,1809131,44956,11088,5079,20067,79,0.1,1508.25,20,54,259,2,4850
108,3,本國銀行,國泰世華商業銀行#,6439715,4702492,60591,28960,17454,41169,231,0.14,2500.83,36,176,364,6,55971
108,3,本國銀行,高雄銀行,11153,4391,45,59,9,123,0,0.34,360.69,0,0,1,0,927
108,3,本國銀行,兆豐國際商業銀行#,784542,507035,26391,5027,1184,3395,3,0.17,665.29,3,14,47,0,113
108,3,本國銀行,花旗(台灣)商業銀行,2889218,2388525,19084,26599,14329,17654,174,0.53,503.73,110,160,225,4,36758
108,3,本國銀行,臺灣中小企業銀行,323507,124515,910,1597,411,924,2,0.2,371.99,3,5,7,0,698
108,3,本國銀行,渣打國際商業銀行,355959,251634,6381,3051,1468,2725,6,0.21,1024.39,6,16,44,0,30
108,3,本國銀行,台中商業銀行,130949,81318,1851,652,253,536,0,0.61,862.36,1,3,6,0,648
108,3,本國銀行,滙豐(台灣)商業銀行,618238,438235,11069,8406,2293,5843,31,0.21,2815.42,6,25,88,1,0
108,3,本國銀行,華泰商業銀行,10103,5475,35,55,13,45,0,0.23,386.96,0,0,1,0,0
108,3,本國銀行,臺灣新光商業銀行#,811472,483454,10892,7672,1794,3740,10,0.26,266.0,6,24,59,0,2040
108,3,本國銀行,陽信商業銀行,104091,53728,1646,1113,210,341,0,0.29,507.68,4,2,3,0,1104
108,3,本國銀行,三信商業銀行,15094,10222,227,68,25,136,0,0.36,3626.47,0,0,1,0,0
108,3,本國銀行,聯邦商業銀行,2144065,1169788,18733,12542,5670,6853,59,0.29,142.61,18,52,96,1,10763
108,3,本國銀行,遠東國際商業銀行,1512405,1017983,9529,6605,4309,3889,153,0.32,100.55,14,67,45,1,7435
108,3,本國銀行,元大商業銀行#,1179670,756212,7327,8758,1551,6111,18,0.08,1071.96,8,19,99,0,1015
108,3,本國銀行,永豐商業銀行#,1879959,1037605,21709,8764,4441,7148,90,0.28,686.87,10,52,104,2,12123
108,3,本國銀行,玉山商業銀行#,5027408,3500456,66792,25239,12451,29205,308,0.26,594.42,42,160,401,8,53557
108,3,本國銀行,凱基商業銀行#,418411,195290,6058,4199,1065,1007,7,0.7,174.52,4,12,10,0,5658
108,3,本國銀行,星展(台灣)商業銀行,551246,321942,7784,3895,1600,3052,22,0.49,278.28,9,39,59,1,61
108,3,本國銀行,台新國際商業銀行#,4870693,3396702,104306,23929,10668,26347,214,0.15,993.41,25,114,362,16,127809
108,3,本國銀行,日盛國際商業銀行#,153106,99594,363,864,331,377,3,0.23,944.32,1,3,5,0,175
108,3,本國銀行,安泰商業銀行,124150,63552,611,583,270,507,0,0.47,158.64,0,3,8,0,2
108,3,本國銀行,中國信託商業銀行#,6781680,4478900,65440,39151,17459,35793,584,0.15,521.8,63,201,522,34,106526
108,3,信用卡公司,台灣樂天信用卡股份有限公司,506837,312002,9337,1398,419,1590,3,0.36,412.92,1,8,28,0,0
108,3,信用卡公司,台灣美國運通國際(股)公司,176687,115993,3257,2274,368,4180,2,0.31,399.84,3,3,86,0,88368
108,3,信用卡公司,台灣永旺信用卡(股)公司,46543,23027,29,2021,224,83,2,0.7,2787.69,2,2,2,0,62
108,3,信用卡公司,香港商台灣環滙亞太信用卡,0,0,0,0,0,0,0,0.0,0.0,0,0,0,0,7651
108,3,信用卡公司,財團法人聯合信用卡處理中心,0,0,0,0,0,0,0,0.0,0.0,0,0,0,0,96572
108,4,本國銀行,臺灣銀行#,232268,108776,6821,7586,220,761,1,0.36,459.41,1,2,12,0,1044
108,4,本國銀行,臺灣土地銀行,317421,160224,4536,1694,393,946,1,0.15,1776.61,2,4,12,0,4333
108,4,本國銀行,合作金庫商業銀行#,521990,332713,6325,3347,746,3221,2,0.23,410.48,5,7,24,0,33089
108,4,本國銀行,第一商業銀行#,1160442,732434,16543,8672,1403,4564,12,0.1,1869.45,6,16,51,0,11929
108,4,本國銀行,華南商業銀行#,1055735,799773,13052,11437,1045,4337,1,0.13,409.11,0,11,69,0,5846
108,4,本國銀行,彰化商業銀行,493656,209202,7832,2972,358,1481,1,0.3,524.63,3,4,22,0,6698
108,4,本國銀行,上海商業儲蓄銀行,385553,202251,3740,2070,672,1278,7,0.51,1280.11,3,8,23,0,565
108,4,本國銀行,台北富邦銀行#,2633375,1831743,91877,12826,5057,23369,88,0.09,1512.38,20,52,253,2,5004
108,4,本國銀行,國泰世華商業銀行#,6467521,4723975,56717,28911,17631,50282,253,0.13,2451.84,33,189,429,7,56337
108,4,本國銀行,高雄銀行,11156,4350,45,44,9,127,0,0.48,268.03,0,0,0,0,925
108,4,本國銀行,兆豐國際商業銀行#,804901,528461,24310,3951,1201,3563,4,0.17,628.8,3,13,46,0,126
108,4,本國銀行,花旗(台灣)商業銀行,2889361,2380442,18193,19677,13913,17470,170,0.55,485.77,51,153,231,4,36919
108,4,本國銀行,臺灣中小企業銀行,322890,124044,963,1580,407,942,2,0.13,383.8,2,6,8,0,700
108,4,本國銀行,渣打國際商業銀行,358469,254450,5373,2515,1452,3017,5,0.19,1040.39,6,17,46,0,30
108,4,本國銀行,台中商業銀行,132314,81582,1873,613,256,555,0,0.32,1303.75,3,3,6,0,646
108,4,本國銀行,滙豐(台灣)商業銀行,619989,441874,9474,7723,2233,5773,36,0.18,3059.06,7,25,87,1,0
108,4,本國銀行,華泰商業銀行,10206,5472,154,51,13,45,0,0.45,367.56,0,0,1,0,0
108,4,本國銀行,臺灣新光商業銀行#,815922,486424,12480,8030,1777,4284,8,0.25,274.2,4,24,60,0,2042
108,4,本國銀行,陽信商業銀行,104588,54610,1516,1193,214,347,0,0.42,441.21,0,3,3,0,1141
108,4,本國銀行,三信商業銀行,15136,10316,210,57,25,124,0,0.58,3252.12,0,0,1,0,0
108,4,本國銀行,聯邦商業銀行,2149785,1173126,19714,13994,5656,7430,59,0.27,145.84,18,55,107,1,12323
108,4,本國銀行,遠東國際商業銀行,1517255,1015676,10616,5804,4209,4313,152,0.33,100.56,14,68,46,1,6433
108,4,本國銀行,元大商業銀行#,1166040,750019,6184,23741,1547,5955,20,0.08,1056.19,6,20,97,1,1027
108,4,本國銀行,永豐商業銀行#,1897609,1040111,26052,8683,4357,7259,92,0.28,686.77,13,59,112,3,12472
108,4,本國銀行,玉山商業銀行#,5063357,3542027,61384,25435,12458,31002,306,0.24,596.3,43,154,437,9,53666
108,4,本國銀行,凱基商業銀行#,422611,197061,8448,4288,1054,1003,8,0.69,180.1,5,13,8,0,5683
108,4,本國銀行,星展(台灣)商業銀行,556913,321837,7516,3585,1560,3104,23,0.5,280.71,10,33,58,1,61
108,4,本國銀行,台新國際商業銀行#,4908535,3450909,95383,57541,10514,26540,238,0.15,1012.28,24,110,353,17,128993
108,4,本國銀行,日盛國際商業銀行#,152634,99984,288,760,326,377,2,0.25,986.18,1,3,5,0,178
108,4,本國銀行,安泰商業銀行,124059,63266,594,492,265,410,1,0.54,177.39,0,3,6,0,2
108,4,本國銀行,中國信託商業銀行#,6792324,4498331,87968,58106,17372,38021,635,0.14,515.45,66,190,540,39,106293
108,4,信用卡公司,台灣樂天信用卡股份有限公司,514939,311639,8818,1241,423,1569,3,0.37,399.04,1,9,29,0,0
108,4,信用卡公司,台灣美國運通國際(股)公司,177711,116588,3498,2474,352,4222,1,0.34,382.2,5,3,88,0,88759
108,4,信用卡公司,台灣永旺信用卡(股)公司,44806,21173,1,1752,218,75,2,0.77,2634.15,1,2,1,0,0
108,4,信用卡公司,香港商台灣環滙亞太信用卡,0,0,0,0,0,0,0,0.0,0.0,0,0,0,0,7641
108,4,信用卡公司,財團法人聯合信用卡處理中心,0,0,0,0,0,0,0,0.0,0.0,0,0,0,0,96590
108,5,本國銀行,臺灣銀行#,232039,110960,5506,6061,222,764,1,0.25,564.49,1,2,11,0,1051
108,5,本國銀行,臺灣土地銀行,321355,161352,5993,1900,395,985,1,0.29,953.75,1,5,15,0,4357
108,5,本國銀行,合作金庫商業銀行#,525363,334740,6985,3853,736,3442,2,0.23,402.4,5,7,24,0,33200
108,5,本國銀行,第一商業銀行#,1171525,736194,17659,9831,1462,4931,11,0.09,1908.31,6,15,54,0,12519
108,5,本國銀行,華南商業銀行#,1055244,800469,13321,12100,1056,4634,2,0.18,335.15,0,11,72,0,6015
108,5,本國銀行,彰化商業銀行,498614,213155,7407,2941,356,1667,1,0.27,513.43,2,4,3,0,6847
108,5,本國銀行,上海商業儲蓄銀行,393846,207533,9930,2161,664,1404,7,0.64,944.1,0,8,24,0,568
108,5,本國銀行,台北富邦銀行#,2705135,1885406,85366,13606,5037,26999,93,0.08,1561.82,19,56,311,2,5076
108,5,本國銀行,國泰世華商業銀行#,6501064,4741149,63375,29832,17708,44756,258,0.14,2442.86,39,188,391,6,56446
108,5,本國銀行,高雄銀行,11142,4313,52,85,9,146,0,0.34,310.27,0,0,1,0,925
108,5,本國銀行,兆豐國際商業銀行#,820540,541246,20330,4691,1217,3712,4,0.16,653.0,4,13,59,0,129
108,5,本國銀行,花旗(台灣)商業銀行,2886501,2381318,19187,23093,14329,19027,205,0.49,513.51,56,158,243,5,37188
108,5,本國銀行,臺灣中小企業銀行,322624,123230,1059,1325,406,1038,2,0.16,368.1,2,6,9,0,760
108,5,本國銀行,渣打國際商業銀行,361343,257295,5270,2229,1440,3062,7,0.24,986.67,4,16,52,0,30
108,5,本國銀行,台中商業銀行,133226,82058,1683,907,254,618,0,0.46,936.44,1,3,7,0,641
108,5,本國銀行,滙豐(台灣)商業銀行,622227,444052,9895,7657,2221,6506,38,0.15,3284.67,7,26,94,1,0
108,5,本國銀行,華泰商業銀行,10189,5483,37,54,13,49,0,0.43,358.27,0,0,1,0,0
108,5,本國銀行,臺灣新光商業銀行#,814766,488630,8556,9712,1758,4434,9,0.23,264.44,6,22,67,0,2056
108,5,本國銀行,陽信商業銀行,105729,55834,2130,1190,212,402,0,0.43,296.79,0,3,3,0,1190
108,5,本國銀行,三信商業銀行,15115,10426,134,58,25,150,0,0.61,3126.72,0,0,1,0,0
108,5,本國銀行,聯邦商業銀行,2159485,1176761,24278,14578,5716,7584,63,0.25,150.46,17,54,107,1,13004
108,5,本國銀行,遠東國際商業銀行,1523677,1011739,12374,5970,4168,4348,174,0.32,100.6,13,67,53,1,6430
108,5,本國銀行,元大商業銀行#,1167906,746514,6289,8432,1573,6331,25,0.07,1076.83,8,19,101,1,1032
108,5,本國銀行,永豐商業銀行#,1911371,1054253,23285,9720,4378,7799,104,0.27,696.26,11,55,109,3,13607
108,5,本國銀行,玉山商業銀行#,5121876,3597440,86506,27987,12449,34116,309,0.23,592.43,44,152,436,9,53912
108,5,本國銀行,凱基商業銀行#,423583,200723,7392,6465,1053,1170,9,0.7,179.12,4,12,11,0,5906
108,5,本國銀行,星展(台灣)商業銀行,561866,322054,9488,4311,1541,3416,25,0.55,274.85,11,37,67,1,61
108,5,本國銀行,台新國際商業銀行#,4973310,3501241,88813,24038,10576,27327,225,0.15,1033.12,22,114,380,16,132345
108,5,本國銀行,日盛國際商業銀行#,152247,99375,350,737,322,394,4,0.22,1030.15,1,3,5,0,184
108,5,本國銀行,安泰商業銀行,124095,63266,643,436,260,422,1,0.25,230.72,7,3,7,0,2
108,5,本國銀行,中國信託商業銀行#,6817703,4538883,82866,58707,17397,39762,683,0.13,515.78,59,200,558,39,106272
108,5,信用卡公司,台灣樂天信用卡股份有限公司,522966,312160,8840,1425,428,1627,3,0.34,430.39,1,9,28,0,0
108,5,信用卡公司,台灣美國運通國際(股)公司,178908,117269,3863,2666,347,4789,2,0.29,402.39,4,3,97,0,89284
108,5,信用卡公司,台灣永旺信用卡(股)公司,42918,19265,0,1889,216,53,1,0.82,2860.16,1,2,1,0,0
108,5,信用卡公司,香港商台灣環滙亞太信用卡,0,0,0,0,0,0,0,0.0,0.0,0,0,0,0,7549
108,5,信用卡公司,財團法人聯合信用卡處理中心,0,0,0,0,0,0,0,0.0,0.0,0,0,0,0,96491
108,6,本國銀行,臺灣銀行#,231521,113953,2989,3853,221,978,1,0.24,583.58,2,2,9,0,1053
108,6,本國銀行,臺灣土地銀行,324089,163275,4786,1979,398,1135,1,0.16,1389.09,3,3,14,0,4393
108,6,本國銀行,合作金庫商業銀行#,527574,336612,5254,3255,758,5630,2,0.13,435.18,5,8,20,0,33509
108,6,本國銀行,第一商業銀行#,1175593,741235,9353,7927,1486,5231,9,0.09,1874.15,6,16,40,0,12985
108,6,本國銀行,華南商業銀行#,1051821,800375,10967,9888,1096,5529,1,0.06,482.28,17,11,63,0,6485
108,6,本國銀行,彰化商業銀行,501462,218285,5113,2643,292,2415,1,0.11,774.83,2,5,20,0,7095
108,6,本國銀行,上海商業儲蓄銀行,402430,213279,10180,2170,700,1556,5,0.47,1138.51,5,8,22,0,577
108,6,本國銀行,台北富邦銀行#,2746730,1921535,53851,12256,5183,23426,76,0.09,1451.44,19,55,248,2,5173
108,6,本國銀行,國泰世華商業銀行#,6532499,4760626,57065,25630,17849,47225,205,0.13,2440.86,40,194,343,7,57004
108,6,本國銀行,高雄銀行,11135,4257,47,65,10,152,0,0.23,377.61,0,0,0,0,927
108,6,本國銀行,兆豐國際商業銀行#,831181,547040,14045,3404,1272,6444,4,0.12,615.96,3,14,58,0,139
108,6,本國銀行,花旗(台灣)商業銀行,2889056,2324894,16690,15374,14075,20269,165,0.57,435.2,0,152,225,4,37233
108,6,本國銀行,臺灣中小企業銀行,321381,123346,755,1998,409,1191,2,0.14,376.77,1,6,7,0,800
108,6,本國銀行,渣打國際商業銀行,363105,258902,4309,2086,1447,3199,7,0.22,1013.15,8,19,44,0,30
108,6,本國銀行,台中商業銀行,134102,82114,1361,626,267,559,0,0.56,853.12,1,4,5,0,636
108,6,本國銀行,滙豐(台灣)商業銀行,623350,446382,8522,7399,2210,6301,32,0.15,3236.87,6,26,88,1,0
108,6,本國銀行,華泰商業銀行,10088,5486,9,110,14,50,0,0.36,376.46,0,0,1,0,0
108,6,本國銀行,臺灣新光商業銀行#,813005,488805,5814,7575,1794,5023,8,0.21,257.1,7,23,57,0,2110
108,6,本國銀行,陽信商業銀行,106456,56596,1635,1123,212,409,0,0.23,461.19,3,3,3,0,1225
108,6,本國銀行,三信商業銀行,15034,10430,89,53,26,149,0,0.66,3192.32,0,0,1,0,0
108,6,本國銀行,聯邦商業銀行,2070500,1181425,20279,109264,5765,8265,65,0.23,154.09,17,56,98,1,13123
108,6,本國銀行,遠東國際商業銀行,1527197,1008217,8786,5291,4452,4630,138,0.32,100.62,14,68,37,1,6431
108,6,本國銀行,元大商業銀行#,1169916,739469,5603,8325,1578,6141,22,0.08,1009.85,8,20,90,1,1037
108,6,本國銀行,永豐商業銀行#,1928133,1064122,25048,8751,4379,9154,83,0.25,680.1,12,57,103,3,14655
108,6,本國銀行,玉山商業銀行#,5154143,3645353,56653,24386,12624,47866,267,0.19,590.63,43,156,409,8,53970
108,6,本國銀行,凱基商業銀行#,423733,201117,3844,3712,1072,1300,7,0.66,186.22,4,13,6,0,4529
108,6,本國銀行,星展(台灣)商業銀行,569531,320793,7581,3407,1563,3489,22,0.54,282.39,11,35,59,1,61
108,6,本國銀行,台新國際商業銀行#,5031611,3542698,81144,22843,10608,35268,206,0.14,1037.2,23,111,342,15,132864
108,6,本國銀行,日盛國際商業銀行#,151759,99653,279,767,316,417,3,0.24,1005.85,1,3,5,0,189
108,6,本國銀行,安泰商業銀行,124198,62838,542,330,261,406,0,0.27,242.49,0,3,6,0,2
108,6,本國銀行,中國信託商業銀行#,6843895,4551745,59963,35452,17497,68538,566,0.09,516.77,55,195,489,35,105069
108,6,信用卡公司,台灣樂天信用卡股份有限公司,529807,311095,7583,1416,409,1551,3,0.26,657.58,1,9,26,0,0
108,6,信用卡公司,台灣美國運通國際(股)公司,179567,117857,3514,2855,351,4292,3,0.22,450.72,6,3,86,0,90102
108,6,信用卡公司,香港商台灣環滙亞太信用卡,0,0,0,0,0,0,0,0.0,0.0,0,0,0,0,7494
108,6,信用卡公司,財團法人聯合信用卡處理中心,0,0,0,0,0,0,0,0.0,0.0,0,0,0,0,96719
108,7,本國銀行,臺灣銀行#,231324,115335,2617,3407,223,879,1,0.19,773.0,1,2,13,0,1067
108,7,本國銀行,臺灣土地銀行,326675,164477,4303,2054,393,987,1,0.2,1197.36,2,4,15,0,4402
108,7,本國銀行,合作金庫商業銀行#,529531,337062,5406,3626,760,3403,3,0.13,485.19,4,8,20,0,33646
108,7,本國銀行,第一商業銀行#,1180988,739161,11954,9775,1500,4899,11,0.1,1774.65,6,16,52,0,13754
108,7,本國銀行,華南商業銀行#,1049490,800274,13705,10526,1077,4779,2,0.13,372.73,0,12,76,0,6565
108,7,本國銀行,彰化商業銀行,505033,221184,5965,2976,356,1637,1,0.15,688.02,2,5,24,0,7306
108,7,本國銀行,上海商業儲蓄銀行,409373,218907,8826,2534,673,1535,7,0.61,939.38,0,8,27,0,590
108,7,本國銀行,台北富邦銀行#,2788828,1959466,59398,17300,5185,25768,95,0.09,1449.15,18,58,295,2,5163
108,7,本國銀行,國泰世華商業銀行#,6564037,4768252,61424,29886,18128,46507,273,0.14,2407.36,43,193,431,6,57886
108,7,本國銀行,高雄銀行,11134,4221,66,77,10,167,0,0.24,361.33,0,0,1,0,931
108,7,本國銀行,兆豐國際商業銀行#,839763,550123,12771,4189,1279,3795,4,0.12,687.43,4,15,63,0,149
108,7,本國銀行,花旗(台灣)商業銀行,2887625,2325486,21593,24485,14078,19295,191,0.46,540.14,98,157,248,5,37125
108,7,本國銀行,臺灣中小企業銀行,319768,122748,604,2217,406,965,3,0.16,358.06,2,7,10,0,823
108,7,本國銀行,渣打國際商業銀行,364529,260023,4016,2349,1448,3389,7,0.25,992.82,7,15,54,0,30
108,7,本國銀行,台中商業銀行,135078,82126,1523,695,259,620,0,0.57,827.77,3,3,7,0,638
108,7,本國銀行,滙豐(台灣)商業銀行,624388,447183,9021,7983,2217,6416,37,0.17,3119.24,5,26,94,1,0
108,7,本國銀行,華泰商業銀行,10029,5485,14,73,13,51,0,0.32,372.06,0,0,1,0,0
108,7,本國銀行,臺灣新光商業銀行#,814250,490032,8084,6839,1789,4606,10,0.22,267.28,7,22,61,0,2117
108,7,本國銀行,陽信商業銀行,106935,57330,1462,1149,215,395,0,0.44,546.31,0,3,3,0,1283
108,7,本國銀行,三信商業銀行,15097,10450,155,58,26,132,0,0.82,2953.19,0,0,1,0,0
108,7,本國銀行,聯邦商業銀行,2108596,1188716,51845,13749,5806,7510,73,0.24,156.54,17,56,105,1,13214
108,7,本國銀行,遠東國際商業銀行,1532422,1010287,11373,6175,4192,4541,175,0.31,100.49,16,68,54,1,6471
108,7,本國銀行,元大商業銀行#,1171330,731080,6068,9219,1559,6822,23,0.08,1031.28,6,20,108,1,1014
108,7,本國銀行,永豐商業銀行#,1954321,1084985,36755,10908,4402,9235,103,0.25,683.82,12,59,138,3,15084
108,7,本國銀行,玉山商業銀行#,5248175,3693069,127293,33261,12832,36767,311,0.2,592.4,44,156,512,9,53997
108,7,本國銀行,凱基商業銀行#,424783,201634,5048,4007,1074,1067,8,0.66,186.42,5,13,10,0,4582
108,7,本國銀行,星展(台灣)商業銀行,574707,320837,9067,4275,1534,3585,26,0.55,281.99,13,38,73,1,61
108,7,本國銀行,台新國際商業銀行#,5088676,3587137,83504,26439,10809,31810,259,0.14,1063.85,24,117,385,16,133938
108,7,本國銀行,日盛國際商業銀行#,151276,99910,351,834,322,392,3,0.23,991.05,1,3,5,0,190
108,7,本國銀行,安泰商業銀行,124122,62667,520,569,257,425,1,0.31,259.63,0,2,6,0,2
108,7,本國銀行,中國信託商業銀行#,6813450,4564963,68861,80198,17791,41145,670,0.11,513.3,60,205,581,39,105191
108,7,信用卡公司,台灣樂天信用卡股份有限公司,537992,310502,9100,1487,456,1875,3,0.33,436.86,1,9,34,0,0
108,7,信用卡公司,台灣美國運通國際(股)公司,180149,118630,3506,2924,352,4632,2,0.13,582.5,6,3,95,0,92080
108,7,信用卡公司,香港商台灣環滙亞太信用卡,0,0,0,0,0,0,0,0.0,0.0,0,0,0,0,7430
108,7,信用卡公司,財團法人聯合信用卡處理中心,0,0,0,0,0,0,0,0.0,0.0,0,0,0,0,97270
108,8,本國銀行,臺灣銀行#,227598,115920,2076,6399,221,837,1,0.32,498.81,0,2,10,0,1079
108,8,本國銀行,臺灣土地銀行,328019,165681,3677,2402,394,908,1,0.26,1093.02,2,3,14,0,4431
108,8,本國銀行,合作金庫商業銀行#,531349,339215,6050,4443,773,3455,2,0.19,427.12,4,8,25,0,33859
108,8,本國銀行,第一商業銀行#,1186708,742319,12542,9637,1500,4532,9,0.1,1783.45,6,16,45,0,14028
108,8,本國銀行,華南商業銀行#,1043924,798878,8090,9592,1096,4861,2,0.16,347.87,0,11,76,0,6612
108,8,本國銀行,彰化商業銀行,519598,226570,19500,3343,293,1518,1,0.09,899.86,1,5,22,0,7420
108,8,本國銀行,上海商業儲蓄銀行,414915,223212,7440,2396,689,1451,7,0.47,1203.32,4,8,25,0,590
108,8,本國銀行,台北富邦銀行#,2817758,1992657,45234,16304,5245,21891,89,0.09,1416.93,22,59,263,2,6228
108,8,本國銀行,國泰世華商業銀行#,6611343,4810265,75871,28565,18267,42379,257,0.15,2338.95,38,200,511,7,58420
108,8,本國銀行,高雄銀行,11123,4205,75,99,10,160,0,0.23,379.2,0,0,0,0,927
108,8,本國銀行,兆豐國際商業銀行#,849995,556268,14416,4184,1299,3372,4,0.12,767.98,3,15,51,0,158
108,8,本國銀行,花旗(台灣)商業銀行,2890660,2329346,20307,18787,13874,18473,200,0.46,545.86,41,154,233,5,36588
108,8,本國銀行,臺灣中小企業銀行,317698,122438,535,2605,411,992,3,0.13,361.11,2,6,9,0,834
108,8,本國銀行,渣打國際商業銀行,365644,261476,3614,2093,1445,3113,6,0.21,1010.9,5,18,48,0,30
108,8,本國銀行,台中商業銀行,135932,82203,1365,636,256,577,0,0.49,880.66,2,3,6,0,634
108,8,本國銀行,滙豐(台灣)商業銀行,625133,447899,8250,7505,2204,5819,33,0.16,3116.36,6,26,89,1,0
108,8,本國銀行,華泰商業銀行,9965,5486,8,72,13,43,0,0.63,353.35,0,0,1,0,0
108,8,本國銀行,臺灣新光商業銀行#,815886,492566,6963,5327,1774,3670,9,0.23,262.8,7,24,61,0,2079
108,8,本國銀行,陽信商業銀行,107301,57347,1134,934,217,377,0,0.68,216.0,0,3,3,0,1323
108,8,本國銀行,三信商業銀行,15122,10449,153,85,25,133,0,0.8,3092.07,0,0,1,0,0
108,8,本國銀行,聯邦商業銀行,2132776,1210589,38138,13958,5836,7334,63,0.22,157.27,16,58,102,1,13390
108,8,本國銀行,遠東國際商業銀行,1540522,1013054,13705,5632,4216,4222,142,0.32,100.57,14,67,42,1,6960
108,8,本國銀行,元大商業銀行#,1172122,721439,5544,8234,1592,5793,22,0.08,1061.12,8,20,90,1,973
108,8,本國銀行,永豐商業銀行#,1972995,1104195,29631,11093,4416,8218,95,0.26,626.53,12,58,122,3,15162
108,8,本國銀行,玉山商業銀行#,5374889,3793372,155055,28341,12912,35240,281,0.2,600.16,44,158,463,9,54127
108,8,本國銀行,凱基商業銀行#,419390,201716,6143,11567,1080,1059,7,0.66,184.96,4,13,8,0,4740
108,8,本國銀行,星展(台灣)商業銀行,580468,321129,8140,5657,1524,3321,26,0.52,289.53,13,37,64,1,61
108,8,本國銀行,台新國際商業銀行#,5137674,3625576,72755,23757,10789,30768,258,0.14,1044.93,24,119,392,16,134663
108,8,本國銀行,日盛國際商業銀行#,150906,98903,342,712,323,373,2,0.27,903.32,1,3,5,0,188
108,8,本國銀行,安泰商業銀行,124138,61681,511,465,255,394,0,0.22,296.09,3,2,6,0,2
108,8,本國銀行,中國信託商業銀行#,6839688,4590168,63021,40231,17709,38683,583,0.1,512.31,60,203,514,37,105424
108,8,信用卡公司,台灣樂天信用卡股份有限公司,545439,312339,8209,1352,462,1685,4,0.32,439.73,1,9,31,0,0
108,8,信用卡公司,台灣美國運通國際(股)公司,181026,119684,3643,2766,346,4430,1,0.14,553.89,2,3,89,0,92525
108,8,信用卡公司,香港商台灣環滙亞太信用卡,0,0,0,0,0,0,0,0.0,0.0,0,0,0,0,7389
108,8,信用卡公司,財團法人聯合信用卡處理中心,0,0,0,0,0,0,0,0.0,0.0,0,0,0,0,96512
108,9,本國銀行,臺灣銀行#,221714,115828,1653,8083,220,776,1,0.3,517.25,1,2,10,0,1091
108,9,本國銀行,臺灣土地銀行,328602,166506,2795,2389,400,782,1,0.23,1206.93,3,4,13,0,4456
108,9,本國銀行,合作金庫商業銀行#,533365,339126,6210,4455,782,3276,2,0.25,411.95,6,8,23,0,34195
108,9,本國銀行,第一商業銀行#,1194221,740729,13653,8767,1507,4396,10,0.1,1694.75,6,17,43,0,14641
108,9,本國銀行,華南商業銀行#,1036873,794805,7166,9283,1037,4769,1,0.05,550.06,16,11,71,0,6705
108,9,本國銀行,彰化商業銀行,533016,237761,21419,2862,372,1521,1,0.21,578.8,2,4,21,0,7514
108,9,本國銀行,上海商業儲蓄銀行,419280,226588,6293,2481,689,1317,6,0.55,942.4,0,8,23,0,590
108,9,本國銀行,台北富邦銀行#,2842427,2011723,39419,14750,5359,23285,84,0.09,1433.72,18,58,281,2,6266
108,9,本國銀行,國泰世華商業銀行#,6661030,4849718,82642,32955,20304,38610,233,0.16,1286.12,47,196,550,6,58521
108,9,本國銀行,高雄銀行,11115,4192,54,72,10,161,0,0.34,278.94,0,0,0,0,927
108,9,本國銀行,兆豐國際商業銀行#,859054,557770,13024,3965,1343,3402,4,0.13,807.91,3,13,45,0,161
108,9,本國銀行,花旗(台灣)商業銀行,2893117,2320692,22207,19861,13696,17974,176,0.56,448.77,0,148,234,4,35970
108,9,本國銀行,臺灣中小企業銀行,205771,121735,400,112327,407,919,2,0.15,351.95,2,5,7,0,844
108,9,本國銀行,渣打國際商業銀行,365933,262452,2994,2430,1446,3118,7,0.23,983.25,7,16,47,0,30
108,9,本國銀行,台中商業銀行,136580,82041,1188,626,260,565,0,0.43,988.36,2,3,5,0,638
108,9,本國銀行,滙豐(台灣)商業銀行,625362,449091,7349,7120,2197,5635,31,0.16,2683.32,5,26,86,1,0
108,9,本國銀行,華泰商業銀行,9936,5460,8,37,13,47,0,0.7,347.74,0,0,1,0,0
108,9,本國銀行,臺灣新光商業銀行#,819803,493835,8331,4414,1800,4053,7,0.23,253.83,7,24,57,0,2086
108,9,本國銀行,陽信商業銀行,107602,57339,1108,972,215,374,0,0.37,342.62,4,3,3,0,1332
108,9,本國銀行,三信商業銀行,15162,10510,137,56,25,117,0,0.78,3437.24,0,0,1,0,0
108,9,本國銀行,聯邦商業銀行,2154600,1228783,35019,13195,5908,7320,59,0.23,154.8,16,57,104,1,13720
108,9,本國銀行,遠東國際商業銀行,1547793,1014499,12869,5638,4519,4176,131,0.32,100.43,13,68,41,1,6960
108,9,本國銀行,元大商業銀行#,1173021,714299,5396,7799,1549,5576,22,0.08,993.21,8,20,84,1,970
108,9,本國銀行,永豐商業銀行#,2069629,1114621,109363,12957,4432,8152,92,0.23,658.64,14,58,123,3,15169
108,9,本國銀行,玉山商業銀行#,5531455,3906016,181405,24839,13024,35111,276,0.19,596.82,43,145,455,8,54368
108,9,本國銀行,凱基商業銀行#,410684,200876,5492,14233,1098,1027,8,0.68,185.54,4,13,7,0,4917
108,9,本國銀行,星展(台灣)商業銀行,585704,323201,6814,4413,1539,3299,23,0.54,288.22,12,36,65,1,55
108,9,本國銀行,台新國際商業銀行#,5173782,3643918,62871,26763,10894,29146,228,0.15,1007.78,25,117,380,16,135473
108,9,本國銀行,日盛國際商業銀行#,150535,99397,294,665,316,350,2,0.33,804.93,1,3,4,0,185
108,9,本國銀行,安泰商業銀行,124207,61685,547,498,254,415,1,0.26,315.14,0,2,6,0,2
108,9,本國銀行,中國信託商業銀行#,6757702,4598075,54948,37218,17805,37309,546,0.11,511.68,56,199,511,35,105253
108,9,信用卡公司,台灣樂天信用卡股份有限公司,551494,312064,6805,1258,517,1617,3,0.32,564.88,1,9,28,0,0
108,9,信用卡公司,台灣美國運通國際(股)公司,181813,120137,3183,2396,354,4389,2,0.13,556.89,3,3,92,0,92657
108,9,信用卡公司,香港商台灣環滙亞太信用卡,0,0,0,0,0,0,0,0.0,0.0,0,0,0,0,7365
108,9,信用卡公司,財團法人聯合信用卡處理中心,0,0,0,0,0,0,0,0.0,0.0,0,0,0,0,96464
108,10,本國銀行,臺灣銀行#,221669,115553,1685,2240,220,782,1,0.24,605.77,1,2,12,0,1099
108,10,本國銀行,臺灣土地銀行,329926,167246,3353,2386,404,963,1,0.31,950.39,2,5,16,0,4482
108,10,本國銀行,合作金庫商業銀行#,538280,343253,9653,5000,775,3662,2,0.22,430.85,5,9,22,0,34468
108,10,本國銀行,第一商業銀行#,1200555,743816,13646,10229,1521,5087,13,0.1,1679.09,6,16,56,0,14830
108,10,本國銀行,華南商業銀行#,1029818,793080,9505,10278,1116,5421,2,0.09,472.77,0,12,86,0,6788
108,10,本國銀行,彰化商業銀行,531680,247911,11853,3251,371,1558,1,0.44,426.33,1,5,25,0,7571
108,10,本國銀行,上海商業儲蓄銀行,425193,231142,7909,2587,681,1609,7,0.44,1205.16,5,8,28,0,605
108,10,本國銀行,台北富邦銀行#,2883738,2032849,56468,15157,5309,21816,103,0.09,1446.57,21,61,293,2,6297
108,10,本國銀行,國泰世華商業銀行#,6706278,4889530,78893,33645,18822,46711,278,0.16,1283.98,43,203,519,7,61610
108,10,本國銀行,高雄銀行,11109,4195,46,65,10,165,0,0.14,518.24,0,0,1,0,930
108,10,本國銀行,兆豐國際商業銀行#,871868,560557,17057,4243,1351,3594,5,0.14,734.08,3,16,68,0,205
108,10,本國銀行,花旗(台灣)商業銀行,2893088,2322660,26589,26801,14138,20547,241,0.56,433.31,51,161,259,5,35171
108,10,本國銀行,臺灣中小企業銀行,204883,121168,689,1577,402,1042,2,0.17,346.23,2,5,10,0,848
108,10,本國銀行,渣打國際商業銀行,367101,263144,3782,2381,1443,3340,7,0.26,966.29,5,15,54,0,30
108,10,本國銀行,台中商業銀行,137673,82115,1673,721,259,630,0,0.43,973.49,1,4,7,0,637
108,10,本國銀行,滙豐(台灣)商業銀行,625253,448806,7664,7773,2201,6593,34,0.18,1988.01,6,25,94,1,0
108,10,本國銀行,華泰商業銀行,9899,5413,6,43,12,41,0,0.83,341.9,0,0,1,0,0
108,10,本國銀行,臺灣新光商業銀行#,824807,494396,10021,5017,1770,4487,11,0.25,237.72,7,22,64,0,5595
108,10,本國銀行,陽信商業銀行,107538,57368,1138,1365,219,397,0,0.49,421.12,0,3,3,0,1328
108,10,本國銀行,三信商業銀行,15199,10545,127,62,25,113,0,0.73,3449.97,0,0,1,0,0
108,10,本國銀行,聯邦商業銀行,2094002,1239976,44346,104944,5970,7983,72,0.22,147.67,17,57,112,1,13968
108,10,本國銀行,遠東國際商業銀行,1565033,1021819,25799,8573,4211,5110,170,0.3,100.61,14,67,63,1,6959
108,10,本國銀行,元大商業銀行#,1173254,706675,5485,8476,1544,6230,22,0.08,1008.14,8,19,103,1,944
108,10,本國銀行,永豐商業銀行#,2204490,1147389,156688,21811,4451,9241,108,0.24,648.16,12,58,131,3,15503
108,10,本國銀行,玉山商業銀行#,5660479,4044943,159564,30540,13153,39249,312,0.21,565.07,45,173,591,10,54437
108,10,本國銀行,凱基商業銀行#,386939,199890,4041,27804,1105,1102,9,0.71,182.31,5,13,9,0,5036
108,10,本國銀行,星展(台灣)商業銀行,589197,323734,6700,5106,1533,3710,28,0.49,301.21,13,37,78,1,55
108,10,本國銀行,台新國際商業銀行#,5240386,3671772,90903,24299,11043,31337,227,0.16,967.27,23,122,420,16,136042
108,10,本國銀行,日盛國際商業銀行#,150121,99006,358,772,319,390,3,0.25,942.73,1,3,5,0,182
108,10,本國銀行,安泰商業銀行,124311,61624,600,512,250,428,1,0.3,326.78,0,2,7,0,2
108,10,本國銀行,中國信託商業銀行#,6795362,4618130,81654,45090,17935,41490,696,0.12,503.7,61,207,610,38,105349
108,10,信用卡公司,台灣樂天信用卡股份有限公司,559686,314061,9021,1356,481,1876,4,0.35,433.27,0,10,38,0,0
108,10,信用卡公司,台灣美國運通國際(股)公司,182584,120713,3405,2634,352,4536,2,0.21,438.44,2,3,93,0,92805
108,10,信用卡公司,香港商台灣環滙亞太信用卡,0,0,0,0,0,0,0,0.0,0.0,0,0,0,0,7371
108,10,信用卡公司,財團法人聯合信用卡處理中心,0,0,0,0,0,0,0,0.0,0.0,0,0,0,0,96043
108,11,本國銀行,臺灣銀行#,221484,113768,1474,1995,222,739,1,0.26,577.64,0,2,10,0,1101
108,11,本國銀行,臺灣土地銀行,331240,167432,3574,2137,405,887,1,0.26,1159.92,3,3,12,0,4483
108,11,本國銀行,合作金庫商業銀行#,545367,348615,11487,4686,791,3498,2,0.23,414.17,5,8,26,0,34650
108,11,本國銀行,第一商業銀行#,1208057,747712,14345,9640,1512,4560,10,0.11,1643.86,6,16,49,0,15242
108,11,本國銀行,華南商業銀行#,1024162,791259,10473,9379,1127,4492,2,0.16,405.64,0,11,75,0,6902
108,11,本國銀行,彰化商業銀行,519672,248074,4674,3106,303,1472,1,0.35,516.21,2,5,22,0,7775
108,11,本國銀行,上海商業儲蓄銀行,428531,234881,5370,2563,693,1445,7,0.53,960.76,0,8,24,0,621
108,11,本國銀行,台北富邦銀行#,3001302,2049255,130834,13270,5413,20665,91,0.1,1315.93,19,58,266,2,6340
108,11,本國銀行,國泰世華商業銀行#,6741416,4926478,64225,29087,18872,41766,255,0.16,1273.24,45,200,378,7,62106
108,11,本國銀行,高雄銀行,11101,4170,36,51,10,200,0,0.18,348.19,0,0,1,0,920
108,11,本國銀行,兆豐國際商業銀行#,881879,570869,14012,4001,1390,3675,4,0.15,711.48,4,15,60,0,225
108,11,本國銀行,花旗(台灣)商業銀行,2892706,2319190,26829,27530,13716,19186,205,0.45,512.78,84,150,238,4,34550
108,11,本國銀行,臺灣中小企業銀行,204275,120540,565,1173,400,1071,2,0.19,343.1,2,5,9,0,852
108,11,本國銀行,渣打國際商業銀行,367951,263307,3427,2029,1433,3158,6,0.23,984.44,8,18,50,0,30
108,11,本國銀行,台中商業銀行,138811,82122,1827,820,257,572,0,0.4,984.26,2,3,6,0,634
108,11,本國銀行,滙豐(台灣)商業銀行,624171,448268,6957,8039,2188,5815,31,0.19,1879.43,4,26,85,1,0
108,11,本國銀行,華泰商業銀行,9836,5356,7,70,12,42,0,0.85,342.3,0,0,1,0,0
108,11,本國銀行,臺灣新光商業銀行#,828340,495694,8868,5335,1765,3822,8,0.23,230.58,6,22,63,0,5591
108,11,本國銀行,陽信商業銀行,107421,57149,893,1171,215,383,0,0.63,252.11,0,3,3,0,1350
108,11,本國銀行,三信商業銀行,15193,10540,103,65,25,119,0,0.89,3261.23,0,0,1,0,0
108,11,本國銀行,聯邦商業銀行,2128098,1253972,47903,13807,5986,7842,63,0.23,150.22,17,58,111,1,14134
108,11,本國銀行,遠東國際商業銀行,1580759,1040098,24248,8535,4318,5086,145,0.31,100.6,13,69,59,1,6961
108,11,本國銀行,元大商業銀行#,1173089,699218,4299,7815,1554,5435,22,0.08,969.21,7,19,85,1,904
108,11,本國銀行,永豐商業銀行#,2216264,1176570,32640,21015,4440,8155,90,0.25,644.81,14,58,125,3,15809
108,11,本國銀行,玉山商業銀行#,5736983,4132762,120659,44155,13197,38271,282,0.2,585.61,45,160,551,9,54635
108,11,本國銀行,凱基商業銀行#,385130,197152,4631,6468,1115,1005,7,0.72,184.4,5,14,8,0,4502
108,11,本國銀行,星展(台灣)商業銀行,593182,325310,6249,4355,1545,3385,23,0.51,300.36,10,36,66,1,54
108,11,本國銀行,台新國際商業銀行#,5320191,3737125,103770,23965,10968,28989,226,0.16,952.96,28,118,415,16,143664
108,11,本國銀行,日盛國際商業銀行#,149731,99093,255,610,316,337,3,0.24,988.79,1,1,5,0,184
108,11,本國銀行,安泰商業銀行,124409,61549,559,531,248,402,1,0.26,367.73,2,3,6,0,2
108,11,本國銀行,中國信託商業銀行#,6833259,4637916,78368,41968,17771,38506,604,0.12,496.71,55,198,541,37,106258
108,11,信用卡公司,台灣樂天信用卡股份有限公司,566703,316917,7837,1418,496,1814,3,0.35,450.35,1,10,31,0,0
108,11,信用卡公司,台灣美國運通國際(股)公司,183254,121031,3044,2374,356,4818,2,0.21,459.31,2,3,97,0,93062
108,11,信用卡公司,香港商台灣環滙亞太信用卡,0,0,0,0,0,0,0,0.0,0.0,0,0,0,0,7345
108,11,信用卡公司,財團法人聯合信用卡處理中心,0,0,0,0,0,0,0,0.0,0.0,0,0,0,0,94708
108,12,本國銀行,臺灣銀行#,221158,114614,1215,1973,224,871,1,0.23,583.58,1,2,11,0,1122
108,12,本國銀行,臺灣土地銀行,331978,167818,2477,2072,412,1039,1,0.26,1075.03,2,5,13,0,4499
108,12,本國銀行,合作金庫商業銀行#,547861,351798,7394,5086,793,3933,2,0.18,430.86,6,9,19,0,34743
108,12,本國銀行,第一商業銀行#,1215047,748749,15078,10910,1530,4765,11,0.12,1561.83,5,17,47,0,15623
108,12,本國銀行,華南商業銀行#,1032094,794459,19047,9929,1119,4694,2,0.05,600.81,16,11,75,0,6993
108,12,本國銀行,彰化商業銀行,518004,251381,2398,3806,370,1554,1,0.24,589.94,6,5,30,0,7844
108,12,本國銀行,上海商業儲蓄銀行,431146,237678,4289,2423,705,1536,8,0.44,1254.66,4,8,26,0,631
108,12,本國銀行,台北富邦銀行#,3288239,2102023,300269,13332,5446,23903,101,0.1,1246.46,21,61,307,2,6577
108,12,本國銀行,國泰世華商業銀行#,6734229,4974594,66433,73620,19043,55919,275,0.15,1254.71,43,202,449,7,62836
108,12,本國銀行,高雄銀行,11105,4140,46,42,11,141,0,0.25,336.82,0,0,1,0,924
108,12,本國銀行,兆豐國際商業銀行#,890413,579700,12345,3811,1417,3716,4,0.18,665.28,5,15,53,0,241
108,12,本國銀行,花旗(台灣)商業銀行,2897671,2317987,23439,18369,13558,19310,213,0.57,417.98,0,149,244,4,32677
108,12,本國銀行,臺灣中小企業銀行,203587,118971,481,1169,397,1063,2,0.19,342.23,1,7,9,0,853
108,12,本國銀行,渣打國際商業銀行,369015,264977,3654,2578,1450,3531,8,0.21,1002.42,6,13,54,0,30
108,12,本國銀行,台中商業銀行,139662,82292,1451,732,259,589,0,0.33,1210.94,2,4,6,0,634
108,12,本國銀行,滙豐(台灣)商業銀行,621851,447158,5125,7445,2199,6008,32,0.19,1908.5,7,27,89,1,0
108,12,本國銀行,華泰商業銀行,9796,5236,3,43,11,51,0,1.12,326.84,0,0,0,0,0
108,12,本國銀行,臺灣新光商業銀行#,834285,503608,11986,6041,1775,5371,11,0.2,231.72,7,23,72,0,5632
108,12,本國銀行,陽信商業銀行,107555,56672,1028,1058,214,399,0,0.32,468.79,4,3,3,0,1426
108,12,本國銀行,三信商業銀行,15149,10501,56,74,25,119,0,0.63,3803.95,0,0,1,0,0
108,12,本國銀行,聯邦商業銀行,2162706,1266940,49815,15207,6080,8964,82,0.23,149.87,16,58,132,1,14236
108,12,本國銀行,遠東國際商業銀行,1587131,1052137,14874,8537,4288,5054,155,0.31,100.68,15,68,51,1,8334
108,12,本國銀行,元大商業銀行#,1171979,692028,3706,8207,1542,5688,23,0.08,923.54,7,19,89,1,852
108,12,本國銀行,永豐商業銀行#,1986502,1015915,26967,256985,4454,8731,102,0.27,602.83,11,57,133,3,16003
108,12,本國銀行,玉山商業銀行#,5824072,4173821,114679,27590,13498,38689,326,0.2,558.87,44,161,605,10,54706
108,12,本國銀行,凱基商業銀行#,385000,195827,6199,6400,1123,1060,7,0.73,185.21,5,13,7,0,4606
108,12,本國銀行,星展(台灣)商業銀行,596567,325753,6707,4494,1552,3549,28,0.48,310.21,13,38,70,1,55
108,12,本國銀行,台新國際商業銀行#,5353487,3794049,73779,40483,11120,29994,297,0.17,916.36,27,122,402,16,144565
108,12,本國銀行,日盛國際商業銀行#,149412,98213,299,618,310,359,3,0.24,954.42,1,3,5,0,187
108,12,本國銀行,安泰商業銀行,124493,61390,584,533,247,444,1,0.34,120.99,0,2,6,0,2
108,12,本國銀行,中國信託商業銀行#,6872801,4669805,81739,42197,17915,43200,674,0.13,493.55,61,207,618,38,106682
108,12,信用卡公司,台灣樂天信用卡股份有限公司,573990,320803,8072,1330,503,1949,4,0.34,454.16,1,10,34,0,0
108,12,信用卡公司,台灣美國運通國際(股)公司,184051,121252,3779,2982,357,4745,2,0.27,371.42,4,3,100,0,93671
108,12,信用卡公司,香港商台灣環滙亞太信用卡,0,0,0,0,0,0,0,0.0,0.0,0,0,0,0,7315
108,12,信用卡公司,財團法人聯合信用卡處理中心,0,0,0,0,0,0,0,0.0,0.0,0,0,0,0,93886
109,1,本國銀行,臺灣銀行#,221073,113740,1590,1984,215,783,1,0.17,708.25,1,2,11,0,1126
109,1,本國銀行,臺灣土地銀行,332663,164742,2168,1658,408,836,1,0.33,800.07,2,4,14,0,4496
109,1,本國銀行,合作金庫商業銀行#,546463,352376,3797,5388,810,3460,2,0.26,378.22,5,8,26,0,34955
109,1,本國銀行,第一商業銀行#,1216859,748430,8502,9238,1511,4534,9,0.1,1648.5,6,17,47,0,16502
109,1,本國銀行,華南商業銀行#,1028166,790962,5980,8472,1037,4380,1,0.11,468.67,0,11,66,0,7027
109,1,本國銀行,彰化商業銀行,520701,249423,6179,4064,372,1450,1,0.22,619.13,2,5,21,0,7858
109,1,本國銀行,上海商業儲蓄銀行,433645,238881,4268,2336,695,1359,5,0.56,920.67,0,8,23,0,629
109,1,本國銀行,台北富邦銀行#,3404185,2138652,129372,13426,5524,22451,78,0.09,1259.01,22,62,300,2,6682
109,1,本國銀行,國泰世華商業銀行#,6761900,4984194,52753,25082,18432,43256,188,0.15,1255.42,44,214,316,7,62459
109,1,本國銀行,高雄銀行,11208,4264,133,33,10,168,0,0.25,319.57,0,0,0,0,917
109,1,本國銀行,兆豐國際商業銀行#,894691,583086,8991,4713,1452,3718,4,0.21,580.54,4,15,66,0,247
109,1,本國銀行,花旗(台灣)商業銀行,2891300,2306049,14183,20767,13726,19085,162,0.47,487.2,92,157,241,3,32274
109,1,本國銀行,臺灣中小企業銀行,202678,117578,331,1240,396,1023,2,0.17,345.75,2,6,8,0,873
109,1,本國銀行,渣打國際商業銀行,370227,265553,4064,2088,1426,3309,6,0.19,1019.27,7,19,51,0,30
109,1,本國銀行,台中商業銀行,140102,81828,905,602,234,556,0,0.36,1100.51,1,3,5,0,636
109,1,本國銀行,滙豐(台灣)商業銀行,622316,445613,9953,9488,2207,5962,30,0.19,1886.13,4,27,89,1,0
109,1,本國銀行,華泰商業銀行,9760,5243,3,39,13,46,0,0.89,351.42,0,0,1,0,0
109,1,本國銀行,臺灣新光商業銀行#,834479,500018,7163,6969,1784,3762,8,0.21,228.3,7,24,63,0,5685
109,1,本國銀行,陽信商業銀行,107856,56314,1060,941,218,369,0,0.54,591.84,0,3,2,0,1455
109,1,本國銀行,三信商業銀行,15058,10441,102,67,24,131,0,0.5,4192.59,0,0,1,0,0
109,1,本國銀行,聯邦商業銀行,2175854,1285410,28120,14972,6032,8663,51,0.23,148.38,17,60,118,1,14409
109,1,本國銀行,遠東國際商業銀行,1589873,1052270,9400,6734,4330,4697,141,0.3,100.62,15,71,58,1,8229
109,1,本國銀行,元大商業銀行#,1170165,684403,3266,7888,1489,5247,13,0.08,953.21,5,19,83,1,819
109,1,本國銀行,永豐商業銀行#,2018273,1031171,42764,11207,4456,9378,76,0.26,596.32,13,61,144,3,16226
109,1,本國銀行,玉山商業銀行#,5888607,4221953,90310,25775,13551,41801,237,0.19,555.68,44,165,579,9,54677
109,1,本國銀行,凱基商業銀行#,398086,193936,18190,5110,1127,1003,6,0.74,186.12,6,14,9,0,4666
109,1,本國銀行,星展(台灣)商業銀行,600544,326629,5025,4461,1548,3378,23,0.55,295.67,10,37,63,1,55
109,1,本國銀行,台新國際商業銀行#,5385028,3801203,59400,27859,11135,32050,223,0.17,905.71,29,123,405,16,146523
109,1,本國銀行,日盛國際商業銀行#,149149,97269,187,450,302,338,2,0.28,894.04,1,3,3,0,183
109,1,本國銀行,安泰商業銀行,124412,61073,379,459,246,394,1,0.36,141.83,0,2,6,0,2
109,1,本國銀行,中國信託商業銀行#,6906078,4672275,69461,36184,17852,39598,507,0.13,457.08,62,205,541,34,106668
109,1,信用卡公司,台灣樂天信用卡股份有限公司,578577,318783,5478,1414,528,1523,2,0.36,451.22,1,11,28,0,0
109,1,信用卡公司,台灣美國運通國際(股)公司,182332,121213,2896,4615,357,4376,2,0.27,372.42,4,3,94,0,93653
109,1,信用卡公司,香港商台灣環滙亞太信用卡,0,0,0,0,0,0,0,0.0,0.0,0,0,0,0,7366
109,1,信用卡公司,財團法人聯合信用卡處理中心,0,0,0,0,0,0,0,0.0,0.0,0,0,0,0,93843
109,2,本國銀行,臺灣銀行#,221670,113006,1895,1543,217,573,1,0.26,564.3,0,2,11,0,1132
109,2,本國銀行,臺灣土地銀行,333617,162548,2583,1851,405,792,1,0.29,1134.59,3,3,11,0,4501
109,2,本國銀行,合作金庫商業銀行#,546546,350818,4384,4444,796,2695,1,0.3,382.67,5,7,10,0,34962
109,2,本國銀行,第一商業銀行#,1221089,741911,12189,10428,1474,3924,8,0.1,1705.42,6,16,32,0,16873
109,2,本國銀行,華南商業銀行#,1025555,784440,8410,9761,1031,3611,1,0.19,382.46,0,11,66,0,7132
109,2,本國銀行,彰化商業銀行,523071,245666,6647,4979,301,1282,1,0.14,846.1,1,4,2,0,7890
109,2,本國銀行,上海商業儲蓄銀行,435130,239068,3420,2473,693,1457,5,0.48,864.18,5,8,24,0,647
109,2,本國銀行,台北富邦銀行#,3464782,2175622,76924,16327,5471,18197,68,0.11,1212.28,23,57,224,2,6715
109,2,本國銀行,國泰世華商業銀行#,6798879,4993091,64565,27586,18819,33152,160,0.17,1302.96,46,203,278,4,63491
109,2,本國銀行,高雄銀行,11589,4632,412,43,10,122,0,0.23,317.4,0,0,0,0,918
109,2,本國銀行,兆豐國際商業銀行#,901732,591691,11726,4685,1442,2800,3,0.24,550.93,6,15,53,0,262
109,2,本國銀行,花旗(台灣)商業銀行,2892670,2292279,16020,14714,12176,14271,142,0.64,401.69,0,134,184,3,31965
109,2,本國銀行,臺灣中小企業銀行,202116,115737,285,847,406,754,2,0.23,333.78,1,5,7,0,879
109,2,本國銀行,渣打國際商業銀行,372195,266450,4812,2353,1382,2599,5,0.23,1005.44,6,12,42,0,30
109,2,本國銀行,台中商業銀行,140942,81696,1443,668,227,505,0,0.4,1153.05,1,3,4,0,642
109,2,本國銀行,滙豐(台灣)商業銀行,622675,444449,9462,9103,2174,4848,20,0.21,1848.05,8,26,66,1,0
109,2,本國銀行,華泰商業銀行,9742,5198,7,25,11,33,0,0.98,357.19,0,0,0,0,0
109,2,本國銀行,臺灣新光商業銀行#,840335,500397,13110,7254,1777,3123,5,0.23,225.11,6,21,50,0,5689
109,2,本國銀行,陽信商業銀行,108557,55938,1412,854,215,313,0,0.8,288.91,0,3,2,0,1500
109,2,本國銀行,三信商業銀行,15119,10379,186,65,24,103,0,0.62,4192.92,0,0,1,0,0
109,2,本國銀行,聯邦商業銀行,2191207,1292659,30764,15411,5949,6693,55,0.24,146.93,18,58,96,1,14540
109,2,本國銀行,遠東國際商業銀行,1594668,1045414,11103,6366,4542,3507,113,0.31,100.64,15,75,30,1,8236
109,2,本國銀行,元大商業銀行#,1169189,674273,4194,8179,1469,4368,15,0.08,984.49,6,18,66,0,787
109,2,本國銀行,永豐商業銀行#,2022117,1029680,36389,32687,4405,7896,70,0.25,632.72,16,58,113,2,16318
109,2,本國銀行,玉山商業銀行#,5947662,4277618,86840,27785,13066,33816,214,0.2,563.58,45,146,434,7,54888
109,2,本國銀行,凱基商業銀行#,429373,194302,37282,6036,1132,832,5,0.85,181.15,5,13,6,0,4774
109,2,本國銀行,星展(台灣)商業銀行,602323,324227,5313,4898,1562,2843,19,0.6,283.53,11,35,56,1,55
109,2,本國銀行,台新國際商業銀行#,5418984,3795970,60230,26274,10914,26464,171,0.19,885.61,27,115,392,14,147360
109,2,本國銀行,日盛國際商業銀行#,148716,97850,228,661,297,310,2,0.3,895.0,1,3,4,0,181
109,2,本國銀行,安泰商業銀行,124346,60393,414,543,244,318,0,0.47,149.03,0,2,5,0,2
109,2,本國銀行,中國信託商業銀行#,6921395,4643745,65013,49696,17402,32613,463,0.14,472.18,59,192,414,31,107064
109,2,信用卡公司,台灣樂天信用卡股份有限公司,584487,314189,6823,1497,468,999,2,0.35,584.45,1,10,18,0,0
109,2,信用卡公司,台灣美國運通國際(股)公司,182181,119456,2566,2717,346,2590,1,0.37,434.32,3,3,55,0,94370
109,2,信用卡公司,香港商台灣環滙亞太信用卡,0,0,0,0,0,0,0,0.0,0.0,0,0,0,0,7385
109,2,信用卡公司,財團法人聯合信用卡處理中心,0,0,0,0,0,0,0,0.0,0.0,0,0,0,0,93200
109,3,本國銀行,臺灣銀行#,223170,112692,2558,1297,217,676,1,0.26,575.26,1,2,11,0,1147
109,3,本國銀行,臺灣土地銀行,334769,160275,2560,1761,401,700,1,0.32,1130.44,2,4,10,0,4618
109,3,本國銀行,合作金庫商業銀行#,547551,349038,5155,4414,777,2758,2,0.33,367.4,5,8,15,0,35231
109,3,本國銀行,第一商業銀行#,1229741,749586,16021,9989,1465,3869,9,0.11,1632.61,6,16,31,0,17211
109,3,本國銀行,華南商業銀行#,1023861,782142,8340,9176,1062,3346,2,0.06,529.6,15,11,55,0,7182
109,3,本國銀行,彰化商業銀行,526958,239840,7816,4548,358,1283,1,0.29,597.79,2,5,17,0,7980
109,3,本國銀行,上海商業儲蓄銀行,436151,238947,3110,3085,677,1104,6,0.35,1338.83,7,7,18,0,642
109,3,本國銀行,台北富邦銀行#,3504874,2228321,61494,21402,5305,23172,110,0.11,1192.59,23,60,282,3,6758
109,3,本國銀行,國泰世華商業銀行#,6838908,5001551,69601,29572,18048,41690,261,0.18,1251.55,42,194,301,6,65388
109,3,本國銀行,高雄銀行,12151,5181,617,70,11,162,0,0.02,1872.21,0,0,0,0,915
109,3,本國銀行,兆豐國際商業銀行#,911695,604395,14106,4143,1412,3008,4,0.28,530.57,6,14,43,0,300
109,3,本國銀行,花旗(台灣)商業銀行,2889279,2293802,20145,23301,12292,13136,202,0.58,470.31,92,143,161,4,31564
109,3,本國銀行,臺灣中小企業銀行,201778,113698,468,806,378,691,2,0.18,345.66,2,5,4,0,898
109,3,本國銀行,渣打國際商業銀行,374993,267750,5363,2453,1342,2740,7,0.23,1025.34,4,12,41,0,30
109,3,本國銀行,台中商業銀行,142528,81118,2172,687,246,462,0,0.56,967.36,1,3,4,0,643
109,3,本國銀行,滙豐(台灣)商業銀行,621223,442382,8371,9823,2175,4148,33,0.28,1831.18,6,24,57,1,0
109,3,本國銀行,華泰商業銀行,9702,5144,5,45,12,38,0,0.49,400.27,0,0,0,0,0
109,3,本國銀行,臺灣新光商業銀行#,843932,502927,15726,12129,1730,3613,8,0.25,230.8,7,23,43,0,5722
109,3,本國銀行,陽信商業銀行,109203,55815,1403,914,209,289,0,0.38,498.12,3,3,2,0,1549
109,3,本國銀行,三信商業銀行,15258,10439,270,77,23,81,0,0.76,4180.15,0,0,1,0,0
109,3,本國銀行,聯邦商業銀行,2215438,1293597,37690,13459,5870,7186,91,0.25,148.15,18,56,99,1,14650
109,3,本國銀行,遠東國際商業銀行,1597899,1045377,9854,6659,4186,3692,173,0.3,100.66,13,71,37,1,8694
109,3,本國銀行,元大商業銀行#,1168999,664066,3776,7060,1470,3865,21,0.08,905.1,6,18,59,0,703
109,3,本國銀行,永豐商業銀行#,2040570,1048373,30604,12458,4359,8031,107,0.27,640.13,15,53,106,2,16452
109,3,本國銀行,玉山商業銀行#,6006271,4315393,83596,24987,13230,35231,356,0.23,574.18,46,169,472,8,54644
109,3,本國銀行,凱基商業銀行#,458045,198340,34884,6232,1123,819,8,0.83,181.42,8,13,4,0,4835
109,3,本國銀行,星展(台灣)商業銀行,603719,323481,5078,5972,1540,2486,27,0.67,264.42,12,38,49,1,55
109,3,本國銀行,台新國際商業銀行#,5448102,3809013,55382,26264,10898,24780,279,0.2,906.17,34,121,317,16,147553
109,3,本國銀行,日盛國際商業銀行#,148375,96658,271,612,299,282,4,0.25,991.58,0,3,4,0,182
109,3,本國銀行,安泰商業銀行,124392,59799,506,500,241,337,1,0.57,157.51,0,2,5,0,2
109,3,本國銀行,中國信託商業銀行#,6945990,4640372,64825,40230,17408,31597,745,0.15,476.57,64,201,440,36,107040
109,3,信用卡公司,台灣樂天信用卡股份有限公司,585703,306081,2386,1771,488,827,4,0.54,413.88,1,10,11,0,0
109,3,信用卡公司,台灣美國運通國際(股)公司,181500,117361,2393,3074,328,2136,1,0.47,724.51,7,3,48,0,94554
109,3,信用卡公司,香港商台灣環滙亞太信用卡,0,0,0,0,0,0,0,0.0,0.0,0,0,0,0,7376
109,3,信用卡公司,財團法人聯合信用卡處理中心,0,0,0,0,0,0,0,0.0,0.0,0,0,0,0,92898
109,4,本國銀行,臺灣銀行#,224667,112155,3247,2003,210,511,1,0.29,490.32,0,2,8,0,1160
109,4,本國銀行,臺灣土地銀行,335728,157009,2521,1662,394,620,1,0.3,1321.6,2,3,9,0,4643
109,4,本國銀行,合作金庫商業銀行#,553498,347151,9685,3990,773,2237,2,0.39,375.49,6,8,15,0,35265
109,4,本國銀行,第一商業銀行#,1237542,752382,14772,10081,1445,3508,10,0.1,1724.43,6,16,32,0,17600
109,4,本國銀行,華南商業銀行#,1021919,776024,7527,8673,1059,2964,2,0.13,424.97,0,10,48,0,7305
109,4,本國銀行,彰化商業銀行,532258,235150,8444,3661,358,1154,1,0.49,462.01,0,4,16,0,8058
109,4,本國銀行,上海商業儲蓄銀行,436635,236901,2387,2907,654,969,7,0.27,1327.94,3,8,16,0,644
109,4,本國銀行,台北富邦銀行#,3534223,2259997,52804,23455,5291,23015,86,0.1,1256.1,23,57,212,2,6787
109,4,本國銀行,國泰世華商業銀行#,6873740,5004896,60963,26131,18070,38593,188,0.19,1226.02,43,201,296,7,65278
109,4,本國銀行,高雄銀行,12720,5705,606,45,11,123,0,0.1,555.5,0,0,0,0,908
109,4,本國銀行,兆豐國際商業銀行#,927595,608557,19615,3715,1450,2451,4,0.27,525.77,6,15,42,0,445
109,4,本國銀行,花旗(台灣)商業銀行,2885416,2267547,11671,14080,12056,12183,171,0.6,471.68,49,132,155,3,31026
109,4,本國銀行,臺灣中小企業銀行,202554,112097,1557,781,369,596,2,0.17,348.78,2,5,5,0,903
109,4,本國銀行,渣打國際商業銀行,376592,268037,4163,2073,1314,2379,7,0.18,1121.08,7,14,39,0,30
109,4,本國銀行,台中商業銀行,143317,80698,1388,674,235,424,0,0.54,999.23,2,3,4,0,638
109,4,本國銀行,滙豐(台灣)商業銀行,684311,425460,95831,32743,2130,3803,28,0.26,1898.76,6,24,51,1,0
109,4,本國銀行,華泰商業銀行,9654,5062,4,52,11,30,0,0.54,396.72,0,0,0,0,0
109,4,本國銀行,臺灣新光商業銀行#,855536,507380,17805,6201,1706,2965,5,0.25,233.47,7,23,41,0,5752
109,4,本國銀行,陽信商業銀行,109271,55999,973,1083,211,250,0,0.71,523.4,0,3,1,0,1588
109,4,本國銀行,三信商業銀行,15220,10427,81,56,22,90,0,0.73,4245.83,0,0,1,0,0
109,4,本國銀行,聯邦商業銀行,2230590,1299521,33018,17866,5792,6734,30,0.25,150.38,17,58,92,1,14766
109,4,本國銀行,遠東國際商業銀行,1602440,1035633,10753,6236,4133,3297,141,0.34,100.69,13,73,36,1,8696
109,4,本國銀行,元大商業銀行#,1168884,655606,3825,6374,1455,3547,22,0.08,857.37,7,18,54,1,597
109,4,本國銀行,永豐商業銀行#,2029359,1055570,26681,38194,4317,6854,85,0.28,655.56,16,56,92,3,16783
109,4,本國銀行,玉山商業銀行#,6049448,4334576,71319,28142,13005,30583,263,0.23,569.39,45,157,419,9,54347
109,4,本國銀行,凱基商業銀行#,364198,170899,4413,98269,1120,765,7,0.81,187.34,8,16,5,0,4897
109,4,本國銀行,星展(台灣)商業銀行,604502,330269,5050,12553,1491,2223,22,0.65,266.96,16,32,42,1,55
109,4,本國銀行,台新國際商業銀行#,5465965,3839447,40801,22938,10712,21062,224,0.21,867.67,32,116,277,16,148609
109,4,本國銀行,日盛國際商業銀行#,148068,96096,283,590,295,241,2,0.28,946.66,1,3,3,0,178
109,4,本國銀行,安泰商業銀行,124352,59145,416,469,239,297,1,0.71,164.92,0,2,4,0,2
109,4,本國銀行,中國信託商業銀行#,6972922,4617731,58666,31734,17108,29195,547,0.15,474.97,57,186,394,36,106843
109,4,信用卡公司,台灣樂天信用卡股份有限公司,585982,293935,1199,1415,464,787,3,0.55,419.62,1,10,11,0,0
109,4,信用卡公司,台灣美國運通國際(股)公司,179872,114353,2011,3639,309,1787,1,0.49,897.76,4,3,41,0,95925
109,4,信用卡公司,香港商台灣環滙亞太信用卡,0,0,0,0,0,0,0,0.0,0.0,0,0,0,0,7378
109,4,信用卡公司,財團法人聯合信用卡處理中心,0,0,0,0,0,0,0,0.0,0.0,0,0,0,0,92499
109,5,本國銀行,臺灣銀行#,224863,111119,1834,1875,196,605,1,0.21,615.13,0,2,10,0,1178
109,5,本國銀行,臺灣土地銀行,335918,154470,2080,2024,387,722,1,0.44,912.5,1,4,9,0,4650
109,5,本國銀行,合作金庫商業銀行#,559835,347591,10014,3857,736,2648,2,0.27,423.32,6,6,18,0,35458
109,5,本國銀行,第一商業銀行#,1246224,752249,15362,9606,1401,3681,8,0.09,1771.14,6,14,33,0,17956
109,5,本國銀行,華南商業銀行#,1020607,771420,8137,8739,1029,3262,1,0.17,398.61,0,10,47,0,7341
109,5,本國銀行,彰化商業銀行,533398,229800,4168,3633,293,1282,1,0.36,566.74,2,4,18,0,8144
109,5,本國銀行,上海商業儲蓄銀行,437277,234869,2470,2422,633,1006,6,0.22,1571.14,3,8,15,0,676
109,5,本國銀行,台北富邦銀行#,3556848,2282200,48177,25552,5220,21371,78,0.1,1313.98,24,57,244,2,6815
109,5,本國銀行,國泰世華商業銀行#,6905897,5001822,58330,26173,17761,34030,165,0.19,1262.49,48,193,251,5,65340
109,5,本國銀行,高雄銀行,13174,6145,527,97,10,178,0,0.14,422.8,0,0,0,0,904
109,5,本國銀行,兆豐國際商業銀行#,944030,612018,20337,3902,1426,3103,3,0.27,493.31,6,14,47,0,1136
109,5,本國銀行,花旗(台灣)商業銀行,2873104,2241077,11684,22281,11718,13649,88,0.6,461.55,45,132,169,2,30160
109,5,本國銀行,臺灣中小企業銀行,203151,111534,1361,764,351,708,2,0.19,339.16,2,5,5,0,902
109,5,本國銀行,渣打國際商業銀行,378097,268242,3826,2080,1289,2572,6,0.17,1108.03,5,14,40,0,30
109,5,本國銀行,台中商業銀行,144470,79929,1845,763,226,442,0,0.39,1250.28,2,3,4,0,628
109,5,本國銀行,滙豐(台灣)商業銀行,657973,426543,8055,34393,2104,4203,21,0.24,1952.79,5,23,61,1,0
109,5,本國銀行,華泰商業銀行,9602,5029,6,58,11,35,0,0.32,415.64,0,0,0,0,0
109,5,本國銀行,臺灣新光商業銀行#,860499,513296,10967,6004,1659,3122,5,0.25,231.04,7,23,51,0,5752
109,5,本國銀行,陽信商業銀行,109581,55593,1103,985,201,284,0,0.7,367.51,0,3,2,0,1611
109,5,本國銀行,三信商業銀行,15225,10360,90,44,21,98,0,0.91,4036.58,0,0,1,0,0
109,5,本國銀行,聯邦商業銀行,2248916,1302505,33011,14685,5611,7401,35,0.22,153.2,18,55,103,1,13123
109,5,本國銀行,遠東國際商業銀行,1607898,1023409,11180,5746,4121,3695,114,0.34,100.59,14,72,41,1,8692
109,5,本國銀行,元大商業銀行#,1168676,644726,3470,6351,1415,3768,12,0.08,846.82,6,17,56,0,499
109,5,本國銀行,永豐商業銀行#,2039844,1058270,19096,8836,4261,7189,75,0.26,678.61,12,54,101,2,16928
109,5,本國銀行,玉山商業銀行#,6091494,4342924,68499,26453,12741,35346,223,0.21,564.78,43,151,432,8,54308
109,5,本國銀行,凱基商業銀行#,363062,176179,3485,4657,1107,838,6,0.73,182.95,6,11,6,0,5031
109,5,本國銀行,星展(台灣)商業銀行,606071,327965,5242,5714,1451,2471,22,0.67,264.18,11,33,41,1,55
109,5,本國銀行,台新國際商業銀行#,5482938,3934265,50310,33337,10547,23255,154,0.2,826.56,30,118,267,13,149344
109,5,本國銀行,日盛國際商業銀行#,147735,98071,331,664,284,261,2,0.29,933.47,0,3,3,0,184
109,5,本國銀行,安泰商業銀行,124153,58549,316,542,233,303,0,0.36,199.66,7,2,4,0,2
109,5,本國銀行,中國信託商業銀行#,7004324,4607134,60942,29540,16777,29753,483,0.14,479.33,57,189,394,31,106570
109,5,信用卡公司,台灣樂天信用卡股份有限公司,586724,283079,1590,1448,445,891,3,0.59,408.48,1,9,15,0,0
109,5,信用卡公司,台灣美國運通國際(股)公司,178708,111323,1768,2932,297,2508,0,0.38,1070.32,2,3,55,0,95823
109,5,信用卡公司,香港商台灣環滙亞太信用卡,0,0,0,0,0,0,0,0.0,0.0,0,0,0,0,7387
109,5,信用卡公司,財團法人聯合信用卡處理中心,0,0,0,0,0,0,0,0.0,0.0,0,0,0,0,92669
109,6,本國銀行,臺灣銀行#,225274,110269,2270,1963,187,775,1,0.16,838.67,1,2,11,0,1217
109,6,本國銀行,臺灣土地銀行,337006,151383,2651,1730,375,854,1,0.39,934.72,2,3,11,0,4715
109,6,本國銀行,合作金庫商業銀行#,566177,350082,9873,3686,719,2837,2,0.33,362.61,5,7,17,0,35711
109,6,本國銀行,第一商業銀行#,1253237,750833,15614,11177,1355,3850,8,0.09,1771.71,6,15,35,0,18409
109,6,本國銀行,華南商業銀行#,1019584,767174,9132,9000,998,3541,1,0.06,524.45,13,9,48,0,7444
109,6,本國銀行,彰化商業銀行,536777,225525,6477,3581,329,1328,1,0.25,640.69,5,4,19,0,8310
109,6,本國銀行,上海商業儲蓄銀行,438199,232924,2444,2135,641,1043,5,0.21,1763.39,3,7,16,0,683
109,6,本國銀行,台北富邦銀行#,3589464,2301949,55164,22548,5126,21204,74,0.1,1345.39,22,52,239,2,13181
109,6,本國銀行,國泰世華商業銀行#,6938255,5005960,58507,26149,16874,40044,168,0.17,1298.0,46,188,292,5,65521
109,6,本國銀行,高雄銀行,14005,6939,889,73,10,140,0,0.15,487.72,0,0,0,0,900
109,6,本國銀行,兆豐國際商業銀行#,953130,616326,12599,3499,1399,3376,3,0.27,472.47,5,13,47,0,1435
109,6,本國銀行,花旗(台灣)商業銀行,2871329,2202207,12098,16977,10869,13672,59,0.75,388.3,0,119,170,2,29236
109,6,本國銀行,臺灣中小企業銀行,203833,110946,1366,684,338,773,2,0.14,154.58,2,5,6,0,918
109,6,本國銀行,渣打國際商業銀行,380295,268320,4684,2051,1248,2972,5,0.18,1129.08,4,14,43,0,30
109,6,本國銀行,台中商業銀行,145705,78918,1762,578,248,450,0,0.37,1313.43,1,3,4,0,617
109,6,本國銀行,滙豐(台灣)商業銀行,620443,421939,8089,45619,2023,4328,23,0.21,2244.66,8,22,63,1,0
109,6,本國銀行,華泰商業銀行,9573,5009,1,30,11,42,0,0.64,422.77,0,0,1,0,0
109,6,本國銀行,臺灣新光商業銀行#,865113,514694,9696,5082,1617,4412,5,0.21,226.67,8,21,56,0,5775
109,6,本國銀行,陽信商業銀行,109779,55107,928,840,197,291,0,0.4,508.29,3,3,2,0,1625
109,6,本國銀行,三信商業銀行,15231,10274,92,45,21,88,0,0.93,4203.32,0,0,1,0,0
109,6,本國銀行,聯邦商業銀行,2192562,1307595,28929,85283,5494,8306,41,0.2,156.81,17,53,110,1,14917
109,6,本國銀行,遠東國際商業銀行,1612714,1018110,10462,5667,4005,3966,110,0.34,100.78,14,73,36,1,8687
109,6,本國銀行,元大商業銀行#,1169284,634620,3683,6315,1375,3916,13,0.08,856.16,6,17,59,0,419
109,6,本國銀行,永豐商業銀行#,2051642,1055646,19882,8253,4115,8283,74,0.24,676.82,14,53,124,2,17225
109,6,本國銀行,玉山商業銀行#,6133023,4362052,63256,21727,12232,40258,236,0.19,588.08,46,148,509,8,54457
109,6,本國銀行,凱基商業銀行#,360392,178196,3294,5992,1088,877,5,0.62,188.78,7,13,1,0,5110
109,6,本國銀行,星展(台灣)商業銀行,608372,328530,4736,4910,1408,2521,18,0.71,259.05,13,31,42,1,55
109,6,本國銀行,台新國際商業銀行#,5505133,3949393,51832,29637,10123,26027,179,0.19,923.0,32,111,311,14,150083
109,6,本國銀行,日盛國際商業銀行#,147477,100304,319,577,270,260,1,0.36,840.45,1,3,3,0,189
109,6,本國銀行,安泰商業銀行,124119,57761,404,447,228,334,0,0.43,222.49,0,2,4,0,2
109,6,本國銀行,中國信託商業銀行#,7035815,4593571,63180,31689,16084,32645,514,0.14,482.58,51,173,433,33,106079
109,6,信用卡公司,台灣樂天信用卡股份有限公司,588550,272238,2729,1399,431,1088,3,0.58,408.4,1,9,18,0,0
109,6,信用卡公司,台灣美國運通國際(股)公司,177468,107937,1651,2891,281,2552,0,0.3,1160.09,5,3,55,0,96358
109,6,信用卡公司,香港商台灣環滙亞太信用卡,0,0,0,0,0,0,0,0.0,0.0,0,0,0,0,7361
109,6,信用卡公司,財團法人聯合信用卡處理中心,0,0,0,0,0,0,0,0.0,0.0,0,0,0,0,92835
109,7,本國銀行,臺灣銀行#,226149,111710,2578,2044,187,1250,1,0.18,793.66,0,2,15,0,1344
109,7,本國銀行,臺灣土地銀行,338767,152321,3884,2190,370,1044,1,0.25,1063.4,2,4,12,0,4733
109,7,本國銀行,合作金庫商業銀行#,571807,353570,9214,3734,718,5616,2,0.11,473.04,7,6,20,0,36243
109,7,本國銀行,第一商業銀行#,1273378,753398,30341,12728,1367,5330,9,0.05,2047.89,5,13,45,0,19144
109,7,本國銀行,華南商業銀行#,1017424,764608,8892,9731,999,6304,2,0.08,497.09,0,9,63,0,7863
109,7,本國銀行,彰化商業銀行,537221,226463,5457,5560,324,2283,1,0.16,647.32,1,4,21,0,8527
109,7,本國銀行,上海商業儲蓄銀行,438869,231711,2273,2096,612,1646,7,0.18,1720.12,2,7,21,0,723
109,7,本國銀行,台北富邦銀行#,3664247,2362890,97568,22785,5127,29284,90,0.08,1479.56,22,54,272,2,13231
109,7,本國銀行,國泰世華商業銀行#,6981398,4998658,72686,29543,17537,50408,214,0.13,1362.79,43,188,343,5,67302
109,7,本國銀行,高雄銀行,14206,7118,270,91,11,215,0,0.14,385.32,0,0,1,0,896
109,7,本國銀行,兆豐國際商業銀行#,963046,620403,14404,4488,1399,6821,3,0.17,528.95,6,14,51,0,1908
109,7,本國銀行,花旗(台灣)商業銀行,2859733,2185647,12173,27351,11107,16307,70,0.56,483.7,97,124,191,2,28614
109,7,本國銀行,臺灣中小企業銀行,203428,110348,927,1332,337,1050,2,0.08,369.86,1,5,7,0,937
109,7,本國銀行,渣打國際商業銀行,394755,275131,17068,2371,1246,3591,6,0.16,1145.85,5,14,52,0,30
109,7,本國銀行,台中商業銀行,146327,78866,1329,776,227,608,0,0.31,1340.06,1,3,6,0,622
109,7,本國銀行,滙豐(台灣)商業銀行,619771,428002,8155,8827,2004,6105,24,0.19,2099.57,6,23,69,1,0
109,7,本國銀行,華泰商業銀行,9543,4997,20,50,11,44,0,0.31,474.15,0,0,1,0,0
109,7,本國銀行,臺灣新光商業銀行#,871380,521733,11919,5652,1581,5268,5,0.15,219.02,7,21,57,0,5777
109,7,本國銀行,陽信商業銀行,110152,54646,966,758,194,388,0,0.46,647.05,0,3,3,0,1662
109,7,本國銀行,三信商業銀行,15229,10235,104,38,21,117,0,0.5,4987.96,0,0,1,0,0
109,7,本國銀行,聯邦商業銀行,2196946,1306551,31189,26805,5689,9755,61,0.18,157.37,13,53,117,1,15293
109,7,本國銀行,遠東國際商業銀行,1618470,1014033,11836,6099,3952,4978,129,0.34,100.74,12,73,47,1,8722
109,7,本國銀行,元大商業銀行#,1168642,625627,4260,7397,1383,5318,16,0.08,889.72,4,18,71,0,373
109,7,本國銀行,永豐商業銀行#,2084392,1078258,41802,9232,4072,12821,93,0.2,673.72,13,51,138,2,17571
109,7,本國銀行,玉山商業銀行#,6192382,4404803,88120,28761,12115,60621,278,0.15,607.01,43,144,523,8,53918
109,7,本國銀行,凱基商業銀行#,361935,183702,6734,5228,1082,1253,7,0.59,197.57,6,12,4,0,5130
109,7,本國銀行,星展(台灣)商業銀行,596643,330263,10352,20803,1368,3834,24,0.64,292.8,13,32,52,1,55
109,7,本國銀行,台新國際商業銀行#,5549590,3950827,68525,24068,10104,45813,234,0.14,1043.22,30,111,372,14,151024
109,7,本國銀行,日盛國際商業銀行#,147184,98442,269,562,272,393,2,0.21,896.64,0,3,4,0,183
109,7,本國銀行,安泰商業銀行,124020,57316,447,562,223,375,1,0.49,225.54,0,2,6,0,2
109,7,本國銀行,中國信託商業銀行#,7084698,4607130,85145,36262,16020,69972,593,0.09,465.71,51,178,487,34,105451
109,7,信用卡公司,台灣樂天信用卡股份有限公司,590242,261923,2797,1562,413,1048,3,0.57,388.02,1,8,16,0,0
109,7,信用卡公司,台灣美國運通國際(股)公司,176567,104937,1750,2651,273,2766,0,0.24,1387.26,3,3,60,0,97101
109,7,信用卡公司,香港商台灣環滙亞太信用卡,0,0,0,0,0,0,0,0.0,0.0,0,0,0,0,7328
109,7,信用卡公司,財團法人聯合信用卡處理中心,0,0,0,0,0,0,0,0.0,0.0,0,0,0,0,92995
109,8,本國銀行,臺灣銀行#,226243,111891,1651,2006,187,728,1,0.24,633.4,0,2,11,0,1363
109,8,本國銀行,臺灣土地銀行,339804,152057,2667,1717,374,760,1,0.23,1325.97,2,3,11,0,4718
109,8,本國銀行,合作金庫商業銀行#,573773,356917,5414,3579,758,2950,2,0.11,578.35,4,8,20,0,36493
109,8,本國銀行,第一商業銀行#,1257813,747800,13576,31479,1367,4029,8,0.04,2248.29,5,14,36,0,19568
109,8,本國銀行,華南商業銀行#,1015403,764125,7129,8285,1022,4046,1,0.12,446.73,0,8,60,0,7840
109,8,本國銀行,彰化商業銀行,537757,228269,3540,3517,336,1390,1,0.15,716.24,1,4,19,0,8630
109,8,本國銀行,上海商業儲蓄銀行,439588,230431,2337,2105,614,1114,5,0.2,1572.3,2,8,17,0,758
109,8,本國銀行,台北富邦銀行#,3706896,2403859,62752,20103,5286,21360,81,0.08,1525.85,21,55,234,2,13326
109,8,本國銀行,國泰世華商業銀行#,7015871,5021080,63137,28664,17655,35274,190,0.13,1372.3,38,191,384,6,68303
109,8,本國銀行,高雄銀行,14522,7310,388,84,11,161,0,0.23,308.52,0,0,0,0,897
109,8,本國銀行,兆豐國際商業銀行#,970352,621935,11647,4341,1443,2942,4,0.21,501.43,5,15,43,0,2074
109,8,本國銀行,花旗(台灣)商業銀行,2855968,2164934,11725,21967,11179,14487,72,0.52,508.14,43,129,182,2,28413
109,8,本國銀行,臺灣中小企業銀行,203067,109777,675,1036,339,755,2,0.16,345.92,1,5,6,0,940
109,8,本國銀行,渣打國際商業銀行,411631,288396,18952,1822,1239,3206,5,0.17,1165.71,5,13,47,0,30
109,8,本國銀行,台中商業銀行,146886,78564,1130,638,231,478,0,0.32,1430.1,1,3,4,0,626
109,8,本國銀行,滙豐(台灣)商業銀行,619377,430625,6496,6890,1984,4582,25,0.19,2144.6,6,22,65,0,0
109,8,本國銀行,華泰商業銀行,9614,5005,97,26,11,38,0,0.53,464.03,0,0,0,0,0
109,8,本國銀行,臺灣新光商業銀行#,877629,528718,11053,4804,1605,3523,6,0.13,212.05,6,22,56,0,5800
109,8,本國銀行,陽信商業銀行,110381,54008,865,734,191,300,0,0.54,411.06,0,3,2,0,1685
109,8,本國銀行,三信商業銀行,15256,10156,112,42,20,99,0,0.51,5391.04,0,0,1,0,0
109,8,本國銀行,聯邦商業銀行,2207802,1308587,24203,13347,5646,8248,58,0.19,157.59,15,55,111,1,15973
109,8,本國銀行,遠東國際商業銀行,1623313,1019925,10236,5398,4011,3909,127,0.3,100.77,13,74,34,1,8854
109,8,本國銀行,元大商業銀行#,1166861,614588,3114,7107,1359,3985,14,0.08,867.39,5,16,59,0,350
109,8,本國銀行,永豐商業銀行#,2100084,1086143,22900,7305,4078,9042,80,0.2,702.72,11,52,126,2,17759
109,8,本國銀行,玉山商業銀行#,6233457,4414758,64471,23396,12383,39060,250,0.15,655.73,44,150,481,8,53587
109,8,本國銀行,凱基商業銀行#,361772,184836,4372,4548,1091,884,6,0.6,185.49,3,13,0,0,5162
109,8,本國銀行,星展(台灣)商業銀行,598131,335048,7466,11601,1365,2634,19,0.7,302.67,12,31,43,1,55
109,8,本國銀行,台新國際商業銀行#,5582662,3941993,53383,20311,10283,26697,239,0.14,1047.54,28,113,323,13,152013
109,8,本國銀行,日盛國際商業銀行#,146917,97209,255,522,270,276,2,0.27,847.64,1,3,3,0,182
109,8,本國銀行,安泰商業銀行,123946,56683,436,526,223,352,1,0.13,293.24,6,2,5,0,2
109,8,本國銀行,中國信託商業銀行#,7128493,4624452,77530,33735,16095,33763,556,0.1,480.31,49,180,420,32,106007
109,8,信用卡公司,台灣樂天信用卡股份有限公司,591556,253862,2272,2198,423,945,3,0.58,285.9,1,9,16,0,0
109,8,信用卡公司,台灣美國運通國際(股)公司,176012,103823,1725,2280,270,2656,1,0.24,1362.13,1,2,58,0,97803
109,8,信用卡公司,香港商台灣環滙亞太信用卡,0,0,0,0,0,0,0,0.0,0.0,0,0,0,0,7337
109,8,信用卡公司,財團法人聯合信用卡處理中心,0,0,0,0,0,0,0,0.0,0.0,0,0,0,0,93178
109,9,本國銀行,臺灣銀行#,226079,112457,1690,2229,188,719,1,0.22,564.27,0,1,11,0,1386
109,9,本國銀行,臺灣土地銀行,340543,152733,2371,1890,381,821,1,0.23,1170.69,2,3,12,0,4716
109,9,本國銀行,合作金庫商業銀行#,574977,360247,4743,3690,754,3197,2,0.14,561.13,2,7,21,0,36384
109,9,本國銀行,第一商業銀行#,1263792,755366,15839,12274,1399,4469,10,0.03,2519.75,5,15,40,0,20116
109,9,本國銀行,華南商業銀行#,1014786,764448,8671,8137,1020,5042,2,0.03,637.61,11,9,71,0,7936
109,9,本國銀行,彰化商業銀行,537325,228957,3185,4142,337,1373,1,0.13,747.1,2,4,20,0,8696
109,9,本國銀行,上海商業儲蓄銀行,440137,230123,2487,2357,613,1236,6,0.14,1986.52,3,7,19,0,770
109,9,本國銀行,台北富邦銀行#,3748686,2446123,60546,18756,5352,21382,90,0.08,1634.68,19,54,257,2,13456
109,9,本國銀行,國泰世華商業銀行#,7039832,5050965,68668,44707,17572,42403,218,0.12,1400.0,32,197,381,6,68500
109,9,本國銀行,高雄銀行,14778,7443,389,133,12,199,0,0.04,1074.42,0,0,1,0,897
109,9,本國銀行,兆豐國際商業銀行#,978902,626817,12607,4057,1467,3120,5,0.21,508.35,5,15,45,0,2170
109,9,本國銀行,花旗(台灣)商業銀行,2855225,2144228,20254,30043,11213,14513,78,0.49,537.19,46,120,183,2,28380
109,9,本國銀行,臺灣中小企業銀行,229744,113370,28011,1334,335,834,2,0.16,337.87,1,5,6,0,946
109,9,本國銀行,渣打國際商業銀行,418578,300779,8903,2027,1235,3570,5,0.16,1157.51,4,14,52,0,30
109,9,本國銀行,台中商業銀行,147535,79034,1327,722,227,535,0,0.32,1486.57,1,3,6,0,627
109,9,本國銀行,滙豐(台灣)商業銀行,618918,431698,6904,7363,1972,4909,26,0.19,2226.2,5,21,63,1,0
109,9,本國銀行,華泰商業銀行,9701,5008,113,26,11,38,0,0.4,469.79,0,0,0,0,0
109,9,本國銀行,臺灣新光商業銀行#,882424,529474,9748,4953,1593,3746,6,0.14,201.35,5,21,56,0,5828
109,9,本國銀行,陽信商業銀行,110599,53758,783,501,191,329,0,0.16,689.46,3,3,3,0,1690
109,9,本國銀行,三信商業銀行,15301,10236,113,31,21,90,0,0.54,5334.28,0,0,1,0,0
109,9,本國銀行,聯邦商業銀行,2231943,1315903,37869,13728,5662,8315,61,0.18,157.72,14,55,112,1,23362
109,9,本國銀行,遠東國際商業銀行,1627258,1021828,9183,5240,3982,4149,140,0.29,100.73,11,75,41,1,8519
109,9,本國銀行,元大商業銀行#,1165832,607517,3173,6692,1353,4294,18,0.08,777.02,5,16,64,0,324
109,9,本國銀行,永豐商業銀行#,2118026,1095715,25872,8086,4085,10086,90,0.19,743.14,11,53,125,2,17950
109,9,本國銀行,玉山商業銀行#,6263910,4443827,54958,24505,12480,36331,272,0.14,631.6,44,152,487,9,53576
109,9,本國銀行,凱基商業銀行#,363592,185622,5360,3581,1094,945,7,0.64,175.05,4,13,3,0,5300
109,9,本國銀行,星展(台灣)商業銀行,601779,336271,5812,5499,1365,3057,24,0.67,281.63,13,30,51,1,51
109,9,本國銀行,台新國際商業銀行#,5620279,3948064,56721,19104,10348,27473,249,0.13,1088.84,24,110,336,13,152872
109,9,本國銀行,日盛國際商業銀行#,146670,100218,245,492,270,316,2,0.18,911.49,1,3,4,0,181
109,9,本國銀行,安泰商業銀行,124207,56762,790,551,221,363,1,0.2,315.29,0,2,5,0,2
109,9,本國銀行,中國信託商業銀行#,7165845,4646284,71205,33853,16261,37004,614,0.1,475.4,40,178,488,37,106827
109,9,信用卡公司,台灣樂天信用卡股份有限公司,592845,251457,2409,2102,428,1034,6,0.58,277.61,1,9,17,0,0
109,9,信用卡公司,台灣美國運通國際(股)公司,175478,103667,2063,2597,270,2835,0,0.13,1828.42,4,2,63,0,97718
109,9,信用卡公司,香港商台灣環滙亞太信用卡,0,0,0,0,0,0,0,0.0,0.0,0,0,0,0,7358
109,9,信用卡公司,財團法人聯合信用卡處理中心,0,0,0,0,0,0,0,0.0,0.0,0,0,0,0,93412
109,10,本國銀行,臺灣銀行#,222935,112624,1317,4770,191,648,1,0.13,930.25,1,2,12,0,1390
109,10,本國銀行,臺灣土地銀行,340742,152961,1881,1756,384,743,1,0.24,1307.78,1,3,11,0,4731
109,10,本國銀行,合作金庫商業銀行#,577318,363942,6018,3836,746,2973,2,0.18,536.41,2,7,19,0,36509
109,10,本國銀行,第一商業銀行#,1270702,763536,14452,9979,1418,4412,10,0.03,2415.19,5,14,42,0,20462
109,10,本國銀行,華南商業銀行#,1014752,766064,9036,7893,1038,3844,1,0.07,551.68,0,9,59,0,8014
109,10,本國銀行,彰化商業銀行,535157,227421,2340,4915,279,1293,1,0.13,801.43,0,4,19,0,8758
109,10,本國銀行,上海商業儲蓄銀行,440595,230561,2213,2173,627,1165,5,0.15,1924.87,2,7,18,0,787
109,10,本國銀行,台北富邦銀行#,3778945,2471207,46744,16485,5471,21345,77,0.08,1605.42,19,57,267,2,13544
109,10,本國銀行,國泰世華商業銀行#,7060222,5055817,61640,41250,17796,37659,198,0.13,1399.53,36,198,313,5,68602
109,10,本國銀行,高雄銀行,15022,7474,309,83,13,162,0,0.05,1096.83,0,0,1,0,901
109,10,本國銀行,兆豐國際商業銀行#,986336,628752,11972,4538,1481,3490,12,0.21,517.34,5,15,43,0,2260
109,10,本國銀行,花旗(台灣)商業銀行,2854701,2157461,21304,31807,11344,16453,117,0.57,421.96,0,124,213,3,28432
109,10,本國銀行,臺灣中小企業銀行,228899,118964,638,1483,332,821,3,0.11,369.51,1,5,7,0,949
109,10,本國銀行,渣打國際商業銀行,419572,302327,3075,1968,1243,3283,5,0.15,1199.26,5,12,50,0,30
109,10,本國銀行,台中商業銀行,147855,79099,1293,984,225,492,0,0.29,1586.12,1,3,5,0,628
109,10,本國銀行,滙豐(台灣)商業銀行,618503,431123,6530,6945,1981,4765,22,0.19,2175.71,4,21,67,1,0
109,10,本國銀行,華泰商業銀行,9731,5025,62,32,10,37,0,0.11,523.24,0,0,0,0,0
109,10,本國銀行,臺灣新光商業銀行#,885703,529877,8068,4789,1587,3477,6,0.12,199.06,5,21,61,0,5816
109,10,本國銀行,陽信商業銀行,110705,53475,687,619,190,296,0,0.28,754.91,0,3,2,0,1705
109,10,本國銀行,三信商業銀行,15290,10243,57,42,19,103,0,0.49,5652.22,0,0,1,0,0
109,10,本國銀行,聯邦商業銀行,2221614,1309146,22771,33100,5658,8432,59,0.16,155.06,16,55,114,1,23587
109,10,本國銀行,遠東國際商業銀行,1634192,1026460,12403,5480,3966,4511,135,0.27,100.63,11,74,53,1,8332
109,10,本國銀行,元大商業銀行#,1164375,602075,2457,6027,1380,4015,16,0.08,803.02,5,16,61,0,305
109,10,本國銀行,永豐商業銀行#,2075987,1099813,32151,74612,4117,8735,83,0.18,777.57,13,52,123,2,18161
109,10,本國銀行,玉山商業銀行#,6290830,4460063,50179,23259,12612,36249,256,0.14,649.71,44,149,466,9,53807
109,10,本國銀行,凱基商業銀行#,364885,185482,4625,3372,1104,917,6,0.62,166.87,4,13,5,0,5401
109,10,本國銀行,星展(台灣)商業銀行,604553,335853,4469,4607,1370,2907,23,0.62,293.06,14,34,48,1,24
109,10,本國銀行,台新國際商業銀行#,5665577,3968052,72582,27284,10396,28398,194,0.12,1104.13,24,114,368,13,153367
109,10,本國銀行,日盛國際商業銀行#,146404,101251,264,530,267,273,3,0.27,869.93,0,3,4,0,180
109,10,本國銀行,安泰商業銀行,124243,56363,560,546,219,317,1,0.23,332.94,0,2,5,0,2
109,10,本國銀行,中國信託商業銀行#,7195752,4657748,59995,30088,16413,34754,534,0.1,473.58,43,180,475,32,107235
109,10,信用卡公司,台灣樂天信用卡股份有限公司,593446,248385,1590,1943,437,989,5,0.57,292.9,1,9,17,0,0
109,10,信用卡公司,台灣美國運通國際(股)公司,175069,104017,2116,2525,269,2702,0,0.13,1915.19,2,2,60,0,98319
109,10,信用卡公司,香港商台灣環滙亞太信用卡,0,0,0,0,0,0,0,0.0,0.0,0,0,0,0,7280
109,10,信用卡公司,財團法人聯合信用卡處理中心,0,0,0,0,0,0,0,0.0,0.0,0,0,0,0,93698
109,11,本國銀行,臺灣銀行#,222847,112008,1563,1927,186,638,1,0.12,1014.02,1,2,11,0,1402
109,11,本國銀行,臺灣土地銀行,341006,153201,1995,2130,385,776,1,0.27,1160.58,1,3,11,0,4727
109,11,本國銀行,合作金庫商業銀行#,582821,365850,8629,3284,761,2992,2,0.16,558.07,3,8,23,0,36833
109,11,本國銀行,第一商業銀行#,1276633,769145,15858,12568,1424,4496,10,0.05,2145.45,5,15,45,0,21008
109,11,本國銀行,華南商業銀行#,1012829,767078,7735,8665,1041,3931,2,0.1,514.12,0,8,60,0,8102
109,11,本國銀行,彰化商業銀行,530893,226332,2083,6977,338,1371,1,0.25,594.05,0,5,20,0,8794
109,11,本國銀行,上海商業儲蓄銀行,440738,230783,1879,2226,625,1220,6,0.17,1729.85,2,7,20,0,793
109,11,本國銀行,台北富邦銀行#,3835056,2526871,74849,18738,5567,26158,85,0.08,1540.47,16,57,293,2,13551
109,11,本國銀行,國泰世華商業銀行#,7086166,5106133,66060,40116,18159,40804,204,0.13,1391.5,29,195,338,6,72530
109,11,本國銀行,高雄銀行,15351,7524,408,88,12,199,0,0.22,345.38,0,0,1,0,900
109,11,本國銀行,兆豐國際商業銀行#,993092,630534,10935,4179,1520,3439,12,0.21,500.97,5,17,52,0,2281
109,11,本國銀行,花旗(台灣)商業銀行,2849063,2165836,24307,38252,11188,17253,141,0.42,569.4,40,147,222,4,28421
109,11,本國銀行,臺灣中小企業銀行,200096,105891,550,29353,336,790,2,0.06,370.16,1,6,7,0,1055
109,11,本國銀行,渣打國際商業銀行,419446,302348,2469,2494,1231,3435,7,0.16,1178.69,3,13,54,0,30
109,11,本國銀行,台中商業銀行,148600,79102,1627,929,234,487,0,0.32,1569.18,1,3,6,0,630
109,11,本國銀行,滙豐(台灣)商業銀行,618102,431102,6413,6814,1949,4837,24,0.19,2211.31,5,21,69,1,0
109,11,本國銀行,華泰商業銀行,9724,5074,41,48,11,40,0,0.12,526.72,0,0,0,0,0
109,11,本國銀行,臺灣新光商業銀行#,889127,534386,7923,4499,1600,4414,5,0.1,196.56,4,21,65,0,6853
109,11,本國銀行,陽信商業銀行,110772,53656,744,695,189,310,0,0.45,477.31,0,3,2,0,1709
109,11,本國銀行,三信商業銀行,15398,10194,61,75,20,96,0,0.67,5181.57,0,0,1,0,0
109,11,本國銀行,聯邦商業銀行,2233423,1318430,24460,12651,5676,9152,65,0.15,157.66,15,55,130,1,29643
109,11,本國銀行,遠東國際商業銀行,1639588,1039402,13296,7914,4034,4996,137,0.27,100.64,10,77,61,1,8331
109,11,本國銀行,元大商業銀行#,1163501,596026,2763,6284,1344,4222,17,0.08,798.77,4,16,65,0,299
109,11,本國銀行,永豐商業銀行#,2078829,1109061,14693,12634,4068,9181,86,0.16,811.3,9,52,141,3,18421
109,11,本國銀行,玉山商業銀行#,6321054,4477538,52246,22022,12646,39026,278,0.13,680.49,44,153,513,9,53860
109,11,本國銀行,凱基商業銀行#,365427,186679,4519,3988,1100,927,7,0.56,171.05,4,13,5,0,5461
109,11,本國銀行,星展(台灣)商業銀行,606156,328439,4359,4499,1366,3041,23,0.61,297.49,14,30,52,1,23
109,11,本國銀行,台新國際商業銀行#,5696228,3990058,66616,35965,10324,28839,227,0.12,1069.65,21,110,374,13,153822
109,11,本國銀行,日盛國際商業銀行#,146201,98742,277,480,265,278,3,0.27,880.98,0,3,4,0,184
109,11,本國銀行,安泰商業銀行,124144,56356,428,541,217,352,0,0.18,127.62,2,2,5,0,2
109,11,本國銀行,中國信託商業銀行#,7229899,4686245,67957,33810,16156,37676,566,0.11,472.58,43,179,529,34,107283
109,11,信用卡公司,台灣樂天信用卡股份有限公司,595256,248162,1793,1745,455,1135,5,0.58,325.14,1,10,26,0,0
109,11,信用卡公司,台灣美國運通國際(股)公司,174802,104049,2176,2443,270,2962,0,0.11,2051.15,1,2,64,0,98685
109,11,信用卡公司,香港商台灣環滙亞太信用卡,0,0,0,0,0,0,0,0.0,0.0,0,0,0,0,7290
109,11,信用卡公司,財團法人聯合信用卡處理中心,0,0,0,0,0,0,0,0.0,0.0,0,0,0,0,94120
109,12,本國銀行,臺灣銀行#,222931,112975,1409,1615,195,762,1,0.1,1289.45,0,2,12,0,1421
109,12,本國銀行,臺灣土地銀行,341202,153738,1837,1798,388,948,1,0.21,1241.03,2,4,14,0,4734
109,12,本國銀行,合作金庫商業銀行#,585419,368675,6845,4433,768,3815,2,0.15,556.49,3,8,27,0,36895
109,12,本國銀行,第一商業銀行#,1280384,778382,14719,14207,1463,5090,13,0.03,2390.78,5,15,49,0,21759
109,12,本國銀行,華南商業銀行#,1008070,765376,4986,8725,1035,4386,2,0.03,703.93,10,9,65,0,8281
109,12,本國銀行,彰化商業銀行,526408,225915,818,5960,340,1514,1,0.23,608.4,2,4,29,0,8847
109,12,本國銀行,上海商業儲蓄銀行,440566,230678,1593,2334,620,1389,7,0.24,1311.11,2,8,22,0,793
109,12,本國銀行,台北富邦銀行#,3855965,2571152,49792,28883,5587,31782,100,0.07,1600.05,19,61,366,2,13674
109,12,本國銀行,國泰世華商業銀行#,7115437,5134530,65735,36464,18134,53623,249,0.11,1380.48,35,193,435,6,72345
109,12,本國銀行,高雄銀行,15804,7619,560,116,12,145,0,0.4,269.97,0,0,1,0,892
109,12,本國銀行,兆豐國際商業銀行#,1002980,637050,14148,4260,1548,3872,11,0.2,510.84,6,17,59,1,2289
109,12,本國銀行,花旗(台灣)商業銀行,2853816,2181908,28091,31756,11511,17852,160,0.48,450.36,41,130,235,4,28423
109,12,本國銀行,臺灣中小企業銀行,199434,108007,516,1178,333,884,2,0.1,363.25,1,7,7,0,1107
109,12,本國銀行,渣打國際商業銀行,418624,301981,2338,2799,1252,3918,6,0.12,1211.51,4,13,61,0,30
109,12,本國銀行,台中商業銀行,149112,79566,1211,819,226,574,0,0.43,1257.79,1,3,7,0,627
109,12,本國銀行,滙豐(台灣)商業銀行,616070,429519,4765,6797,1960,5463,29,0.18,2111.55,7,22,73,1,0
109,12,本國銀行,華泰商業銀行,9603,5030,7,128,11,52,0,0.07,551.09,0,0,1,0,0
109,12,本國銀行,臺灣新光商業銀行#,892216,535675,8193,5104,1593,4703,7,0.11,229.45,5,21,71,0,6881
109,12,本國銀行,陽信商業銀行,111286,53503,1166,661,188,367,0,0.02,753.81,4,3,3,0,1765
109,12,本國銀行,三信商業銀行,15006,10135,29,65,19,108,0,0.48,5678.41,0,0,1,0,0
109,12,本國銀行,聯邦商業銀行,2243665,1322987,22882,12640,5738,9898,65,0.15,160.27,13,55,137,1,29790
109,12,本國銀行,遠東國際商業銀行,1626660,1048521,10014,22967,3984,4898,152,0.28,100.61,11,79,58,1,8361
109,12,本國銀行,元大商業銀行#,1161323,591895,2224,6982,1340,4856,19,0.08,722.24,4,16,74,0,294
109,12,本國銀行,永豐商業銀行#,2062091,1108933,17675,34865,4083,11123,97,0.13,929.37,17,53,155,2,18664
109,12,本國銀行,玉山商業銀行#,6346283,4488251,48950,23721,12819,41248,310,0.11,688.25,43,152,561,10,54550
109,12,本國銀行,凱基商業銀行#,356610,184474,9334,18170,1103,1073,7,0.56,176.2,4,13,8,0,5672
109,12,本國銀行,星展(台灣)商業銀行,607125,327609,5463,5457,1361,3356,25,0.58,312.66,11,34,56,1,23
109,12,本國銀行,台新國際商業銀行#,5730768,4016276,63771,29231,10453,30769,253,0.13,1024.33,17,113,386,13,153943
109,12,本國銀行,日盛國際商業銀行#,146048,95621,290,443,260,320,2,0.3,849.09,0,3,4,0,183
109,12,本國銀行,安泰商業銀行,124102,56729,473,446,215,392,1,0.26,155.46,0,2,6,0,2
109,12,本國銀行,中國信託商業銀行#,7281706,4722215,88772,36965,16341,42030,643,0.11,456.97,49,185,595,38,107662
109,12,信用卡公司,台灣樂天信用卡股份有限公司,595531,245059,1718,3118,465,1198,7,0.66,284.19,1,10,20,0,0
109,12,信用卡公司,台灣美國運通國際(股)公司,174152,104332,2345,2995,270,3351,0,0.12,1790.14,1,2,74,0,98843
109,12,信用卡公司,香港商台灣環滙亞太信用卡,0,0,0,0,0,0,0,0.0,0.0,0,0,0,0,7277
109,12,信用卡公司,財團法人聯合信用卡處理中心,0,0,0,0,0,0,0,0.0,0.0,0,0,0,0,93406
110,1,本國銀行,臺灣銀行#,222708,112038,1291,1835,192,716,1,0.16,1011.53,0,2,12,0,1442
110,1,本國銀行,臺灣土地銀行,341156,150793,1450,1700,388,793,1,0.22,1370.41,1,3,10,0,4733
110,1,本國銀行,合作金庫商業銀行#,587075,367112,6037,4541,782,2901,2,0.22,525.85,4,8,29,0,36939
110,1,本國銀行,第一商業銀行#,1281572,776255,10431,12145,1470,4441,8,0.03,2316.81,5,16,38,0,21996
110,1,本國銀行,華南商業銀行#,1004756,761135,6920,9418,1055,3835,1,0.07,584.88,0,9,67,0,8278
110,1,本國銀行,彰化商業銀行,526111,222539,3819,4677,279,1352,1,0.14,861.67,2,4,20,0,9877
110,1,本國銀行,上海商業儲蓄銀行,442494,230151,3645,2167,627,1223,6,0.18,1627.96,3,8,19,0,800
110,1,本國銀行,台北富邦銀行#,3881530,2593594,51881,26316,5746,25691,88,0.08,1447.24,18,62,281,2,13793
110,1,本國銀行,國泰世華商業銀行#,7140591,5145914,60911,35757,18445,37987,219,0.13,1352.91,32,207,265,6,72345
110,1,本國銀行,高雄銀行,15867,7503,149,99,12,167,0,0.48,215.5,0,0,1,0,892
110,1,本國銀行,兆豐國際商業銀行#,1005168,636121,7184,4996,1615,3424,10,0.22,446.8,5,17,53,0,2389
110,1,本國銀行,花旗(台灣)商業銀行,2852348,2177709,27787,37394,11347,17944,147,0.5,428.78,31,126,235,4,28913
110,1,本國銀行,臺灣中小企業銀行,219437,108564,21243,1240,332,835,2,0.08,354.7,1,5,7,0,1118
110,1,本國銀行,渣打國際商業銀行,417090,299347,1704,2870,1245,3229,5,0.15,1055.24,3,16,51,0,30
110,1,本國銀行,台中商業銀行,149692,79297,1293,852,230,498,0,0.42,1281.69,2,3,5,0,629
110,1,本國銀行,滙豐(台灣)商業銀行,617685,426676,9410,7795,1955,4807,25,0.2,1981.46,5,22,68,1,0
110,1,本國銀行,華泰商業銀行,9493,5049,10,120,11,38,0,0.39,507.7,0,0,0,0,0
110,1,本國銀行,臺灣新光商業銀行#,898718,540173,12574,6072,1605,3284,5,0.11,237.39,4,21,55,0,6924
110,1,本國銀行,陽信商業銀行,112256,53767,1714,737,188,322,0,0.19,517.37,0,3,2,0,1815
110,1,本國銀行,三信商業銀行,15017,10119,100,55,20,114,0,0.34,6640.99,0,0,1,0,0
110,1,本國銀行,聯邦商業銀行,2251261,1322997,23169,15573,5725,8908,60,0.16,158.62,14,57,127,1,33994
110,1,本國銀行,遠東國際商業銀行,1629635,1047200,10498,7670,4101,4331,146,0.28,100.66,11,80,52,1,8854
110,1,本國銀行,元大商業銀行#,1157580,586159,2367,8251,1344,4231,16,0.08,729.73,4,16,64,0,259
110,1,本國銀行,永豐商業銀行#,2067816,1109617,89629,84043,4120,10794,87,0.13,876.6,9,54,150,3,11374
110,1,本國銀行,玉山商業銀行#,6373780,4483522,48214,20717,12893,37407,284,0.12,680.49,37,155,485,9,55040
110,1,本國銀行,凱基商業銀行#,355939,185563,5097,5808,1112,937,7,0.53,189.47,5,13,6,0,5900
110,1,本國銀行,星展(台灣)商業銀行,609349,327992,3656,4986,1370,2987,21,0.61,307.02,10,33,49,1,23
110,1,本國銀行,台新國際商業銀行#,5763691,4027672,63419,30496,10497,29008,208,0.13,1009.13,20,114,373,13,154934
110,1,本國銀行,日盛國際商業銀行#,145809,95871,277,516,258,295,2,0.21,980.62,1,3,4,0,186
110,1,本國銀行,安泰商業銀行,123810,56491,316,548,214,333,1,0.31,173.5,0,2,5,0,2
110,1,本國銀行,中國信託商業銀行#,7340651,4739732,91967,33022,16327,36312,590,0.13,438.83,55,187,467,34,107887
110,1,信用卡公司,台灣樂天信用卡股份有限公司,596893,240119,1591,4058,489,974,6,0.72,294.53,1,10,16,0,0
110,1,信用卡公司,台灣美國運通國際(股)公司,173870,103874,2236,2518,267,2891,0,0.1,2198.19,2,2,62,0,98841
110,1,信用卡公司,香港商台灣環滙亞太信用卡,0,0,0,0,0,0,0,0.0,0.0,0,0,0,0,7173
110,1,信用卡公司,財團法人聯合信用卡處理中心,0,0,0,0,0,0,0,0.0,0.0,0,0,0,0,93514
110,2,本國銀行,臺灣銀行#,222920,111506,979,983,186,561,1,0.17,884.5,0,2,9,0,1453
110,2,本國銀行,臺灣土地銀行,340894,148398,1348,1831,382,721,1,0.22,1316.93,1,3,10,0,4725
110,2,本國銀行,合作金庫商業銀行#,590739,366111,6949,3457,789,2748,2,0.26,453.89,5,8,13,0,37041
110,2,本國銀行,第一商業銀行#,1284233,772079,10386,9990,1466,4058,7,0.04,1941.85,5,17,30,0,22163
110,2,本國銀行,華南商業銀行#,1004796,760841,8265,7367,943,3534,1,0.12,487.4,0,8,61,0,8286
110,2,本國銀行,彰化商業銀行,529266,221685,5950,3365,278,1232,1,0.11,964.84,2,4,18,0,9926
110,2,本國銀行,上海商業儲蓄銀行,443419,229068,2253,1768,623,1130,5,0.18,1710.35,2,5,17,0,807
110,2,本國銀行,台北富邦銀行#,3901096,2607314,38236,18670,5649,19956,58,0.08,1416.54,20,50,258,1,13829
110,2,本國銀行,國泰世華商業銀行#,7162679,5151296,51296,29208,17306,37854,164,0.14,1311.55,35,202,282,5,72723
110,2,本國銀行,高雄銀行,15953,7366,187,117,12,119,0,0.59,213.16,0,0,1,0,892
110,2,本國銀行,兆豐國際商業銀行#,1007547,631633,6212,3833,1661,3385,8,0.21,454.77,4,16,61,0,2475
110,2,本國銀行,花旗(台灣)商業銀行,2860096,2177308,23866,23874,11269,15667,103,0.61,367.01,0,119,200,3,28984
110,2,本國銀行,臺灣中小企業銀行,217933,110706,223,1727,331,746,1,0.28,303.74,0,4,7,0,1121
110,2,本國銀行,渣打國際商業銀行,415698,296232,1498,2588,1232,2873,4,0.16,1072.9,4,10,42,0,30
110,2,本國銀行,台中商業銀行,150382,79234,1232,732,206,464,0,0.36,1485.41,1,3,5,0,626
110,2,本國銀行,滙豐(台灣)商業銀行,620709,426460,9266,6242,1946,4344,19,0.24,1826.85,5,21,59,1,0
110,2,本國銀行,華泰商業銀行,9341,5075,5,157,11,34,0,0.63,440.56,0,0,0,0,0
110,2,本國銀行,臺灣新光商業銀行#,907722,546543,14084,5080,1592,3509,3,0.1,240.08,4,19,58,0,6954
110,2,本國銀行,陽信商業銀行,113233,54040,1625,551,191,306,0,0.37,237.13,0,3,2,0,1851
110,2,本國銀行,三信商業銀行,15059,10070,120,37,20,92,0,0.4,6698.28,0,0,0,0,0
110,2,本國銀行,聯邦商業銀行,2258384,1324412,17747,10624,5610,7919,43,0.15,161.38,13,54,104,1,34017
110,2,本國銀行,遠東國際商業銀行,1633236,1045513,9318,5881,4036,3996,85,0.27,101.02,11,80,33,1,9299
110,2,本國銀行,元大商業銀行#,1156757,579751,2231,4825,1288,3685,9,0.08,721.5,6,16,55,0,256
110,2,本國銀行,永豐商業銀行#,2078893,1114214,19845,8788,4108,8755,59,0.14,845.47,10,56,121,2,11356
110,2,本國銀行,玉山商業銀行#,6392366,4479073,35866,17280,12626,34258,193,0.12,680.83,35,111,437,9,56038
110,2,本國銀行,凱基商業銀行#,356333,186858,2825,2424,1119,877,5,0.6,182.9,4,13,7,0,5936
110,2,本國銀行,星展(台灣)商業銀行,609813,324047,1640,4876,1391,2629,17,0.59,307.71,15,30,43,1,23
110,2,本國銀行,台新國際商業銀行#,5790196,4025096,48945,22440,10464,26368,78,0.13,971.61,21,103,330,11,157296
110,2,本國銀行,日盛國際商業銀行#,145561,96419,230,478,251,279,1,0.29,1072.82,1,3,3,0,186
110,2,本國銀行,安泰商業銀行,123653,55697,283,392,213,302,0,0.34,191.09,0,2,4,0,2
110,2,本國銀行,中國信託商業銀行#,7387525,4766437,79562,32688,16223,34224,432,0.16,436.99,52,170,452,31,107657
110,2,信用卡公司,台灣樂天信用卡股份有限公司,597893,235932,1218,3335,466,881,4,0.62,404.79,1,10,15,0,0
110,2,信用卡公司,台灣美國運通國際(股)公司,173576,102996,1652,1946,267,2401,0,0.13,1779.2,1,2,52,0,98376
110,2,信用卡公司,香港商台灣環滙亞太信用卡,0,0,0,0,0,0,0,0.0,0.0,0,0,0,0,7168
110,2,信用卡公司,財團法人聯合信用卡處理中心,0,0,0,0,0,0,0,0.0,0.0,0,0,0,0,93350
110,3,本國銀行,臺灣銀行#,223718,111186,1695,1138,189,777,1,0.25,557.73,0,2,13,0,1450
110,3,本國銀行,臺灣土地銀行,340633,146503,1796,2288,373,804,1,0.36,998.45,1,4,11,0,4727
110,3,本國銀行,合作金庫商業銀行#,596917,367145,9753,3794,747,3281,2,0.22,451.09,5,7,20,0,37152
110,3,本國銀行,第一商業銀行#,1317601,789215,43234,12796,1453,4802,9,0.05,1970.7,5,14,43,0,22492
110,3,本國銀行,華南商業銀行#,1010472,763579,15704,8897,1004,3985,1,0.09,503.0,9,11,59,0,8378
110,3,本國銀行,彰化商業銀行,536990,224370,11349,4376,325,1503,1,0.18,693.27,1,4,17,0,10037
110,3,本國銀行,上海商業儲蓄銀行,465405,236382,23667,2199,604,1185,6,0.19,1640.75,2,8,19,0,811
110,3,本國銀行,台北富邦銀行#,3936780,2643505,56091,20407,5497,28347,86,0.1,1225.08,20,66,344,2,13880
110,3,本國銀行,國泰世華商業銀行#,7191808,5156073,62274,33145,17416,45616,240,0.15,1291.53,35,192,344,5,74591
110,3,本國銀行,高雄銀行,16115,7262,255,109,13,169,0,0.42,231.26,0,0,1,0,893
110,3,本國銀行,兆豐國際商業銀行#,1016204,634306,13034,4377,1588,3743,10,0.22,586.39,3,20,58,1,2575
110,3,本國銀行,花旗(台灣)商業銀行,2858011,2184525,32624,43737,10887,16769,140,0.5,453.12,94,120,215,4,28615
110,3,本國銀行,臺灣中小企業銀行,197143,101209,409,21199,318,778,2,0.13,356.23,3,6,6,0,1125
110,3,本國銀行,渣打國際商業銀行,413608,292017,1746,3846,1189,3029,5,0.14,1044.43,4,11,47,0,30
110,3,本國銀行,台中商業銀行,151724,79243,2085,901,221,533,0,0.54,1166.97,1,3,6,0,628
110,3,本國銀行,滙豐(台灣)商業銀行,623407,426594,11878,9180,1920,5030,26,0.24,1689.69,6,22,67,1,0
110,3,本國銀行,華泰商業銀行,9272,5062,8,77,10,39,0,0.62,457.2,0,0,0,0,0
110,3,本國銀行,臺灣新光商業銀行#,921398,560450,20358,6682,1555,4198,6,0.12,241.16,4,20,63,0,7053
110,3,本國銀行,陽信商業銀行,114659,55271,2154,606,183,364,0,0.13,283.82,3,3,3,0,1894
110,3,本國銀行,三信商業銀行,15099,10077,183,66,19,85,0,0.52,6066.35,0,0,1,0,0
110,3,本國銀行,聯邦商業銀行,2268966,1320990,22689,12107,5550,8449,55,0.16,161.79,15,50,118,1,35422
110,3,本國銀行,遠東國際商業銀行,1636080,1047303,9753,7054,3929,4402,118,0.28,100.7,10,77,47,1,10064
110,3,本國銀行,元大商業銀行#,1156486,576284,3286,6178,1284,4270,16,0.08,708.22,6,14,62,0,250
110,3,本國銀行,永豐商業銀行#,2094336,1128544,26997,11604,4077,10055,83,0.13,944.9,15,50,138,2,11689
110,3,本國銀行,玉山商業銀行#,6423268,4480211,53639,22737,12398,36482,294,0.15,661.0,38,182,478,9,56641
110,3,本國銀行,凱基商業銀行#,357938,188938,4282,2749,1099,944,7,0.7,182.57,3,12,4,0,6034
110,3,本國銀行,星展(台灣)商業銀行,607969,318603,3355,5335,1360,2997,25,0.65,297.08,9,34,48,1,23
110,3,本國銀行,台新國際商業銀行#,5813795,4054515,60006,36407,10209,28814,93,0.14,981.55,24,113,369,12,158433
110,3,本國銀行,日盛國際商業銀行#,145201,91714,271,631,251,294,2,0.27,886.96,1,2,4,0,187
110,3,本國銀行,安泰商業銀行,123607,55457,433,473,208,348,1,0.41,205.04,0,2,5,0,2
110,3,本國銀行,中國信託商業銀行#,7443985,4808351,96517,40057,16056,37416,621,0.17,431.55,68,185,511,33,107323
110,3,信用卡公司,台灣樂天信用卡股份有限公司,598404,233437,2781,4497,485,1032,6,0.92,238.06,1,9,17,0,0
110,3,信用卡公司,台灣美國運通國際(股)公司,173826,102953,2378,2128,260,2664,0,0.18,1520.97,2,4,60,0,96849
110,3,信用卡公司,香港商台灣環滙亞太信用卡,0,0,0,0,0,0,0,0.0,0.0,0,0,0,0,7174
110,3,信用卡公司,財團法人聯合信用卡處理中心,0,0,0,0,0,0,0,0.0,0.0,0,0,0,0,92631
110,4,本國銀行,臺灣銀行#,224958,111493,1922,953,184,617,0,0.25,611.74,1,1,11,0,1520
110,4,本國銀行,臺灣土地銀行,340522,145310,1777,2090,370,729,1,0.35,1030.92,3,3,11,0,4752
110,4,本國銀行,合作金庫商業銀行#,602345,368577,8714,3502,765,2919,2,0.29,435.31,5,8,16,0,37343
110,4,本國銀行,第一商業銀行#,1347687,809656,39324,11725,1454,4353,9,0.05,2123.72,6,15,40,0,22852
110,4,本國銀行,華南商業銀行#,1013204,765944,11097,7337,1014,3449,1,0.16,395.0,0,9,59,0,8420
110,4,本國銀行,彰化商業銀行,537521,226743,3814,3552,268,1365,1,0.11,942.31,1,4,20,0,10132
110,4,本國銀行,上海商業儲蓄銀行,480336,243338,17322,2869,600,1186,5,0.19,1589.15,2,8,18,0,810
110,4,本國銀行,台北富邦銀行#,3974495,2666332,52760,15045,5591,25194,77,0.1,1171.47,22,58,284,2,13948
110,4,本國銀行,國泰世華商業銀行#,7225828,5176869,60384,26364,17755,35888,210,0.18,1222.54,38,202,288,6,75213
110,4,本國銀行,高雄銀行,16118,7071,90,96,13,139,0,0.48,232.99,0,0,1,0,893
110,4,本國銀行,兆豐國際商業銀行#,1021612,635322,9848,4440,1640,3224,9,0.2,689.15,4,18,55,0,2664
110,4,本國銀行,花旗(台灣)商業銀行,2865678,2193295,25357,23754,11018,16686,155,0.51,436.36,39,123,217,4,28346
110,4,本國銀行,臺灣中小企業銀行,196779,101665,338,702,318,761,2,0.09,356.34,1,5,7,0,1125
110,4,本國銀行,渣打國際商業銀行,411524,287487,1573,3322,1172,2497,5,0.14,1049.4,3,12,40,0,30
110,4,本國銀行,台中商業銀行,152720,79670,1584,758,217,480,0,0.43,1267.62,2,3,5,0,623
110,4,本國銀行,滙豐(台灣)商業銀行,624290,429175,8987,8104,1886,4652,22,0.22,1657.29,7,21,65,0,0
110,4,本國銀行,華泰商業銀行,9214,5012,5,63,10,36,0,0.64,441.8,0,0,1,0,0
110,4,本國銀行,臺灣新光商業銀行#,932295,567704,15631,4734,1562,3357,5,0.13,251.01,4,21,63,0,7080
110,4,本國銀行,陽信商業銀行,114575,55838,1473,1396,184,340,0,0.26,325.11,0,2,2,0,1893
110,4,本國銀行,三信商業銀行,15214,10101,192,49,18,106,0,0.65,5519.02,0,0,1,0,0
110,4,本國銀行,聯邦商業銀行,2278950,1324602,20885,10901,5508,8130,51,0.15,163.17,14,55,112,1,35808
110,4,本國銀行,遠東國際商業銀行,1640412,1043161,10479,6297,4000,3940,107,0.3,100.51,10,79,39,1,10487
110,4,本國銀行,元大商業銀行#,1156419,572523,2981,5896,1283,3765,17,0.08,692.5,6,15,54,0,249
110,4,本國銀行,永豐商業銀行#,2108374,1138686,21546,7718,4026,8900,82,0.13,939.31,13,52,130,2,11934
110,4,本國銀行,玉山商業銀行#,6454847,4486016,52489,20910,12426,33643,263,0.15,664.45,39,149,432,8,57563
110,4,本國銀行,凱基商業銀行#,360651,190041,5083,2411,1102,936,7,0.7,183.01,7,13,7,0,6176
110,4,本國銀行,星展(台灣)商業銀行,608256,317198,3444,4582,1358,2727,22,0.61,301.91,12,30,47,1,23
110,4,本國銀行,台新國際商業銀行#,5832494,4071519,52424,33725,10200,26166,108,0.14,958.03,23,106,331,11,159551
110,4,本國銀行,日盛國際商業銀行#,144786,90215,231,646,250,259,2,0.3,850.07,0,2,4,0,186
110,4,本國銀行,安泰商業銀行,123549,55176,420,507,206,309,0,0.49,215.21,0,2,4,0,2
110,4,本國銀行,中國信託商業銀行#,7496719,4833621,83013,30279,15903,34288,565,0.16,431.87,72,174,460,35,107825
110,4,信用卡公司,台灣樂天信用卡股份有限公司,600768,230150,2062,5168,492,888,5,1.01,229.34,1,10,15,0,0
110,4,信用卡公司,台灣美國運通國際(股)公司,174002,103042,2277,2101,231,3016,0,0.23,914.49,1,1,68,0,97196
110,4,信用卡公司,香港商台灣環滙亞太信用卡,0,0,0,0,0,0,0,0.0,0.0,0,0,0,0,7145
110,4,信用卡公司,財團法人聯合信用卡處理中心,0,0,0,0,0,0,0,0.0,0.0,0,0,0,0,92670
110,5,本國銀行,臺灣銀行#,226098,110938,1917,994,183,671,1,0.29,462.2,1,2,25,0,1531
110,5,本國銀行,臺灣土地銀行,340860,144082,2281,2164,365,734,1,0.28,1204.17,2,3,10,0,4616
110,5,本國銀行,合作金庫商業銀行#,608902,367634,10403,4038,765,2821,2,0.25,448.79,5,7,19,0,37547
110,5,本國銀行,第一商業銀行#,1364554,822821,24890,10515,1465,4507,8,0.05,2117.04,6,15,37,0,23285
110,5,本國銀行,華南商業銀行#,1016235,767181,12276,8506,1017,3515,1,0.22,363.04,0,9,55,0,8493
110,5,本國銀行,彰化商業銀行,538454,226310,3988,3259,331,1469,1,0.24,625.23,1,4,20,0,10284
110,5,本國銀行,上海商業儲蓄銀行,480013,244578,2589,3385,601,1138,5,0.24,1389.02,2,7,17,0,805
110,5,本國銀行,台北富邦銀行#,4024569,2687538,65279,15205,5679,24612,97,0.1,1156.82,24,61,302,2,14052
110,5,本國銀行,國泰世華商業銀行#,7243809,5179858,45409,27428,17862,40963,273,0.18,1217.32,44,197,289,6,75737
110,5,本國銀行,高雄銀行,16093,6781,64,99,14,173,0,0.48,216.35,0,0,1,0,891
110,5,本國銀行,兆豐國際商業銀行#,1028062,633451,9643,3193,1669,3459,11,0.24,627.25,4,18,52,0,2728
110,5,本國銀行,花旗(台灣)商業銀行,2858189,2184605,17214,31064,10411,14945,154,0.53,429.0,41,126,193,3,28344
110,5,本國銀行,臺灣中小企業銀行,196888,102650,855,746,314,741,2,0.16,329.12,2,5,6,0,1132
110,5,本國銀行,渣打國際商業銀行,409770,283013,1515,3078,1153,2306,6,0.18,1022.98,4,11,37,0,30
110,5,本國銀行,台中商業銀行,153574,79244,1659,951,223,490,0,0.5,1234.46,2,3,5,0,622
110,5,本國銀行,滙豐(台灣)商業銀行,625244,429654,9972,9018,1886,4511,26,0.23,1680.14,6,23,63,0,0
110,5,本國銀行,華泰商業銀行,9171,5008,4,47,10,35,0,0.94,414.29,0,0,0,0,0
110,5,本國銀行,臺灣新光商業銀行#,939281,571671,11840,4854,1566,4200,7,0.17,243.2,4,20,57,0,7113
110,5,本國銀行,陽信商業銀行,115231,56171,1256,313,185,367,0,0.44,343.53,0,3,2,0,2018
110,5,本國銀行,三信商業銀行,15274,10122,153,42,18,85,0,0.46,7204.24,0,0,1,0,0
110,5,本國銀行,聯邦商業銀行,2287248,1329565,18418,10120,5542,8039,64,0.17,162.17,13,55,106,1,37775
110,5,本國銀行,遠東國際商業銀行,1641408,1039108,7490,6632,3968,3755,148,0.32,100.66,13,77,37,1,10544
110,5,本國銀行,元大商業銀行#,1157256,568677,3522,5117,1274,3703,21,0.08,703.54,5,15,52,0,248
110,5,本國銀行,永豐商業銀行#,2117362,1143720,15365,6488,4052,9066,94,0.14,902.58,12,52,127,2,12208
110,5,本國銀行,玉山商業銀行#,6475418,4494700,39298,18727,12479,35223,301,0.16,641.86,42,148,424,10,58393
110,5,本國銀行,凱基商業銀行#,362817,192385,4448,2312,1106,945,8,0.7,184.43,5,13,4,0,6263
110,5,本國銀行,星展(台灣)商業銀行,608911,315593,3482,5080,1345,2626,25,0.61,294.81,13,32,44,1,23
110,5,本國銀行,台新國際商業銀行#,5854447,4072757,47851,25898,10267,26088,125,0.16,906.62,22,110,310,11,160062
110,5,本國銀行,日盛國際商業銀行#,144104,92511,227,909,246,262,2,0.24,910.36,1,2,3,0,189
110,5,本國銀行,安泰商業銀行,123524,55150,395,422,204,314,0,0.36,265.1,4,2,4,0,2
110,5,本國銀行,中國信託商業銀行#,7535732,4852071,71291,32278,15839,34955,688,0.18,438.05,73,181,437,34,107939
110,5,信用卡公司,台灣樂天信用卡股份有限公司,598814,224792,1230,4971,502,844,6,1.24,203.38,1,10,14,0,0
110,5,信用卡公司,台灣美國運通國際(股)公司,173768,101661,1873,2107,243,2040,0,0.32,867.34,2,4,46,0,97561
110,5,信用卡公司,香港商台灣環滙亞太信用卡,0,0,0,0,0,0,0,0.0,0.0,0,0,0,0,7218
110,5,信用卡公司,財團法人聯合信用卡處理中心,0,0,0,0,0,0,0,0.0,0.0,0,0,0,0,92627
110,6,本國銀行,臺灣銀行#,226663,110295,1094,700,174,673,1,0.19,701.51,1,1,12,0,1541
110,6,本國銀行,臺灣土地銀行,340312,139946,1308,1901,367,629,1,0.23,1554.56,2,4,10,0,4196
110,6,本國銀行,合作金庫商業銀行#,614280,364054,9305,4094,763,2636,2,0.26,431.52,5,8,14,0,37607
110,6,本國銀行,第一商業銀行#,1367687,823236,11482,10276,1454,3961,9,0.06,2036.69,6,16,30,0,23388
110,6,本國銀行,華南商業銀行#,1016820,763363,8227,6669,998,3131,1,0.08,505.86,16,10,49,0,8534
110,6,本國銀行,彰化商業銀行,537815,225439,1926,2814,327,1243,1,0.33,591.63,0,4,18,0,10405
110,6,本國銀行,上海商業儲蓄銀行,480267,243152,1862,2097,573,923,4,0.19,1634.21,3,7,15,0,808
110,6,本國銀行,台北富邦銀行#,4047681,2693540,42514,19402,5606,24476,66,0.11,1142.47,25,60,303,2,14128
110,6,本國銀行,國泰世華商業銀行#,7244092,5147707,24258,23975,17358,37006,184,0.18,1261.57,49,200,258,6,75733
110,6,本國銀行,高雄銀行,16036,6393,28,96,13,144,0,0.31,333.57,0,0,0,0,890
110,6,本國銀行,兆豐國際商業銀行#,1031294,630499,6356,3124,1637,3316,9,0.25,687.86,5,19,47,1,2757
110,6,本國銀行,花旗(台灣)商業銀行,2851919,2151525,12896,20106,10620,12443,114,0.71,353.25,0,120,154,3,27565
110,6,本國銀行,臺灣中小企業銀行,196713,102024,829,1004,303,665,2,0.14,332.57,2,6,5,0,1137
110,6,本國銀行,渣打國際商業銀行,407159,277030,937,3414,1124,1990,3,0.19,1016.49,3,10,31,0,30
110,6,本國銀行,台中商業銀行,153806,78477,719,742,217,420,0,0.63,1065.55,2,3,7,0,613
110,6,本國銀行,滙豐(台灣)商業銀行,625270,429378,8575,8549,1889,3905,19,0.27,1683.5,6,22,50,1,0
110,6,本國銀行,華泰商業銀行,9163,4986,4,12,10,28,0,0.74,438.52,0,0,0,0,0
110,6,本國銀行,臺灣新光商業銀行#,941753,566832,7428,4956,1563,3631,7,0.17,242.74,5,20,43,0,7127
110,6,本國銀行,陽信商業銀行,115224,56055,875,574,186,331,0,0.28,488.84,2,2,1,0,2022
110,6,本國銀行,三信商業銀行,15230,10068,78,45,18,74,0,0.41,7929.19,0,0,0,0,0
110,6,本國銀行,聯邦商業銀行,2192196,1323492,9125,104177,5326,6896,46,0.17,163.21,13,55,94,1,38242
110,6,本國銀行,遠東國際商業銀行,1571331,1016554,2670,72899,3883,2919,103,0.29,100.62,12,77,27,1,10499
110,6,本國銀行,元大商業銀行#,1158232,563729,3364,4866,1263,3280,14,0.08,694.65,7,15,47,0,247
110,6,本國銀行,永豐商業銀行#,2122821,1139492,10983,5700,4060,8410,63,0.15,936.36,14,54,112,2,12412
110,6,本國銀行,玉山商業銀行#,6489112,4473471,32731,19037,12446,31615,226,0.17,656.16,39,149,380,10,58815
110,6,本國銀行,凱基商業銀行#,364972,192250,4231,2133,1110,801,5,0.74,188.34,6,13,5,0,6148
110,6,本國銀行,星展(台灣)商業銀行,609463,313021,1614,4782,1356,2289,19,0.74,210.4,11,31,39,1,23
110,6,本國銀行,台新國際商業銀行#,5867723,4048538,40384,27108,10307,23092,89,0.17,883.27,24,107,276,10,160372
110,6,本國銀行,日盛國際商業銀行#,143447,94627,197,854,247,223,2,0.34,878.01,0,2,3,0,189
110,6,本國銀行,安泰商業銀行,123621,54718,444,361,201,273,0,0.39,277.67,0,2,4,0,2
110,6,本國銀行,中國信託商業銀行#,7547978,4822670,45825,33579,16062,31163,484,0.2,440.68,72,173,418,33,107921
110,6,信用卡公司,台灣樂天信用卡股份有限公司,598485,217594,1039,4610,507,762,4,1.42,186.72,1,10,13,0,0
110,6,信用卡公司,台灣美國運通國際(股)公司,172250,99013,832,2350,245,1955,0,0.33,861.96,3,4,40,0,97726
110,6,信用卡公司,香港商台灣環滙亞太信用卡,0,0,0,0,0,0,0,0.0,0.0,0,0,0,0,7242
110,6,信用卡公司,財團法人聯合信用卡處理中心,0,0,0,0,0,0,0,0.0,0.0,0,0,0,0,92312
110,7,本國銀行,臺灣銀行#,227461,110383,1401,867,170,1123,1,0.07,1612.57,1,2,13,0,1548
110,7,本國銀行,臺灣土地銀行,339889,138603,1513,2020,352,815,1,0.38,830.54,1,3,8,0,4117
110,7,本國銀行,合作金庫商業銀行#,616132,364847,6242,4593,737,5494,2,0.14,442.59,4,7,16,0,37642
110,7,本國銀行,第一商業銀行#,1371656,826286,12737,11793,1411,5230,7,0.05,2027.43,5,15,37,0,23627
110,7,本國銀行,華南商業銀行#,1018385,761510,10154,7908,961,5068,1,0.1,490.76,0,9,54,0,8565
110,7,本國銀行,彰化商業銀行,559341,233533,25266,3676,268,2342,1,0.1,894.77,3,4,18,0,10436
110,7,本國銀行,上海商業儲蓄銀行,481582,243751,3033,2217,554,1378,4,0.16,1804.24,3,7,16,0,789
110,7,本國銀行,台北富邦銀行#,4053299,2705117,43368,37750,5493,27628,70,0.1,1190.53,25,58,279,2,14403
110,7,本國銀行,國泰世華商業銀行#,7254999,5139785,37021,26114,16987,47102,191,0.15,1286.72,42,191,259,5,76293
110,7,本國銀行,高雄銀行,16034,6154,70,80,13,187,0,0.3,274.49,0,0,0,0,888
110,7,本國銀行,兆豐國際商業銀行#,1034648,626145,7224,3870,1618,7058,9,0.16,784.7,5,18,55,0,2783
110,7,本國銀行,花旗(台灣)商業銀行,2839718,2134422,16126,32160,9828,17330,121,0.78,310.92,0,110,179,3,26953
110,7,本國銀行,臺灣中小企業銀行,196287,101027,489,915,302,873,2,0.1,330.27,2,5,5,0,1156
110,7,本國銀行,渣打國際商業銀行,403994,272510,896,3668,1079,2440,3,0.18,903.15,4,13,32,0,30
110,7,本國銀行,台中商業銀行,154351,77634,1126,917,206,488,0,0.34,1440.73,2,3,5,0,609
110,7,本國銀行,滙豐(台灣)商業銀行,626616,428531,9224,7878,1842,4973,21,0.23,1770.3,6,21,57,0,0
110,7,本國銀行,華泰商業銀行,9137,4987,5,31,10,35,0,0.71,422.34,0,0,1,0,0
110,7,本國銀行,臺灣新光商業銀行#,944481,566292,7937,5209,1518,4437,5,0.15,241.17,6,20,48,0,7125
110,7,本國銀行,陽信商業銀行,115013,56145,932,698,179,347,0,0.38,432.44,0,3,1,0,2097
110,7,本國銀行,三信商業銀行,15338,10078,183,45,18,94,0,0.29,8762.26,0,0,1,0,0
110,7,本國銀行,聯邦商業銀行,2192207,1307556,15824,15813,5160,8381,48,0.16,164.76,13,49,99,1,38590
110,7,本國銀行,遠東國際商業銀行,1569002,998751,2773,5251,3768,3835,105,0.25,103.16,11,72,35,0,10538
110,7,本國銀行,元大商業銀行#,1158437,558567,3281,7588,1255,4041,13,0.07,700.71,5,14,50,0,245
110,7,本國銀行,永豐商業銀行#,2133392,1143795,16619,6289,3998,11785,64,0.13,925.56,10,51,131,2,12754
110,7,本國銀行,玉山商業銀行#,6510578,4467646,45213,23747,12283,53650,245,0.14,637.7,34,136,406,7,64254
110,7,本國銀行,凱基商業銀行#,366954,192204,4009,2010,1098,1152,6,0.67,187.22,5,12,7,0,6387
110,7,本國銀行,星展(台灣)商業銀行,608124,309883,2144,4599,1315,3142,18,0.7,225.86,9,32,40,1,23
110,7,本國銀行,台新國際商業銀行#,5900962,4036717,56248,23009,9899,41518,103,0.15,844.93,22,107,300,9,161386
110,7,本國銀行,日盛國際商業銀行#,142902,93824,215,760,238,270,2,0.26,933.42,1,2,3,0,187
110,7,本國銀行,安泰商業銀行,123660,54179,417,415,198,291,0,0.4,302.19,0,2,4,0,2
110,7,本國銀行,中國信託商業銀行#,7580563,4815512,63302,30717,15297,69981,503,0.12,436.14,79,164,418,31,107528
110,7,信用卡公司,台灣樂天信用卡股份有限公司,600218,213381,1289,3981,492,786,4,1.55,157.49,1,9,13,0,0
110,7,信用卡公司,台灣美國運通國際(股)公司,170702,96367,944,2492,220,2105,0,0.28,952.29,3,1,47,0,97805
110,7,信用卡公司,香港商台灣環滙亞太信用卡,0,0,0,0,0,0,0,0.0,0.0,0,0,0,0,7269
110,7,信用卡公司,財團法人聯合信用卡處理中心,0,0,0,0,0,0,0,0.0,0.0,0,0,0,0,92535
110,8,本國銀行,臺灣銀行#,228497,110423,1778,1262,170,644,1,0.13,1158.1,0,2,15,0,1568
110,8,本國銀行,臺灣土地銀行,339953,138289,1638,1809,349,752,1,0.28,1164.46,3,4,10,0,4126
110,8,本國銀行,合作金庫商業銀行#,619105,364353,6917,4080,752,3030,2,0.15,495.41,4,7,23,0,37660
110,8,本國銀行,第一商業銀行#,1380226,831407,15096,9853,1401,4663,7,0.05,1988.38,5,15,43,0,23958
110,8,本國銀行,華南商業銀行#,1019965,763451,9778,7851,949,4171,1,0.15,421.97,0,9,61,0,8608
110,8,本國銀行,彰化商業銀行,570270,246921,14427,3456,313,1488,1,0.22,606.32,1,4,21,0,10580
110,8,本國銀行,上海商業儲蓄銀行,442246,229846,3662,43591,543,1121,5,0.15,1837.05,2,7,18,0,786
110,8,本國銀行,台北富邦銀行#,4065233,2725020,37324,25390,5526,24554,71,0.09,1280.59,25,57,286,2,14550
110,8,本國銀行,國泰世華商業銀行#,7382598,5192743,164347,36748,17032,41471,191,0.14,1336.47,36,189,397,5,85884
110,8,本國銀行,高雄銀行,15970,5957,68,132,13,157,0,0.35,262.66,0,0,0,0,885
110,8,本國銀行,兆豐國際商業銀行#,1039909,620342,9326,4065,1624,3342,9,0.21,769.18,5,18,58,0,2958
110,8,本國銀行,花旗(台灣)商業銀行,2837588,2125228,17387,25063,9636,16228,119,0.53,429.0,121,111,205,3,26022
110,8,本國銀行,臺灣中小企業銀行,195842,100519,344,789,301,737,2,0.1,332.54,1,5,7,0,1159
110,8,本國銀行,渣打國際商業銀行,400254,269122,1054,4453,1068,2417,4,0.19,959.27,4,10,36,0,30
110,8,本國銀行,台中商業銀行,155462,77222,1719,777,207,498,0,0.38,1397.75,1,3,5,0,603
110,8,本國銀行,滙豐(台灣)商業銀行,627598,429426,7888,6906,1815,4663,22,0.22,1710.33,5,21,62,0,0
110,8,本國銀行,華泰商業銀行,9111,4932,4,30,10,34,0,0.39,473.87,0,0,0,0,0
110,8,本國銀行,臺灣新光商業銀行#,948260,569785,9523,5744,1514,4134,6,0.12,242.29,7,19,57,0,7137
110,8,本國銀行,陽信商業銀行,114949,56238,637,834,177,323,0,0.59,269.25,0,2,3,0,2141
110,8,本國銀行,三信商業銀行,15506,10204,272,60,18,89,0,0.25,9407.43,0,0,1,0,0
110,8,本國銀行,聯邦商業銀行,2196076,1295590,14998,11129,5179,8439,50,0.15,167.88,12,50,105,1,39419
110,8,本國銀行,遠東國際商業銀行,1569110,986577,6285,6302,3735,3925,112,0.26,103.18,10,70,39,1,10538
110,8,本國銀行,元大商業銀行#,1157635,553946,3229,8821,1217,3832,15,0.08,673.11,5,14,54,0,240
110,8,本國銀行,永豐商業銀行#,2139947,1149466,13048,6842,3951,9986,70,0.13,940.52,10,50,138,2,12816
110,8,本國銀行,玉山商業銀行#,6534077,4460909,45847,22348,12203,37199,233,0.15,641.88,40,138,459,8,64780
110,8,本國銀行,凱基商業銀行#,370219,193061,5397,2197,1087,895,7,0.65,185.5,7,12,3,0,6647
110,8,本國銀行,星展(台灣)商業銀行,607599,308680,3825,5443,1297,2663,20,0.68,247.68,14,30,44,1,23
110,8,本國銀行,台新國際商業銀行#,5928080,4044534,53476,26358,9856,28014,126,0.16,832.0,26,102,333,9,162298
110,8,本國銀行,日盛國際商業銀行#,142080,91319,203,1025,232,279,2,0.19,1001.57,1,2,3,0,185
110,8,本國銀行,安泰商業銀行,123578,53857,361,452,196,329,0,0.19,371.83,5,2,4,0,2
110,8,本國銀行,中國信託商業銀行#,7623402,4829611,83992,41153,15100,37779,540,0.12,460.86,66,160,476,32,107819
110,8,信用卡公司,台灣樂天信用卡股份有限公司,598935,211204,1198,4142,493,882,5,1.58,139.02,1,9,15,0,0
110,8,信用卡公司,台灣美國運通國際(股)公司,169611,94646,1344,2435,230,2470,0,0.24,986.51,2,2,55,0,97839
110,8,信用卡公司,香港商台灣環滙亞太信用卡,0,0,0,0,0,0,0,0.0,0.0,0,0,0,0,7220
110,8,信用卡公司,財團法人聯合信用卡處理中心,0,0,0,0,0,0,0,0.0,0.0,0,0,0,0,92889
110,9,本國銀行,臺灣銀行#,230218,110749,2360,869,167,672,0,0.08,1670.86,0,1,16,0,1621
110,9,本國銀行,臺灣土地銀行,344964,137050,6477,1706,351,734,1,0.27,1267.0,2,3,10,0,4146
110,9,本國銀行,合作金庫商業銀行#,623544,363374,8768,4448,752,2967,2,0.13,560.54,4,8,19,0,37797
110,9,本國銀行,第一商業銀行#,1391351,831719,17880,9584,1429,4714,8,0.03,2386.26,6,15,42,0,24329
110,9,本國銀行,華南商業銀行#,1035364,769360,22721,6888,975,4640,1,0.05,576.14,14,9,64,0,8736
110,9,本國銀行,彰化商業銀行,574307,251323,7124,2951,321,1481,1,0.18,717.55,2,4,21,0,10726
110,9,本國銀行,上海商業儲蓄銀行,443946,229998,3267,2058,551,1303,5,0.14,2022.88,2,7,19,0,801
110,9,本國銀行,台北富邦銀行#,4085717,2728250,36429,15945,5629,23963,73,0.08,1468.58,24,55,287,2,14916
110,9,本國銀行,國泰世華商業銀行#,7489841,5263560,183383,76140,17471,41602,189,0.1,1454.85,37,194,461,5,85368
110,9,本國銀行,高雄銀行,15927,5709,31,72,12,186,0,0.16,389.1,0,0,1,0,892
110,9,本國銀行,兆豐國際商業銀行#,1045554,620130,9264,3619,1658,3385,9,0.22,639.68,3,18,53,0,3129
110,9,本國銀行,花旗(台灣)商業銀行,2829579,2108265,18642,30929,9937,16466,110,0.47,459.97,41,109,209,3,25224
110,9,本國銀行,臺灣中小企業銀行,195442,99680,370,770,301,764,1,0.11,322.69,1,5,7,0,1166
110,9,本國銀行,渣打國際商業銀行,396420,264596,1260,4708,1066,2381,4,0.17,976.32,4,12,37,0,30
110,9,本國銀行,台中商業銀行,156539,77183,1657,719,206,546,0,0.37,1372.99,1,3,6,0,607
110,9,本國銀行,滙豐(台灣)商業銀行,629002,429807,7307,5903,1811,4872,19,0.17,2158.11,5,22,65,0,0
110,9,本國銀行,華泰商業銀行,9101,4891,8,18,9,34,0,0.52,449.56,0,0,0,0,0
110,9,本國銀行,臺灣新光商業銀行#,952341,567029,9656,5575,1520,3738,4,0.08,248.0,6,19,57,0,13657
110,9,本國銀行,陽信商業銀行,115835,55790,1630,826,180,341,0,0.67,311.12,0,2,3,0,2216
110,9,本國銀行,三信商業銀行,15625,10343,198,47,18,100,0,0.33,8430.02,0,0,1,0,0
110,9,本國銀行,聯邦商業銀行,2207397,1289698,21751,10430,5228,8542,54,0.14,167.96,11,51,114,1,39789
110,9,本國銀行,遠東國際商業銀行,1571458,972884,8105,5881,3747,3924,106,0.25,103.76,10,70,37,1,10538
110,9,本國銀行,元大商業銀行#,1159146,551172,4019,4765,1220,3954,17,0.08,609.67,3,14,55,0,237
110,9,本國銀行,永豐商業銀行#,2146678,1148762,12399,5928,3951,10044,71,0.13,937.58,9,51,137,2,13033
110,9,本國銀行,玉山商業銀行#,6559993,4471779,48022,22106,12340,34906,233,0.15,678.8,41,139,437,8,58755
110,9,本國銀行,凱基商業銀行#,372235,192523,4078,2092,1094,992,6,0.59,187.37,5,12,7,0,6773
110,9,本國銀行,星展(台灣)商業銀行,608554,309322,7346,5143,1295,2956,20,0.5,396.37,14,29,48,1,23
110,9,本國銀行,台新國際商業銀行#,5957656,4046445,54463,24887,9938,28430,117,0.14,858.83,25,99,338,9,163256
110,9,本國銀行,日盛國際商業銀行#,141338,95739,215,957,234,292,2,0.25,935.34,0,2,3,0,185
110,9,本國銀行,安泰商業銀行,123613,53973,429,416,192,339,0,0.27,382.23,0,2,5,0,2
110,9,本國銀行,中國信託商業銀行#,7670253,4821988,80461,33610,15006,38100,529,0.09,498.35,56,159,481,32,108325
110,9,信用卡公司,台灣樂天信用卡股份有限公司,599069,205874,928,3883,500,844,5,1.56,141.93,1,9,14,0,0
110,9,信用卡公司,台灣美國運通國際(股)公司,169017,92829,1928,2522,206,2713,1,0.25,994.87,2,1,62,0,97796
110,9,信用卡公司,香港商台灣環滙亞太信用卡,0,0,0,0,0,0,0,0.0,0.0,0,0,0,0,7245
110,9,信用卡公司,財團法人聯合信用卡處理中心,0,0,0,0,0,0,0,0.0,0.0,0,0,0,0,93339
110,10,本國銀行,臺灣銀行#,231864,112109,2372,1142,165,655,1,0.08,1599.86,0,1,17,0,1686
110,10,本國銀行,臺灣土地銀行,348945,139480,5977,1780,356,740,1,0.21,1316.82,2,3,10,0,4171
110,10,本國銀行,合作金庫商業銀行#,628790,368336,10577,5515,768,2955,2,0.22,439.08,0,7,21,0,38221
110,10,本國銀行,第一商業銀行#,1400364,834784,16383,10584,1453,4822,7,0.03,2359.85,5,15,44,0,24814
110,10,本國銀行,華南商業銀行#,1038780,777920,11542,7482,985,4150,1,0.09,523.43,0,9,66,0,8896
110,10,本國銀行,彰化商業銀行,572862,250856,4961,3196,262,1438,1,0.18,754.58,0,4,21,0,10962
110,10,本國銀行,上海商業儲蓄銀行,445330,230135,2516,1763,558,1220,4,0.14,1921.79,1,7,18,0,829
110,10,本國銀行,台北富邦銀行#,4122390,2745415,54266,17593,5712,23218,76,0.06,1919.98,23,58,296,2,14950
110,10,本國銀行,國泰世華商業銀行#,7537472,5302993,103914,56283,17690,38005,201,0.11,1473.46,31,190,332,5,85572
110,10,本國銀行,高雄銀行,15879,5663,29,79,13,172,0,0.17,361.75,0,0,1,0,895
110,10,本國銀行,兆豐國際商業銀行#,1049834,624845,8432,4152,1695,3550,9,0.23,582.12,5,20,60,0,3242
110,10,本國銀行,花旗(台灣)商業銀行,2830883,2082921,17209,19514,10072,17387,120,0.51,400.69,0,113,227,3,25000
110,10,本國銀行,臺灣中小企業銀行,192434,100016,330,3338,298,789,2,0.11,322.42,1,4,7,0,1169
110,10,本國銀行,渣打國際商業銀行,393311,261271,1369,4171,1069,2264,4,0.16,996.89,4,11,35,0,30
110,10,本國銀行,台中商業銀行,157584,76883,1673,863,210,500,0,0.3,1603.85,1,3,5,0,614
110,10,本國銀行,滙豐(台灣)商業銀行,629620,428813,7264,6646,1824,4747,19,0.17,2172.27,5,22,68,0,0
110,10,本國銀行,華泰商業銀行,9090,4823,6,17,10,33,0,0.2,496.11,0,0,0,0,0
110,10,本國銀行,臺灣新光商業銀行#,957761,565315,10618,5198,1540,3654,5,0.13,246.85,0,20,68,0,13684
110,10,本國銀行,陽信商業銀行,116693,55138,1531,897,174,304,0,0.35,504.0,3,2,3,0,2225
110,10,本國銀行,三信商業銀行,15895,10469,325,35,17,100,0,0.3,8926.5,0,0,1,0,0
110,10,本國銀行,聯邦商業銀行,2217729,1285380,20891,10559,5186,8631,50,0.13,174.73,10,50,119,1,40007
110,10,本國銀行,遠東國際商業銀行,1575535,963536,11234,7265,3806,4063,112,0.25,103.95,9,70,44,1,10538
110,10,本國銀行,元大商業銀行#,1166787,549656,11025,6238,1228,3708,15,0.08,618.54,2,14,53,0,235
110,10,本國銀行,永豐商業銀行#,2153038,1148623,11813,6626,4001,9244,75,0.13,945.33,8,49,134,2,13264
110,10,本國銀行,玉山商業銀行#,6586884,4485535,49247,22356,12470,36834,243,0.12,737.5,47,138,473,8,59025
110,10,本國銀行,凱基商業銀行#,373981,191582,3791,2081,1102,899,6,0.57,188.79,5,12,6,0,6649
110,10,本國銀行,星展(台灣)商業銀行,612949,311872,9576,5280,1300,2956,22,0.47,411.47,8,31,49,1,23
110,10,本國銀行,台新國際商業銀行#,5991535,4043440,59288,25409,9997,28381,113,0.11,992.33,29,103,364,8,164257
110,10,本國銀行,日盛國際商業銀行#,140659,93855,246,925,231,248,1,0.2,965.25,0,2,3,0,176
110,10,本國銀行,安泰商業銀行,123622,53578,371,404,192,313,0,0.24,404.48,0,2,4,0,2
110,10,本國銀行,中國信託商業銀行#,7727505,4835629,84040,26788,15072,37668,535,0.08,516.75,40,171,505,33,108745
110,10,信用卡公司,台灣樂天信用卡股份有限公司,600875,203165,1156,3735,512,780,5,1.63,135.22,1,9,13,0,0
110,10,信用卡公司,台灣美國運通國際(股)公司,169231,91903,2338,2124,228,2823,0,0.26,935.07,3,2,64,0,97208
110,10,信用卡公司,香港商台灣環滙亞太信用卡,0,0,0,0,0,0,0,0.0,0.0,0,0,0,0,7243
110,10,信用卡公司,財團法人聯合信用卡處理中心,0,0,0,0,0,0,0,0.0,0.0,0,0,0,0,93672
110,11,本國銀行,臺灣銀行#,233490,113526,2700,1358,164,776,1,0.06,1814.78,0,2,19,0,1732
110,11,本國銀行,臺灣土地銀行,352237,142038,4836,1955,352,872,1,0.24,1327.44,1,3,12,0,5003
110,11,本國銀行,合作金庫商業銀行#,634411,375449,9919,4542,764,3251,2,0.13,551.27,6,8,16,0,38859
110,11,本國銀行,第一商業銀行#,1413009,838798,19843,10706,1474,5512,8,0.04,2212.84,4,16,56,0,25467
110,11,本國銀行,華南商業銀行#,1039706,783501,9498,7611,972,4443,1,0.12,481.08,0,9,71,0,9140
110,11,本國銀行,彰化商業銀行,568155,253182,3107,4246,317,1657,1,0.17,729.62,2,4,25,0,11100
110,11,本國銀行,上海商業儲蓄銀行,446153,230136,1964,1700,562,1328,5,0.1,2445.43,2,7,22,0,872
110,11,本國銀行,台北富邦銀行#,4169566,2797359,63999,16823,5745,28910,84,0.05,2302.98,17,56,353,2,15010
110,11,本國銀行,國泰世華商業銀行#,7572016,5373796,75855,41311,17784,50391,219,0.09,1513.06,24,188,381,5,88649
110,11,本國銀行,高雄銀行,15815,5584,26,90,14,188,0,0.11,505.68,0,0,1,0,889
110,11,本國銀行,兆豐國際商業銀行#,1053412,628442,7500,3922,1704,3967,11,0.2,646.35,6,20,65,0,3333
110,11,本國銀行,花旗(台灣)商業銀行,2826193,2085973,18593,27768,9728,18761,117,0.35,521.93,78,111,244,3,25050
110,11,本國銀行,臺灣中小企業銀行,191251,99887,296,1479,295,818,2,0.11,311.95,1,4,7,0,1207
110,11,本國銀行,渣打國際商業銀行,390455,259297,1447,4171,1061,2668,4,0.15,997.78,4,11,41,0,30
110,11,本國銀行,台中商業銀行,159017,77170,2325,1055,209,563,0,0.32,1582.09,1,3,8,0,595
110,11,本國銀行,滙豐(台灣)商業銀行,630224,428355,6844,6240,1814,5549,24,0.13,2411.2,5,22,75,1,0
110,11,本國銀行,華泰商業銀行,9075,4832,4,19,9,37,0,0.0,537.55,0,0,0,0,0
110,11,本國銀行,臺灣新光商業銀行#,963288,571638,9929,4402,1534,4842,7,0.12,243.51,4,19,76,0,13683
110,11,本國銀行,陽信商業銀行,116750,54793,854,1001,177,349,0,0.53,550.01,0,2,3,0,2207
110,11,本國銀行,三信商業銀行,16157,10707,335,53,17,100,0,0.42,7810.56,0,0,1,0,0
110,11,本國銀行,聯邦商業銀行,2238082,1285011,30439,10086,5258,9306,51,0.12,178.91,10,52,130,1,40240
110,11,本國銀行,遠東國際商業銀行,1579888,975814,12208,7925,3766,4897,118,0.26,104.03,8,71,59,1,10551
110,11,本國銀行,元大商業銀行#,1176095,552044,12783,6783,1218,4403,18,0.08,621.78,4,15,64,0,236
110,11,本國銀行,永豐商業銀行#,2162649,1155943,15518,6296,3994,10913,75,0.12,979.76,8,51,158,2,13506
110,11,本國銀行,玉山商業銀行#,6608027,4495978,40300,19157,12290,40710,256,0.1,808.56,46,141,556,9,49637
110,11,本國銀行,凱基商業銀行#,374909,191162,3186,2309,1103,981,7,0.53,199.56,6,13,7,0,6705
110,11,本國銀行,星展(台灣)商業銀行,620072,317527,4936,4613,1285,3445,20,0.46,422.42,11,28,58,1,23
110,11,本國銀行,台新國際商業銀行#,6034814,4067702,68599,25320,9945,32744,165,0.09,1124.46,23,100,422,8,162621
110,11,本國銀行,日盛國際商業銀行#,139853,90402,263,1069,230,282,1,0.2,954.58,0,2,4,0,175
110,11,本國銀行,安泰商業銀行,123651,53694,446,414,189,352,0,0.1,469.55,2,2,5,0,2
110,11,本國銀行,中國信託商業銀行#,7775188,4870287,90194,42511,15017,44668,594,0.08,508.28,34,165,613,35,109335
110,11,信用卡公司,台灣樂天信用卡股份有限公司,599591,202483,1247,4563,522,1021,6,1.56,129.15,1,10,18,0,0
110,11,信用卡公司,台灣美國運通國際(股)公司,169620,93650,2654,2265,225,3363,0,0.21,956.13,1,2,75,0,96642
110,11,信用卡公司,香港商台灣環滙亞太信用卡,0,0,0,0,0,0,0,0.0,0.0,0,0,0,0,7227
110,11,信用卡公司,財團法人聯合信用卡處理中心,0,0,0,0,0,0,0,0.0,0.0,0,0,0,0,93730
110,12,本國銀行,臺灣銀行#,234262,117109,2034,1597,166,810,1,0.08,1143.05,0,1,19,0,1798
110,12,本國銀行,臺灣土地銀行,356812,146964,6621,2016,354,915,1,0.25,1200.78,2,3,14,0,5830
110,12,本國銀行,合作金庫商業銀行#,637661,383618,9184,6184,775,3647,2,0.17,476.11,3,7,21,0,39194
110,12,本國銀行,第一商業銀行#,1413713,848636,13582,15953,1503,5366,8,0.06,1872.86,5,16,49,0,25970
110,12,本國銀行,華南商業銀行#,1036971,787374,5784,7657,992,4577,1,0.04,655.36,10,9,75,0,9214
110,12,本國銀行,彰化商業銀行,562961,255471,1685,3384,258,1686,1,0.14,790.04,0,4,28,0,11220
110,12,本國銀行,上海商業儲蓄銀行,446785,231669,1719,1610,566,1443,5,0.13,2098.03,1,7,22,0,895
110,12,本國銀行,台北富邦銀行#,4241447,2837461,90057,18176,5818,32061,88,0.05,2110.65,13,61,344,2,15143
110,12,本國銀行,國泰世華商業銀行#,7604456,5431713,70194,37754,17985,50894,204,0.08,1528.68,21,194,364,5,88929
110,12,本國銀行,高雄銀行,15753,5551,20,82,14,150,0,0.04,1337.6,0,0,1,0,899
110,12,本國銀行,兆豐國際商業銀行#,1055773,631546,6233,3872,1716,4362,11,0.2,637.57,5,20,67,0,3378
110,12,本國銀行,花旗(台灣)商業銀行,2829426,2108311,16172,20630,10377,19448,125,0.41,439.08,0,116,257,3,24988
110,12,本國銀行,臺灣中小企業銀行,204682,100638,14761,1330,292,893,2,0.07,331.57,1,6,7,0,1222
110,12,本國銀行,渣打國際商業銀行,385729,257509,1089,5496,1066,2558,5,0.16,1013.66,3,12,41,0,30
110,12,本國銀行,台中商業銀行,159401,78444,1164,968,208,572,0,0.35,1468.11,1,3,6,0,583
110,12,本國銀行,滙豐(台灣)商業銀行,628839,429128,4592,5977,1826,5616,22,0.14,2376.17,4,23,80,1,0
110,12,本國銀行,華泰商業銀行,9052,4830,4,27,9,45,0,0.04,535.9,0,0,0,0,0
110,12,本國銀行,臺灣新光商業銀行#,967682,575444,9775,5381,1533,3916,6,0.1,245.78,6,20,80,0,13691
110,12,本國銀行,陽信商業銀行,117276,54771,1212,837,175,381,0,0.09,520.15,6,3,3,0,2278
110,12,本國銀行,三信商業銀行,16241,10814,163,49,16,122,0,0.36,8194.44,0,0,1,0,0
110,12,本國銀行,聯邦商業銀行,2255449,1300127,32355,14988,5349,9958,51,0.12,179.84,11,52,136,1,40957
110,12,本國銀行,遠東國際商業銀行,1547948,994110,6979,38926,3775,4664,125,0.25,104.29,7,72,54,1,10550
110,12,本國銀行,元大商業銀行#,1179037,554494,6336,5796,1219,4505,18,0.08,724.19,3,14,65,0,236
110,12,本國銀行,永豐商業銀行#,2170771,1166125,13839,5745,4003,11982,78,0.11,982.46,7,50,175,2,13921
110,12,本國銀行,玉山商業銀行#,6624086,4531414,38166,22107,12349,40978,262,0.09,853.51,30,141,512,8,49688
110,12,本國銀行,凱基商業銀行#,376054,191558,3411,2304,1100,1095,7,0.46,196.02,7,13,6,0,6841
110,12,本國銀行,星展(台灣)商業銀行,622454,318185,3244,5095,1299,3325,21,0.47,422.51,8,30,55,1,23
110,12,本國銀行,台新國際商業銀行#,6058070,4067592,49742,26486,10066,30445,183,0.09,1163.37,18,103,385,9,162770
110,12,本國銀行,日盛國際商業銀行#,139275,88070,202,780,228,292,2,0.24,902.34,0,2,4,0,177
110,12,本國銀行,安泰商業銀行,123765,53776,428,334,188,384,0,0.16,177.12,0,2,5,0,2
110,12,本國銀行,中國信託商業銀行#,7837569,4934654,91876,29495,15170,43364,593,0.09,487.26,37,172,590,35,109468
110,12,信用卡公司,台灣樂天信用卡股份有限公司,600794,201303,1065,5263,527,938,6,1.61,121.49,1,10,16,0,0
110,12,信用卡公司,台灣美國運通國際(股)公司,169722,96435,2478,2376,236,3514,0,0.17,1050.32,2,2,77,0,96847
110,12,信用卡公司,香港商台灣環滙亞太信用卡,0,0,0,0,0,0,0,0.0,0.0,0,0,0,0,7215
110,12,信用卡公司,財團法人聯合信用卡處理中心,0,0,0,0,0,0,0,0.0,0.0,0,0,0,0,93672
111,1,本國銀行,臺灣銀行#,234797,118098,1700,1406,168,749,0,0.09,1311.52,1,1,18,0,1794
111,1,本國銀行,臺灣土地銀行,357454,148261,2458,2023,352,814,1,0.2,1320.11,2,3,10,0,5940
111,1,本國銀行,合作金庫商業銀行#,638045,385450,5657,5467,773,3277,1,0.21,478.29,5,8,20,0,39450
111,1,本國銀行,第一商業銀行#,1427069,861934,20896,10455,1496,5102,6,0.05,1890.01,5,16,45,0,26184
111,1,本國銀行,華南商業銀行#,1035931,789977,8078,8658,992,3999,1,0.07,594.94,0,10,77,0,9255
111,1,本國銀行,彰化商業銀行,566844,254781,9547,3676,316,1572,1,0.13,861.92,1,4,23,0,11259
111,1,本國銀行,上海商業儲蓄銀行,448124,182900,2630,1878,570,1317,4,0.17,1629.63,1,7,20,0,900
111,1,本國銀行,台北富邦銀行#,4302518,2884044,78954,17883,5861,28015,73,0.06,1830.16,12,62,327,2,15178
111,1,本國銀行,國泰世華商業銀行#,7632939,5473151,62701,34218,18304,42185,186,0.09,1565.2,24,202,445,5,94027
111,1,本國銀行,高雄銀行,15696,5469,17,74,14,157,0,0.1,648.04,0,0,1,0,896
111,1,本國銀行,兆豐國際商業銀行#,1058336,632127,7449,4886,1740,3722,10,0.2,611.61,6,21,64,1,3469
111,1,本國銀行,花旗(台灣)商業銀行,2817758,2110570,15613,32110,10154,19397,109,0.31,567.69,66,120,257,3,24755
111,1,本國銀行,臺灣中小企業銀行,203902,102847,1024,1804,290,855,2,0.13,310.34,0,5,7,0,1241
111,1,本國銀行,渣打國際商業銀行,377390,251685,962,5367,1035,2347,4,0.15,1039.6,4,12,36,0,30
111,1,本國銀行,台中商業銀行,160568,79038,1902,918,206,540,0,0.31,1661.83,2,3,6,0,582
111,1,本國銀行,滙豐(台灣)商業銀行,632361,429654,9945,6423,1827,5291,22,0.13,2488.34,4,24,75,0,0
111,1,本國銀行,華泰商業銀行,9051,4864,19,20,9,41,0,0.05,540.48,0,0,0,0,0
111,1,本國銀行,臺灣新光商業銀行#,976487,582731,14612,5807,1530,4331,4,0.09,256.14,4,20,66,0,14017
111,1,本國銀行,陽信商業銀行,108635,52017,1890,10663,173,344,0,0.25,525.72,0,2,3,0,2361
111,1,本國銀行,三信商業銀行,16409,10923,284,65,16,94,0,0.31,8911.66,0,0,1,0,0
111,1,本國銀行,聯邦商業銀行,2272852,1316680,35129,17726,5257,9185,49,0.13,182.61,11,53,133,1,41157
111,1,本國銀行,遠東國際商業銀行,1550073,1003215,9204,7092,3984,4388,129,0.25,104.33,10,59,128,1,10550
111,1,本國銀行,元大商業銀行#,1181953,555755,6914,6148,1208,4262,15,0.08,731.44,2,14,61,0,237
111,1,本國銀行,永豐商業銀行#,2181934,1176951,17712,6675,3996,11318,71,0.11,964.4,6,53,172,2,14026
111,1,本國銀行,玉山商業銀行#,6642488,4546221,39663,21261,12586,38403,228,0.11,872.03,18,135,491,8,49152
111,1,本國銀行,凱基商業銀行#,377698,192759,4187,2588,1087,1007,6,0.5,168.17,5,13,6,0,6961
111,1,本國銀行,星展(台灣)商業銀行,623023,319111,3624,4109,1278,3121,20,0.58,382.14,8,30,51,1,23
111,1,本國銀行,台新國際商業銀行#,6078645,4091774,57429,36854,9981,30989,173,0.1,1132.01,14,105,382,8,163237
111,1,本國銀行,日盛國際商業銀行#,138742,87247,196,729,218,270,1,0.21,927.27,0,2,3,0,171
111,1,本國銀行,安泰商業銀行,123808,54108,432,425,186,345,0,0.18,206.67,0,2,5,0,2
111,1,本國銀行,中國信託商業銀行#,7892089,4970945,93720,39200,15185,40696,568,0.09,489.62,42,175,512,35,109468
111,1,信用卡公司,台灣樂天信用卡股份有限公司,599906,199810,746,5375,504,838,5,1.49,150.84,1,10,14,0,0
111,1,信用卡公司,台灣美國運通國際(股)公司,169567,98114,2316,2471,239,3135,0,0.13,1282.14,3,2,67,0,96581
111,1,信用卡公司,香港商台灣環滙亞太信用卡,0,0,0,0,0,0,0,0.0,0.0,0,0,0,0,7206
111,1,信用卡公司,財團法人聯合信用卡處理中心,0,0,0,0,0,0,0,0.0,0.0,0,0,0,0,93697
111,2,本國銀行,臺灣銀行#,234708,117973,965,1254,166,579,0,0.12,988.48,0,1,15,0,1800
111,2,本國銀行,臺灣土地銀行,358170,147856,2196,1651,348,674,0,0.26,1207.44,1,3,9,0,6035
111,2,本國銀行,合作金庫商業銀行#,635871,384180,4754,7139,790,2731,1,0.39,345.49,0,7,14,0,39509
111,2,本國銀行,第一商業銀行#,1435184,864745,13892,8121,1488,4401,5,0.06,1576.92,5,17,31,0,26334
111,2,本國銀行,華南商業銀行#,1037181,788707,8619,6902,898,3384,1,0.12,498.89,0,9,62,0,9324
111,2,本國銀行,彰化商業銀行,567731,253712,5082,3003,321,1357,0,0.09,1064.88,2,4,19,0,11282
111,2,本國銀行,上海商業儲蓄銀行,448369,183005,2063,2304,547,1138,3,0.12,2121.39,3,6,16,0,911
111,2,本國銀行,台北富邦銀行#,4353406,2913295,64693,13805,5760,21464,46,0.06,1898.3,16,50,291,1,15229
111,2,本國銀行,國泰世華商業銀行#,7654624,5467813,49233,27548,17766,37315,133,0.09,1578.97,26,203,252,4,94881
111,2,本國銀行,高雄銀行,15666,5365,13,44,14,118,0,0.08,701.26,0,0,0,0,899
111,2,本國銀行,兆豐國際商業銀行#,1059397,631380,5092,4031,1746,3183,8,0.24,631.07,5,21,57,0,3509
111,2,本國銀行,花旗(台灣)商業銀行,2811039,2098593,11519,21538,9700,15241,71,0.39,505.45,0,105,191,2,24737
111,2,本國銀行,臺灣中小企業銀行,204251,103331,1056,707,305,701,1,0.09,341.68,2,4,6,0,1249
111,2,本國銀行,渣打國際商業銀行,372020,246653,595,5070,1027,1819,3,0.23,974.26,4,9,27,0,30
111,2,本國銀行,台中商業銀行,161233,79208,1312,772,187,472,0,0.31,1574.91,1,2,5,0,577
111,2,本國銀行,滙豐(台灣)商業銀行,634441,430086,6829,4749,1806,4352,12,0.13,2366.63,2,22,57,0,0
111,2,本國銀行,華泰商業銀行,9049,4859,10,12,10,30,0,0.06,562.26,0,0,0,0,0
111,2,本國銀行,臺灣新光商業銀行#,984776,582727,13544,5255,1573,3411,4,0.15,251.36,0,21,64,0,14120
111,2,本國銀行,陽信商業銀行,109400,52474,1471,843,177,283,0,0.49,362.1,0,2,2,0,2411
111,2,本國銀行,三信商業銀行,16682,11038,375,48,18,114,0,0.35,2075.4,0,0,1,0,0
111,2,本國銀行,聯邦商業銀行,2282444,1327664,23031,13439,5225,7673,28,0.13,183.79,11,53,98,0,41271
111,2,本國銀行,遠東國際商業銀行,1554848,1002306,10302,5543,3794,3683,59,0.27,104.31,9,59,46,0,10609
111,2,本國銀行,元大商業銀行#,1183252,555939,4554,5230,1189,3421,10,0.08,743.96,3,12,7,0,234
111,2,本國銀行,永豐商業銀行#,2193650,1175117,17119,5540,3955,8757,47,0.13,935.02,7,54,121,2,14139
111,2,本國銀行,玉山商業銀行#,6651751,4539338,27888,18625,12178,32133,157,0.12,612.98,28,104,400,7,48638
111,2,本國銀行,凱基商業銀行#,378016,191849,2527,2265,1073,886,3,0.58,159.2,5,11,4,0,7004
111,2,本國銀行,星展(台灣)商業銀行,624813,319011,5051,2942,1326,2586,15,0.64,391.56,9,26,42,1,24
111,2,本國銀行,台新國際商業銀行#,6081682,4088018,43068,40031,9931,25950,88,0.11,1132.72,14,94,306,8,163679
111,2,本國銀行,日盛國際商業銀行#,138280,86585,110,572,222,219,0,0.23,1043.67,0,2,3,0,146
111,2,本國銀行,安泰商業銀行,123790,53562,286,303,185,281,0,0.19,221.97,0,2,3,0,2
111,2,本國銀行,中國信託商業銀行#,7924984,4975985,72212,39317,15048,36799,373,0.11,489.74,49,157,474,25,109372
111,2,信用卡公司,台灣樂天信用卡股份有限公司,600271,195812,775,4989,519,666,3,1.63,151.17,1,11,11,0,0
111,2,信用卡公司,台灣美國運通國際(股)公司,169473,98257,1743,1837,247,2533,0,0.16,1175.87,1,2,54,0,96778
111,2,信用卡公司,香港商台灣環滙亞太信用卡,0,0,0,0,0,0,0,0.0,0.0,0,0,0,0,7251
111,2,信用卡公司,財團法人聯合信用卡處理中心,0,0,0,0,0,0,0,0.0,0.0,0,0,0,0,93924
111,3,本國銀行,臺灣銀行#,234967,118201,1798,1804,168,742,1,0.09,1311.05,1,2,18,0,1815
111,3,本國銀行,臺灣土地銀行,358829,149138,2548,2098,345,852,1,0.34,725.88,1,4,13,0,6124
111,3,本國銀行,合作金庫商業銀行#,635125,384762,7603,8555,749,3258,2,0.2,455.13,9,8,25,0,39770
111,3,本國銀行,第一商業銀行#,1448090,876469,21417,11831,1489,5628,7,0.08,1416.22,5,14,53,0,26606
111,3,本國銀行,華南商業銀行#,1039019,791230,14346,8235,961,4497,1,0.06,589.84,8,10,71,0,9450
111,3,本國銀行,彰化商業銀行,572094,256009,9272,3910,301,1823,1,0.15,774.63,1,4,27,0,11470
111,3,本國銀行,上海商業儲蓄銀行,449794,183705,2964,2318,555,1432,6,0.16,1734.79,2,8,22,0,919
111,3,本國銀行,台北富邦銀行#,4402105,2966488,66733,18034,5599,28719,84,0.07,1687.05,16,64,390,2,15316
111,3,本國銀行,國泰世華商業銀行#,7691312,5461352,71826,35138,17107,47877,229,0.09,1588.97,25,187,347,5,95087
111,3,本國銀行,高雄銀行,15614,5302,19,69,15,165,0,0.14,482.93,0,0,1,0,897
111,3,本國銀行,兆豐國際商業銀行#,1063802,631221,9226,4821,1698,3805,9,0.26,590.51,6,20,56,0,3582
111,3,本國銀行,花旗(台灣)商業銀行,2804585,2091966,16609,28969,9937,17569,127,0.38,550.43,45,116,230,3,24227
111,3,本國銀行,臺灣中小企業銀行,192218,99836,2778,14811,282,779,2,0.04,339.93,1,5,6,0,1248
111,3,本國銀行,渣打國際商業銀行,366923,242638,917,5915,998,2153,5,0.28,888.23,3,8,34,0,30
111,3,本國銀行,台中商業銀行,162344,79459,1917,1043,201,603,0,0.43,1338.59,1,3,7,0,576
111,3,本國銀行,滙豐(台灣)商業銀行,636632,430540,8526,6335,1773,5526,19,0.12,2268.47,6,23,72,0,0
111,3,本國銀行,華泰商業銀行,9059,4865,22,12,8,42,0,0.04,583.52,0,0,1,0,0
111,3,本國銀行,臺灣新光商業銀行#,998468,595200,19144,5452,1504,4371,7,0.14,256.89,9,20,73,0,14102
111,3,本國銀行,陽信商業銀行,110701,53941,2140,1064,169,375,0,0.12,472.54,3,3,4,0,2467
111,3,本國銀行,三信商業銀行,17151,11338,602,56,17,99,0,0.26,2455.92,0,0,1,0,0
111,3,本國銀行,聯邦商業銀行,2295174,1332043,30299,17569,5299,8751,54,0.14,180.32,13,48,120,1,44160
111,3,本國銀行,遠東國際商業銀行,1564401,1011034,16809,7258,3670,4555,114,0.27,104.38,10,57,65,1,10609
111,3,本國銀行,元大商業銀行#,1174578,559650,6429,18273,1174,4448,19,0.08,752.64,5,16,64,0,236
111,3,本國銀行,永豐商業銀行#,2218092,1194091,32596,8399,3911,11330,85,0.13,943.0,12,46,149,2,14338
111,3,本國銀行,玉山商業銀行#,6669031,4533343,39491,22211,12221,37221,258,0.16,552.92,34,184,511,8,48556
111,3,本國銀行,凱基商業銀行#,379002,192544,3567,2756,1123,1078,5,0.68,167.81,6,14,7,0,7112
111,3,本國銀行,星展(台灣)商業銀行,626007,320552,5897,6250,1276,3425,27,0.61,404.3,10,32,57,1,24
111,3,本國銀行,台新國際商業銀行#,6099318,4100790,55408,37772,9756,31665,177,0.12,1078.87,16,104,393,9,163924
111,3,本國銀行,日盛國際商業銀行#,137861,79828,206,625,221,272,1,0.23,964.26,1,3,4,0,143
111,3,本國銀行,安泰商業銀行,123767,53616,429,460,182,338,0,0.24,242.76,0,2,5,0,2
111,3,本國銀行,中國信託商業銀行#,7970761,5016910,108913,63136,15052,44780,650,0.11,454.63,55,172,604,34,110301
111,3,信用卡公司,台灣樂天信用卡股份有限公司,598327,194312,1106,6378,524,887,5,1.99,118.67,1,9,15,0,0
111,3,信用卡公司,台灣美國運通國際(股)公司,170024,99687,2701,2150,235,3134,1,0.21,956.67,1,2,65,0,96806
111,3,信用卡公司,香港商台灣環滙亞太信用卡,0,0,0,0,0,0,0,0.0,0.0,0,0,0,0,7226
111,3,信用卡公司,財團法人聯合信用卡處理中心,0,0,0,0,0,0,0,0.0,0.0,0,0,0,0,94121
111,4,本國銀行,臺灣銀行#,235584,117766,1696,1495,166,618,0,0.07,1451.56,0,1,15,0,1822
111,4,本國銀行,臺灣土地銀行,358584,147804,1880,2234,342,681,1,0.32,775.54,2,3,10,0,6150
111,4,本國銀行,合作金庫商業銀行#,636206,382906,7667,6822,765,2831,1,0.26,436.96,5,8,15,0,40026
111,4,本國銀行,第一商業銀行#,1458140,884665,17015,9655,1487,4713,8,0.08,1298.16,6,16,40,0,26883
111,4,本國銀行,華南商業銀行#,1035876,789044,8586,8060,970,3544,1,0.1,519.9,0,9,61,0,9582
111,4,本國銀行,彰化商業銀行,573123,258162,6879,3022,313,1561,1,0.12,900.15,1,4,23,0,11613
111,4,本國銀行,上海商業儲蓄銀行,451014,183542,2394,1791,561,1159,4,0.19,1570.93,3,7,18,0,919
111,4,本國銀行,台北富邦銀行#,4443162,3001913,55956,14899,5706,25223,74,0.08,1458.87,15,58,338,2,15362
111,4,本國銀行,國泰世華商業銀行#,7723573,5474427,62517,30256,17407,38262,192,0.12,1513.73,25,204,276,5,95245
111,4,本國銀行,高雄銀行,15581,5195,22,51,14,143,0,0.16,447.76,0,0,0,0,897
111,4,本國銀行,兆豐國際商業銀行#,1067266,630498,7508,4044,1728,3262,9,0.29,530.84,6,20,54,0,3741
111,4,本國銀行,花旗(台灣)商業銀行,2798477,2081169,15376,26529,9820,15863,104,0.4,540.87,28,111,206,3,24091
111,4,本國銀行,臺灣中小企業銀行,192856,100947,1412,774,284,724,2,0.18,307.23,0,4,6,0,1240
111,4,本國銀行,渣打國際商業銀行,362323,238404,875,4812,975,1697,4,0.22,946.27,5,11,27,0,30
111,4,本國銀行,台中商業銀行,163116,79424,1470,978,196,484,0,0.28,1796.63,2,3,5,0,576
111,4,本國銀行,滙豐(台灣)商業銀行,637880,431145,6425,5177,1746,4680,20,0.14,2137.15,3,23,66,0,0
111,4,本國銀行,華泰商業銀行,9057,4844,19,21,9,34,0,0.05,596.15,0,0,0,0,0
111,4,本國銀行,臺灣新光商業銀行#,1020411,602387,27395,5452,1501,3299,5,0.14,261.77,5,20,65,0,14211
111,4,本國銀行,陽信商業銀行,111497,54584,1576,922,168,304,0,0.37,476.61,0,3,5,0,2483
111,4,本國銀行,三信商業銀行,17514,11505,460,52,17,107,0,0.24,2604.63,0,0,1,0,0
111,4,本國銀行,聯邦商業銀行,2303098,1337384,22206,14282,5214,8121,48,0.14,180.54,11,54,110,1,44313
111,4,本國銀行,遠東國際商業銀行,1566844,1007260,11717,9293,3717,3738,99,0.28,105.19,10,58,51,1,9618
111,4,本國銀行,元大商業銀行#,1176329,558293,4581,5084,1181,3584,17,0.08,790.09,3,14,52,0,231
111,4,本國銀行,永豐商業銀行#,2227849,1200309,15803,6452,3872,9382,67,0.12,925.12,15,51,138,2,14415
111,4,本國銀行,玉山商業銀行#,6680972,4532724,32952,21011,12199,32820,236,0.18,546.14,36,141,419,7,48753
111,4,本國銀行,凱基商業銀行#,379698,192205,2970,2312,1109,891,6,0.79,149.57,7,13,6,0,7440
111,4,本國銀行,星展(台灣)商業銀行,629801,322132,4438,3272,1252,2865,20,0.54,435.63,15,28,48,1,24
111,4,本國銀行,台新國際商業銀行#,6118889,4111663,48784,29213,9684,26652,137,0.13,1029.22,16,99,331,8,164058
111,4,本國銀行,日盛國際商業銀行#,137498,78651,125,488,220,220,1,0.2,1010.23,0,2,3,0,138
111,4,本國銀行,安泰商業銀行,123728,53356,347,409,179,301,0,0.28,260.53,0,2,4,0,2
111,4,本國銀行,中國信託商業銀行#,8032424,5045493,91753,30090,14841,37528,541,0.12,442.76,56,162,458,33,110526
111,4,信用卡公司,台灣樂天信用卡股份有限公司,600450,192270,826,6954,526,706,5,2.08,122.42,1,10,12,0,0
111,4,信用卡公司,台灣美國運通國際(股)公司,170619,99827,2389,1794,234,3223,1,0.3,724.94,3,2,68,0,96332
111,4,信用卡公司,香港商台灣環滙亞太信用卡,0,0,0,0,0,0,0,0.0,0.0,0,0,0,0,7225
111,4,信用卡公司,財團法人聯合信用卡處理中心,0,0,0,0,0,0,0,0.0,0.0,0,0,0,0,94405
111,5,本國銀行,臺灣銀行#,235887,116541,1877,1954,167,729,0,0.08,1129.25,0,2,15,0,1847
111,5,本國銀行,臺灣土地銀行,358692,146050,2046,2162,341,764,1,0.24,944.45,3,4,11,0,6195
111,5,本國銀行,合作金庫商業銀行#,638728,378775,7680,5422,761,2964,2,0.29,394.13,5,8,19,0,40380
111,5,本國銀行,第一商業銀行#,1466546,888283,15191,7130,1497,5065,7,0.11,1085.5,6,16,41,0,27022
111,5,本國銀行,華南商業銀行#,1043291,794196,18393,8001,958,3939,1,0.15,414.21,0,10,59,0,9670
111,5,本國銀行,彰化商業銀行,573875,260453,6629,3083,308,1696,1,0.21,639.3,1,4,24,0,11735
111,5,本國銀行,上海商業儲蓄銀行,452104,183126,2369,1802,554,1157,6,0.24,1449.6,3,7,18,0,927
111,5,本國銀行,台北富邦銀行#,4484730,3031911,57811,16243,5741,28477,81,0.09,1303.14,20,61,363,2,15425
111,5,本國銀行,國泰世華商業銀行#,7750916,5473447,58691,31348,17302,43961,207,0.14,1462.29,25,196,298,5,95358
111,5,本國銀行,高雄銀行,15544,5072,13,50,15,176,0,0.37,291.51,0,0,1,0,891
111,5,本國銀行,兆豐國際商業銀行#,1071142,628103,7137,3261,1733,3564,10,0.29,612.81,11,20,53,0,3973
111,5,本國銀行,花旗(台灣)商業銀行,2793417,2070361,16421,25298,9583,16205,116,0.42,557.41,29,114,207,3,24063
111,5,本國銀行,臺灣中小企業銀行,192636,100634,490,710,290,738,2,0.06,352.95,2,5,5,0,1256
111,5,本國銀行,渣打國際商業銀行,358132,233620,786,5019,962,1737,5,0.19,960.29,4,10,27,0,30
111,5,本國銀行,台中商業銀行,163855,78910,1546,983,201,511,0,0.29,1787.74,1,3,5,0,577
111,5,本國銀行,滙豐(台灣)商業銀行,638902,430369,6693,5671,1747,4764,23,0.18,1913.65,2,23,63,1,0
111,5,本國銀行,華泰商業銀行,9061,4859,9,5,8,33,0,0.1,602.61,0,0,0,0,0
111,5,本國銀行,臺灣新光商業銀行#,1035074,620713,20295,5632,1497,4181,7,0.2,263.11,0,20,68,0,14229
111,5,本國銀行,陽信商業銀行,111912,55114,1108,825,167,330,0,0.59,459.79,0,2,3,0,2512
111,5,本國銀行,三信商業銀行,17716,11658,301,55,18,93,0,0.25,2692.5,0,0,1,0,0
111,5,本國銀行,聯邦商業銀行,2308459,1337769,20600,15239,5282,8332,48,0.14,182.22,11,52,107,1,44751
111,5,本國銀行,遠東國際商業銀行,1565813,995762,8752,9787,3654,3797,95,0.31,105.24,10,58,54,1,9616
111,5,本國銀行,元大商業銀行#,1177828,556703,4638,5388,1170,3785,17,0.08,814.09,3,14,53,0,229
111,5,本國銀行,永豐商業銀行#,2234657,1201339,12594,6102,3863,9728,77,0.13,921.64,13,49,134,2,14514
111,5,本國銀行,玉山商業銀行#,6704455,4522803,44190,20707,12238,35222,250,0.18,551.76,49,139,452,8,48826
111,5,本國銀行,凱基商業銀行#,379846,191704,2602,2621,1129,945,5,0.88,152.1,5,12,5,0,7799
111,5,本國銀行,星展(台灣)商業銀行,632114,322861,5511,3419,1245,2920,23,0.52,444.18,12,30,49,1,24
111,5,本國銀行,台新國際商業銀行#,6142300,4120744,51824,28413,9682,27556,126,0.15,934.44,17,102,330,8,164452
111,5,本國銀行,日盛國際商業銀行#,137009,78017,119,608,217,227,1,0.21,1028.32,1,2,3,0,136
111,5,本國銀行,安泰商業銀行,123690,53532,386,428,178,296,0,0.09,320.6,4,2,4,0,2
111,5,本國銀行,中國信託商業銀行#,8070153,5053460,94611,56882,14939,40416,586,0.13,439.98,65,172,519,32,110890
111,5,信用卡公司,台灣樂天信用卡股份有限公司,598067,188503,1919,7289,537,728,5,2.26,124.89,1,10,12,0,0
111,5,信用卡公司,台灣美國運通國際(股)公司,170770,99309,2623,2472,233,2972,1,0.3,772.5,2,2,63,0,96647
111,5,信用卡公司,香港商台灣環滙亞太信用卡,0,0,0,0,0,0,0,0.0,0.0,0,0,0,0,7255
111,5,信用卡公司,財團法人聯合信用卡處理中心,0,0,0,0,0,0,0,0.0,0.0,0,0,0,0,94724
111,6,本國銀行,臺灣銀行#,236881,115746,2072,1334,162,844,0,0.06,1557.61,0,1,17,0,1846
111,6,本國銀行,臺灣土地銀行,367414,145130,11023,2327,340,758,1,0.17,1220.32,2,3,12,0,6233
111,6,本國銀行,合作金庫商業銀行#,644410,376424,10719,5273,770,3133,2,0.27,417.29,7,7,21,0,40404
111,6,本國銀行,第一商業銀行#,1473641,889372,14899,7975,1516,5171,9,0.1,1068.95,6,16,44,0,27262
111,6,本國銀行,華南商業銀行#,1045038,793657,13038,8247,994,4072,1,0.06,574.01,12,9,58,0,9784
111,6,本國銀行,彰化商業銀行,573772,265620,4981,2729,311,1734,1,0.19,648.27,1,4,24,0,11807
111,6,本國銀行,上海商業儲蓄銀行,453134,182736,2242,1798,554,1275,5,0.22,1413.75,3,7,19,0,923
111,6,本國銀行,台北富邦銀行#,4516776,3051037,47425,15379,5869,29092,80,0.08,1433.5,23,60,370,2,15473
111,6,本國銀行,國泰世華商業銀行#,7779503,5470466,56491,27904,17541,43740,210,0.14,1460.35,37,203,319,5,95604
111,6,本國銀行,高雄銀行,15511,4959,20,54,15,158,0,0.59,234.12,0,0,0,0,884
111,6,本國銀行,兆豐國際商業銀行#,1075249,627848,7600,3493,1749,3923,9,0.23,683.33,9,21,60,0,4387
111,6,本國銀行,花旗(台灣)商業銀行,2792829,2066963,17580,22062,9957,16932,108,0.51,472.03,0,113,218,3,24097
111,6,本國銀行,臺灣中小企業銀行,191471,99692,365,1530,279,759,2,0.19,269.79,0,4,6,0,1266
111,6,本國銀行,渣打國際商業銀行,353699,228468,759,4450,957,1720,4,0.2,902.64,3,10,28,0,30
111,6,本國銀行,台中商業銀行,164562,78610,1401,906,203,516,0,0.28,1808.27,1,3,8,0,570
111,6,本國銀行,滙豐(台灣)商業銀行,640774,430103,7731,5859,1759,4883,22,0.18,2023.0,3,22,67,0,0
111,6,本國銀行,華泰商業銀行,9056,4850,12,17,8,41,0,0.19,597.28,0,0,0,0,0
111,6,本國銀行,臺灣新光商業銀行#,1034965,627447,14361,14470,1509,4119,6,0.14,268.69,10,21,74,0,14226
111,6,本國銀行,陽信商業銀行,112054,55204,993,995,168,337,0,0.29,478.18,2,2,2,0,2550
111,6,本國銀行,三信商業銀行,17857,11712,258,57,18,107,0,0.21,2976.92,0,0,1,0,0
111,6,本國銀行,聯邦商業銀行,2315079,1334741,18710,12090,5309,8501,49,0.14,178.11,14,53,110,1,49502
111,6,本國銀行,遠東國際商業銀行,1567118,988328,10786,9514,3642,3724,117,0.32,105.28,10,56,53,1,9627
111,6,本國銀行,元大商業銀行#,1179881,555602,4739,5319,1174,3913,20,0.08,797.23,4,14,56,0,227
111,6,本國銀行,永豐商業銀行#,2242814,1203192,14305,6251,3853,10039,77,0.12,936.16,11,51,140,2,14750
111,6,本國銀行,玉山商業銀行#,6763406,4526110,79688,20737,12386,36490,255,0.15,579.74,53,142,451,8,48262
111,6,本國銀行,凱基商業銀行#,381607,190920,3852,2158,1109,967,6,0.9,145.45,6,13,7,0,7943
111,6,本國銀行,星展(台灣)商業銀行,635238,323981,6427,3962,1245,3028,23,0.55,442.54,9,28,50,1,24
111,6,本國銀行,台新國際商業銀行#,6162152,4118540,50970,31118,9744,28897,144,0.15,979.14,20,99,356,8,165169
111,6,本國銀行,日盛國際商業銀行#,136513,78030,129,625,219,233,1,0.25,988.74,1,2,4,0,130
111,6,本國銀行,安泰商業銀行,123620,53395,377,464,176,314,0,0.13,350.19,0,2,5,0,2
111,6,本國銀行,中國信託商業銀行#,8125767,5064932,100879,45265,15109,41111,595,0.12,437.37,64,164,525,34,111381
111,6,信用卡公司,台灣樂天信用卡股份有限公司,599650,187751,3907,7167,538,725,5,2.35,120.56,1,10,12,0,0
111,6,信用卡公司,台灣美國運通國際(股)公司,171607,99139,2368,1531,231,3179,1,0.32,779.74,2,2,67,0,96802
111,6,信用卡公司,香港商台灣環滙亞太信用卡,0,0,0,0,0,0,0,0.0,0.0,0,0,0,0,7264
111,6,信用卡公司,財團法人聯合信用卡處理中心,0,0,0,0,0,0,0,0.0,0.0,0,0,0,0,94523
111,7,本國銀行,臺灣銀行#,237407,116659,1922,2300,162,1273,1,0.07,1404.48,0,1,18,0,1861
111,7,本國銀行,臺灣土地銀行,365260,147828,2291,4460,341,919,1,0.23,798.35,1,3,9,0,6259
111,7,本國銀行,合作金庫商業銀行#,647017,378985,7377,5003,776,6416,2,0.16,407.91,5,7,20,0,40359
111,7,本國銀行,第一商業銀行#,1481323,889229,16767,9504,1525,6589,8,0.09,1076.33,6,16,44,0,27439
111,7,本國銀行,華南商業銀行#,1048525,795682,13992,8383,991,6382,1,0.09,515.29,0,9,62,0,9896
111,7,本國銀行,彰化商業銀行,574240,267824,5949,3014,313,2652,1,0.09,816.18,1,4,23,0,11856
111,7,本國銀行,上海商業儲蓄銀行,454976,183191,3156,1954,559,1666,5,0.15,1777.44,3,6,21,0,937
111,7,本國銀行,台北富邦銀行#,4556235,3075874,56172,16713,6066,31642,81,0.07,1488.1,24,64,361,2,15540
111,7,本國銀行,國泰世華商業銀行#,7812552,5487150,61300,28251,18136,61156,206,0.11,1499.93,43,199,320,6,95636
111,7,本國銀行,高雄銀行,15487,4917,47,55,15,211,0,0.53,180.68,0,0,1,0,882
111,7,本國銀行,兆豐國際商業銀行#,1081362,627435,10383,4270,1785,7977,12,0.17,694.63,7,20,61,0,5065
111,7,本國銀行,花旗(台灣)商業銀行,2796982,2069812,17624,20026,9912,21570,116,0.38,585.81,63,114,235,3,24168
111,7,本國銀行,臺灣中小企業銀行,191084,98811,458,845,286,980,2,0.07,310.44,2,5,5,0,1273
111,7,本國銀行,渣打國際商業銀行,350050,223503,828,3992,961,2111,4,0.23,859.16,3,12,27,0,30
111,7,本國銀行,台中商業銀行,165382,78615,1470,867,208,565,0,0.29,1652.22,2,3,6,0,575
111,7,本國銀行,滙豐(台灣)商業銀行,642995,430867,7929,5708,1738,5962,22,0.16,2046.19,4,24,72,0,0
111,7,本國銀行,華泰商業銀行,9060,4889,13,9,8,46,0,0.19,602.41,0,0,1,0,3
111,7,本國銀行,臺灣新光商業銀行#,1041032,628717,11711,5644,1523,5234,5,0.12,273.35,5,20,81,0,14234
111,7,本國銀行,陽信商業銀行,112730,55611,1357,823,168,389,0,0.39,485.62,0,2,3,0,2568
111,7,本國銀行,三信商業銀行,18053,11812,301,57,19,129,0,0.21,2860.52,0,0,1,0,0
111,7,本國銀行,聯邦商業銀行,2341220,1331399,43006,16865,5305,10811,44,0.13,175.04,12,52,127,1,49756
111,7,本國銀行,遠東國際商業銀行,1568880,985861,12621,10870,3716,4747,111,0.3,105.34,10,57,55,1,9781
111,7,本國銀行,元大商業銀行#,1181315,553208,4880,6606,1181,4685,18,0.08,799.2,3,14,57,0,225
111,7,本國銀行,永豐商業銀行#,2233765,1210332,17889,27658,3867,13310,73,0.11,871.02,8,49,147,2,14890
111,7,本國銀行,玉山商業銀行#,6779335,4536987,57980,42051,12450,66003,245,0.11,591.33,54,139,485,8,47435
111,7,本國銀行,凱基商業銀行#,382715,190833,3113,2079,1117,1233,4,0.83,146.44,5,13,6,0,8089
111,7,本國銀行,星展(台灣)商業銀行,639470,325928,5203,3909,1235,3912,23,0.48,456.43,10,31,51,1,24
111,7,本國銀行,台新國際商業銀行#,6194504,4134423,58028,25676,9742,48275,151,0.12,1097.77,21,104,361,8,165935
111,7,本國銀行,日盛國際商業銀行#,136068,78019,80,525,219,255,1,0.24,999.85,0,2,3,0,128
111,7,本國銀行,安泰商業銀行,123534,53179,383,504,176,329,0,0.2,367.02,0,2,5,0,2
111,7,本國銀行,中國信託商業銀行#,8210016,5110392,114897,30648,15102,86003,580,0.08,433.01,60,171,516,33,116900
111,7,信用卡公司,台灣樂天信用卡股份有限公司,601492,186072,2079,6537,544,757,5,2.41,121.07,1,10,12,0,0
111,7,信用卡公司,台灣美國運通國際(股)公司,172611,100740,2542,1538,237,3676,1,0.25,708.44,6,2,77,0,97428
111,7,信用卡公司,香港商台灣環滙亞太信用卡,0,0,0,0,0,0,0,0.0,0.0,0,0,0,0,7248
111,7,信用卡公司,財團法人聯合信用卡處理中心,0,0,0,0,0,0,0,0.0,0.0,0,0,0,0,95315
111,8,本國銀行,臺灣銀行#,238650,117143,2114,1189,164,839,1,0.1,1017.21,1,2,20,0,1883
111,8,本國銀行,臺灣土地銀行,362871,150238,1675,4214,346,850,1,0.21,839.4,2,4,11,0,6281
111,8,本國銀行,合作金庫商業銀行#,651732,383562,9342,4819,793,3474,1,0.19,387.8,5,8,20,0,40549
111,8,本國銀行,第一商業銀行#,1486516,891970,18550,13727,1535,5885,8,0.09,1095.74,7,17,53,0,27753
111,8,本國銀行,華南商業銀行#,1050632,802283,12570,8493,978,4403,1,0.15,423.25,0,10,71,0,10013
111,8,本國銀行,彰化商業銀行,575498,271912,6759,3114,315,1934,1,0.23,517.76,2,4,28,0,11977
111,8,本國銀行,上海商業儲蓄銀行,454147,187251,3534,5070,572,1447,5,0.14,1916.05,2,7,22,0,942
111,8,本國銀行,台北富邦銀行#,4601955,3123047,61257,15537,6092,30773,81,0.08,1438.26,21,66,398,2,15676
111,8,本國銀行,國泰世華商業銀行#,7855850,5556208,74059,30761,18021,52863,196,0.11,1549.92,37,204,543,5,99581
111,8,本國銀行,高雄銀行,15428,4890,51,110,15,172,0,0.69,191.11,0,0,1,0,877
111,8,本國銀行,兆豐國際商業銀行#,1087642,633017,10516,4236,1785,4017,11,0.2,684.58,9,22,67,1,5406
111,8,本國銀行,花旗(台灣)商業銀行,2792179,2082899,18693,29894,10086,19884,122,0.37,604.33,35,120,259,3,23907
111,8,本國銀行,臺灣中小企業銀行,190764,98158,623,943,279,839,2,0.06,313.22,1,4,7,0,1271
111,8,本國銀行,渣打國際商業銀行,345458,219839,817,5202,965,2003,4,0.23,869.59,4,9,30,0,30
111,8,本國銀行,台中商業銀行,166224,78789,1545,1105,206,623,0,0.24,1898.81,1,3,7,0,563
111,8,本國銀行,滙豐(台灣)商業銀行,645648,432567,8266,5613,1738,5781,19,0.16,2071.67,5,24,77,1,0
111,8,本國銀行,華泰商業銀行,9042,4901,11,29,8,41,0,0.21,610.89,0,0,1,0,4
111,8,本國銀行,臺灣新光商業銀行#,1044655,632762,10179,6556,1520,4730,5,0.18,273.83,0,21,86,0,14292
111,8,本國銀行,陽信商業銀行,113384,56030,1257,765,170,388,0,0.53,420.83,0,3,3,0,2628
111,8,本國銀行,三信商業銀行,18287,11950,303,42,20,116,0,0.2,3018.7,0,0,1,0,0
111,8,本國銀行,聯邦商業銀行,2356196,1339801,30166,15190,5421,10097,40,0.13,172.42,13,54,130,1,51189
111,8,本國銀行,遠東國際商業銀行,1571364,985581,13339,10882,3637,4514,107,0.3,105.35,7,58,58,1,9781
111,8,本國銀行,元大商業銀行#,1183059,552591,4856,5834,1172,4542,17,0.08,778.27,3,14,64,0,224
111,8,本國銀行,永豐商業銀行#,2246011,1213060,18619,6615,3872,11190,74,0.12,847.93,11,52,152,2,15000
111,8,本國銀行,玉山商業銀行#,6802744,4574245,48010,24601,12650,41348,239,0.11,619.58,37,144,521,9,45018
111,8,本國銀行,凱基商業銀行#,383542,191744,2906,2132,1132,1141,5,0.81,151.39,8,13,8,0,8291
111,8,本國銀行,星展(台灣)商業銀行,642505,327263,5010,4016,1233,3501,20,0.46,487.23,9,30,57,1,24
111,8,本國銀行,台新國際商業銀行#,6222983,4149634,62792,34313,9815,32582,139,0.13,1006.6,25,104,398,8,165883
111,8,本國銀行,日盛國際商業銀行#,135541,78746,76,603,219,268,0,0.27,930.96,0,2,3,0,127
111,8,本國銀行,安泰商業銀行,123446,53234,419,512,175,363,0,0.23,386.37,0,2,5,0,0
111,8,本國銀行,中國信託商業銀行#,8267451,5168664,117219,59784,15293,48427,571,0.1,422.88,57,173,616,35,118659
111,8,信用卡公司,台灣樂天信用卡股份有限公司,598921,187102,1707,6183,547,830,5,2.48,109.95,1,10,14,0,0
111,8,信用卡公司,台灣美國運通國際(股)公司,174363,102976,3228,1476,236,3894,1,0.23,646.07,2,2,80,0,97742
111,8,信用卡公司,香港商台灣環滙亞太信用卡,0,0,0,0,0,0,0,0.0,0.0,0,0,0,0,7239
111,8,信用卡公司,財團法人聯合信用卡處理中心,0,0,0,0,0,0,0,0.0,0.0,0,0,0,0,95476
111,9,本國銀行,臺灣銀行#,240036,117576,2129,1013,165,728,0,0.06,1292.18,0,1,18,0,1892
111,9,本國銀行,臺灣土地銀行,360924,149711,1756,3819,350,767,0,0.13,1321.96,3,3,12,0,6324
111,9,本國銀行,合作金庫商業銀行#,655559,385081,8027,4402,798,3262,1,0.22,377.25,3,8,21,0,40652
111,9,本國銀行,第一商業銀行#,1488643,897114,15164,13352,1541,5356,9,0.09,1107.4,6,17,45,0,27964
111,9,本國銀行,華南商業銀行#,1052970,800554,11126,7231,998,4267,1,0.04,649.16,14,10,67,0,16742
111,9,本國銀行,彰化商業銀行,575902,273440,5775,3382,324,1714,1,0.15,655.7,3,4,25,0,12101
111,9,本國銀行,上海商業儲蓄銀行,453873,187402,3152,4058,576,1454,5,0.15,1775.39,2,7,21,0,959
111,9,本國銀行,台北富邦銀行#,4635827,3143201,47549,13677,6184,27978,83,0.08,1472.28,23,66,386,2,15735
111,9,本國銀行,國泰世華商業銀行#,7892953,5570965,68893,31790,18146,48018,205,0.11,1521.44,34,212,604,5,101350
111,9,本國銀行,高雄銀行,15385,4813,25,70,14,209,0,0.68,173.89,0,0,1,0,880
111,9,本國銀行,兆豐國際商業銀行#,1092004,636437,9518,5156,1799,3896,11,0.2,698.66,8,22,63,0,5930
111,9,本國銀行,花旗(台灣)商業銀行,2792518,2074423,19141,24131,10321,19072,134,0.38,579.86,31,113,245,3,23998
111,9,本國銀行,臺灣中小企業銀行,190020,97189,290,1034,282,803,1,0.12,283.43,0,4,6,0,1260
111,9,本國銀行,渣打國際商業銀行,340255,214739,771,5498,965,1808,5,0.19,891.41,4,10,27,0,30
111,9,本國銀行,台中商業銀行,166910,78397,1354,906,203,577,0,0.2,2049.12,2,3,6,0,562
111,9,本國銀行,滙豐(台灣)商業銀行,648948,434465,8311,5011,1749,5548,18,0.16,2155.13,4,24,75,0,0
111,9,本國銀行,華泰商業銀行,9040,4905,10,12,8,39,0,0.56,559.6,0,0,0,0,5
111,9,本國銀行,臺灣新光商業銀行#,1046914,628193,9113,6854,1541,3841,5,0.15,280.07,8,20,84,0,14271
111,9,本國銀行,陽信商業銀行,113717,56163,994,813,167,369,0,0.24,466.05,3,2,3,0,2668
111,9,本國銀行,三信商業銀行,18514,12016,314,53,20,121,0,0.09,3737.63,0,0,1,0,0
111,9,本國銀行,聯邦商業銀行,2364561,1346989,24803,16438,5441,9739,40,0.12,171.85,10,55,131,1,51890
111,9,本國銀行,遠東國際商業銀行,1573177,976594,12953,11162,3638,4072,99,0.31,105.4,10,57,53,1,9781
111,9,本國銀行,元大商業銀行#,1184542,549411,4403,5195,1208,4218,19,0.08,794.49,3,15,60,0,223
111,9,本國銀行,永豐商業銀行#,2254989,1209642,14479,5884,3897,10452,75,0.12,826.08,8,53,151,2,15097
111,9,本國銀行,玉山商業銀行#,6831706,4606574,50998,22036,12844,37998,253,0.13,612.21,35,147,486,8,45054
111,9,本國銀行,凱基商業銀行#,384039,190021,2596,2144,1123,1035,6,0.78,153.8,7,13,8,0,8445
111,9,本國銀行,星展(台灣)商業銀行,645604,328041,4597,3310,1256,3357,22,0.44,537.11,10,30,55,1,24
111,9,本國銀行,台新國際商業銀行#,6246793,4162487,54345,30535,9940,30032,137,0.13,1051.48,24,102,374,8,166003
111,9,本國銀行,日盛國際商業銀行#,135035,79018,105,611,219,248,1,0.16,1078.84,1,2,3,0,125
111,9,本國銀行,安泰商業銀行,123331,53450,391,515,175,348,0,0.26,390.87,0,2,5,0,0
111,9,本國銀行,中國信託商業銀行#,8325624,5183773,102096,43923,15442,45859,587,0.1,415.06,61,174,586,35,119518
111,9,信用卡公司,台灣樂天信用卡股份有限公司,599241,185788,2590,5487,557,741,5,2.23,122.24,1,10,12,0,0
111,9,信用卡公司,台灣美國運通國際(股)公司,174794,104077,3491,3060,242,4205,1,0.19,698.09,2,2,86,0,97735
111,9,信用卡公司,香港商台灣環滙亞太信用卡,0,0,0,0,0,0,0,0.0,0.0,0,0,0,0,7269
111,9,信用卡公司,財團法人聯合信用卡處理中心,0,0,0,0,0,0,0,0.0,0.0,0,0,0,0,95567
111,10,本國銀行,臺灣銀行#,241587,118024,2218,944,164,758,0,0.1,1157.98,1,2,18,0,1907
111,10,本國銀行,臺灣土地銀行,358599,149821,1547,4038,351,781,1,0.12,1417.11,2,3,11,0,6358
111,10,本國銀行,合作金庫商業銀行#,659403,388059,7808,4216,799,3419,2,0.24,371.28,3,8,21,0,40910
111,10,本國銀行,第一商業銀行#,1490463,901984,13345,11852,1557,5521,8,0.1,1092.46,6,16,50,0,28068
111,10,本國銀行,華南商業銀行#,1052317,802758,8965,7592,1003,4146,1,0.09,523.35,0,10,68,0,16792
111,10,本國銀行,彰化商業銀行,576170,274114,5645,3351,325,1751,1,0.17,594.69,1,4,25,0,12194
111,10,本國銀行,上海商業儲蓄銀行,453995,191073,2958,3483,576,1374,5,0.15,1628.61,2,7,22,0,962
111,10,本國銀行,台北富邦銀行#,4675902,3172048,54807,14732,6304,27935,81,0.08,1414.18,24,68,390,2,15522
111,10,本國銀行,國泰世華商業銀行#,7935907,5613594,79973,37019,18440,48062,200,0.11,1535.38,39,207,438,5,102176
111,10,本國銀行,高雄銀行,15367,4789,17,36,14,189,0,0.63,180.51,0,0,0,0,878
111,10,本國銀行,兆豐國際商業銀行#,1094843,639628,7772,4933,1812,4122,12,0.19,723.28,8,21,70,1,7297
111,10,本國銀行,花旗(台灣)商業銀行,2790574,2077065,16849,24767,10431,22288,136,0.45,492.17,0,120,296,3,24163
111,10,本國銀行,臺灣中小企業銀行,188242,97066,280,2058,281,831,2,0.1,297.7,1,4,6,0,1260
111,10,本國銀行,渣打國際商業銀行,335339,212049,759,4794,962,1774,4,0.2,884.36,3,9,26,0,30
111,10,本國銀行,台中商業銀行,167633,78196,1393,854,205,546,0,0.12,2080.03,1,3,6,0,569
111,10,本國銀行,滙豐(台灣)商業銀行,653050,436038,8534,4432,1751,5750,21,0.18,2036.42,5,25,83,0,0
111,10,本國銀行,華泰商業銀行,9058,4894,37,19,8,41,0,0.35,605.78,0,0,0,0,7
111,10,本國銀行,臺灣新光商業銀行#,1045555,623045,9614,10973,1564,4250,5,0.16,276.43,5,20,93,0,14574
111,10,本國銀行,陽信商業銀行,113936,55510,850,746,168,335,0,0.38,487.4,0,3,2,0,2712
111,10,本國銀行,三信商業銀行,18652,12056,241,52,21,113,0,0.26,2940.61,0,0,1,0,0
111,10,本國銀行,聯邦商業銀行,2379499,1350481,28659,13721,5467,9918,42,0.12,170.89,10,53,138,1,51450
111,10,本國銀行,遠東國際商業銀行,1574547,980420,15559,14221,3647,4570,104,0.28,105.42,11,58,65,1,9782
111,10,本國銀行,元大商業銀行#,1185258,545682,4157,5939,1181,4063,18,0.08,771.67,4,14,59,0,222
111,10,本國銀行,永豐商業銀行#,2262637,1214634,14457,7153,3905,10289,73,0.12,827.27,11,52,153,2,15228
111,10,本國銀行,玉山商業銀行#,6851391,4626398,44887,25202,12844,39671,250,0.14,610.53,33,144,521,8,45313
111,10,本國銀行,凱基商業銀行#,384685,189637,2419,1852,1137,1006,6,0.69,159.86,10,13,7,0,8624
111,10,本國銀行,星展(台灣)商業銀行,647984,327655,4909,3609,1260,3500,20,0.47,522.97,9,32,59,1,24
111,10,本國銀行,台新國際商業銀行#,6270643,4179735,58406,34556,9972,31812,141,0.13,1069.85,22,107,417,8,166618
111,10,本國銀行,日盛國際商業銀行#,134401,78227,79,713,218,230,1,0.15,1110.35,0,2,3,0,125
111,10,本國銀行,安泰商業銀行,123219,53398,390,497,175,337,0,0.28,405.01,0,2,5,0,0
111,10,本國銀行,中國信託商業銀行#,8380110,5228108,101580,47094,15537,47876,555,0.11,412.18,65,176,632,32,121716
111,10,信用卡公司,台灣樂天信用卡股份有限公司,603114,188304,4764,4265,563,797,6,2.14,129.72,1,10,14,0,0
111,10,信用卡公司,台灣美國運通國際(股)公司,176177,106577,3545,2162,253,4630,1,0.2,605.13,5,2,96,0,97892
111,10,信用卡公司,香港商台灣環滙亞太信用卡,0,0,0,0,0,0,0,0.0,0.0,0,0,0,0,7265
111,10,信用卡公司,財團法人聯合信用卡處理中心,0,0,0,0,0,0,0,0.0,0.0,0,0,0,0,95764
111,11,本國銀行,臺灣銀行#,242532,118812,2207,1620,161,827,1,0.06,1627.12,1,1,21,0,1934
111,11,本國銀行,臺灣土地銀行,358591,150998,4061,4146,349,830,1,0.07,1803.39,2,3,13,0,6410
111,11,本國銀行,合作金庫商業銀行#,662916,393068,7850,4590,803,3616,2,0.21,394.29,4,8,26,0,41069
111,11,本國銀行,第一商業銀行#,1496464,913590,16731,11076,1584,6198,9,0.1,1072.21,6,17,63,0,28194
111,11,本國銀行,華南商業銀行#,1050214,804513,8275,8430,1006,4620,1,0.12,458.47,0,10,77,0,16919
111,11,本國銀行,彰化商業銀行,574580,276849,5299,5099,325,1895,1,0.16,883.67,1,4,30,0,12220
111,11,本國銀行,上海商業儲蓄銀行,454033,193409,2611,3211,576,1579,5,0.12,1910.34,2,7,26,0,957
111,11,本國銀行,台北富邦銀行#,4730706,3239827,74339,19535,6402,35510,84,0.08,1403.73,23,66,482,2,15583
111,11,本國銀行,國泰世華商業銀行#,7993379,5681656,98701,41229,18617,58971,199,0.11,1557.04,36,209,505,5,102933
111,11,本國銀行,高雄銀行,15346,4785,17,38,14,204,0,0.47,221.86,1,0,1,0,875
111,11,本國銀行,兆豐國際商業銀行#,1096976,645041,7221,5088,1827,4328,12,0.18,749.74,8,22,76,1,7861
111,11,本國銀行,花旗(台灣)商業銀行,2789646,2090823,17073,25787,10375,21235,140,0.36,587.73,62,115,283,3,24297
111,11,本國銀行,臺灣中小企業銀行,187219,97190,329,1352,280,851,1,0.14,276.58,0,4,7,0,1264
111,11,本國銀行,渣打國際商業銀行,331433,210196,830,6250,956,1871,4,0.21,862.74,3,10,30,0,30
111,11,本國銀行,台中商業銀行,168596,78844,1834,1394,205,619,0,0.13,1941.96,2,3,8,0,568
111,11,本國銀行,滙豐(台灣)商業銀行,658066,440197,9451,4435,1749,6450,23,0.16,1933.61,4,25,89,1,0
111,11,本國銀行,華泰商業銀行,9069,4944,33,22,8,42,0,0.34,610.38,0,0,1,0,8
111,11,本國銀行,臺灣新光商業銀行#,1045755,618995,9044,8844,1565,4368,5,0.14,284.89,5,21,96,0,14619
111,11,本國銀行,陽信商業銀行,114039,55627,798,829,172,394,0,0.56,336.36,0,2,4,0,2742
111,11,本國銀行,三信商業銀行,18832,12184,258,45,22,120,0,0.14,3574.5,0,0,1,0,0
111,11,本國銀行,聯邦商業銀行,2394050,1363408,30495,15944,5554,10200,45,0.12,169.26,10,55,144,1,45655
111,11,本國銀行,遠東國際商業銀行,1573460,993097,14557,15675,3638,4845,103,0.28,106.11,11,57,86,1,9335
111,11,本國銀行,元大商業銀行#,1186243,546772,4888,6664,1182,4746,18,0.08,784.14,4,15,70,0,220
111,11,本國銀行,永豐商業銀行#,2264911,1224302,13763,11924,3887,11682,72,0.12,817.29,11,52,167,2,15343
111,11,本國銀行,玉山商業銀行#,6873010,4669064,51572,29953,12851,40560,243,0.13,598.36,55,146,557,9,45340
111,11,本國銀行,凱基商業銀行#,385389,190430,2462,1817,1141,1138,6,0.77,153.8,3,14,8,0,8752
111,11,本國銀行,星展(台灣)商業銀行,650549,329406,6628,3838,1266,4081,25,0.41,548.46,9,30,72,1,24
111,11,本國銀行,台新國際商業銀行#,6280469,4228970,61038,51212,10027,34386,159,0.13,1060.91,22,104,457,8,165864
111,11,本國銀行,日盛國際商業銀行#,133455,76645,80,1026,215,255,1,0.18,1070.98,1,2,36,0,124
111,11,本國銀行,安泰商業銀行,123167,53946,432,544,173,361,0,0.07,523.82,4,2,5,0,0
111,11,本國銀行,中國信託商業銀行#,8435403,5284005,106842,51549,15631,53097,544,0.1,398.08,70,176,722,34,122522
111,11,信用卡公司,台灣樂天信用卡股份有限公司,606713,192825,5519,4966,573,889,6,1.89,144.4,1,10,16,0,0
111,11,信用卡公司,台灣美國運通國際(股)公司,178866,109487,4449,1760,259,4982,1,0.22,531.67,3,2,105,0,97839
111,11,信用卡公司,香港商台灣環滙亞太信用卡,0,0,0,0,0,0,0,0.0,0.0,0,0,0,0,7250
111,11,信用卡公司,財團法人聯合信用卡處理中心,0,0,0,0,0,0,0,0.0,0.0,0,0,0,0,96146
111,12,本國銀行,臺灣銀行#,243131,121185,1353,1081,167,927,0,0.05,1827.6,0,1,21,0,1951
111,12,本國銀行,臺灣土地銀行,356026,152010,1058,3812,354,946,1,0.15,1095.86,0,3,14,0,6441
111,12,本國銀行,合作金庫商業銀行#,663115,397692,5665,5670,805,4047,1,0.18,437.32,5,8,31,0,41279
111,12,本國銀行,第一商業銀行#,1499813,920217,14120,11124,1613,6135,8,0.11,986.35,6,17,54,0,28167
111,12,本國銀行,華南商業銀行#,1045421,804260,5236,7895,1035,4880,1,0.03,709.18,12,10,77,0,16990
111,12,本國銀行,彰化商業銀行,571039,277206,2308,3931,327,2002,1,0.12,878.44,1,4,32,0,12290
111,12,本國銀行,上海商業儲蓄銀行,454173,194702,2331,2859,597,1625,5,0.11,2077.5,2,8,26,0,947
111,12,本國銀行,台北富邦銀行#,4792362,3276910,79666,18010,6561,35247,88,0.08,1433.39,25,72,477,2,15714
111,12,本國銀行,國泰世華商業銀行#,8812536,5779361,867523,48366,18929,57617,216,0.11,1517.81,35,214,481,5,103627
111,12,本國銀行,高雄銀行,15305,4800,9,50,14,163,0,0.55,226.4,0,0,1,0,874
111,12,本國銀行,兆豐國際商業銀行#,1112999,648361,21560,5537,1849,4990,14,0.17,780.88,8,23,80,1,10122
111,12,本國銀行,花旗(台灣)商業銀行,2785869,2088108,15147,28740,10672,22012,137,0.45,477.59,0,121,296,3,24145
111,12,本國銀行,臺灣中小企業銀行,195551,97752,9763,1431,283,954,2,0.04,312.97,1,5,7,0,1294
111,12,本國銀行,渣打國際商業銀行,320957,202852,882,7028,970,1947,4,0.24,859.52,3,10,30,0,30
111,12,本國銀行,台中商業銀行,169213,79408,1312,1295,203,620,0,0.15,1842.82,2,3,6,0,573
111,12,本國銀行,滙豐(台灣)商業銀行,659538,444199,5831,4359,1775,6597,22,0.17,2043.83,6,25,95,1,0
111,12,本國銀行,華泰商業銀行,9029,4929,10,50,8,49,0,0.32,615.08,0,0,1,0,10
111,12,本國銀行,臺灣新光商業銀行#,1045734,609154,8578,8142,1568,4257,6,0.16,289.99,5,22,108,0,14530
111,12,本國銀行,陽信商業銀行,114459,55704,1084,841,167,404,0,0.32,432.46,3,2,3,0,2817
111,12,本國銀行,三信商業銀行,18943,12261,192,50,22,143,0,0.25,3019.52,0,0,1,0,0
111,12,本國銀行,聯邦商業銀行,2431532,1378137,53973,16491,5649,11209,42,0.12,170.68,12,55,156,1,45636
111,12,本國銀行,遠東國際商業銀行,1564859,1003019,9645,18310,3660,4920,110,0.27,105.19,11,59,79,1,9335
111,12,本國銀行,元大商業銀行#,1187417,548443,4892,6771,1225,4824,20,0.08,761.29,3,15,70,0,220
111,12,本國銀行,永豐商業銀行#,2270707,1230621,12558,7350,3915,12023,77,0.12,784.37,10,52,183,2,15482
111,12,本國銀行,玉山商業銀行#,6891298,4691885,50332,32044,13303,44642,262,0.12,610.67,49,148,558,8,45452
111,12,本國銀行,凱基商業銀行#,385772,190563,2141,1827,1171,1145,6,0.62,164.96,11,13,9,0,8747
111,12,本國銀行,星展(台灣)商業銀行,654328,332785,5436,4379,1289,4024,21,0.4,515.37,10,34,69,1,24
111,12,本國銀行,台新國際商業銀行#,6300278,4261132,54606,34797,10186,33671,147,0.12,1042.64,22,108,438,8,165154
111,12,本國銀行,日盛國際商業銀行#,132623,76727,78,910,216,265,1,0.22,1101.34,1,2,3,0,123
111,12,本國銀行,安泰商業銀行,123148,54363,458,511,173,406,0,0.13,216.32,0,2,6,0,0
111,12,本國銀行,中國信託商業銀行#,8621651,5348747,222441,36193,15831,54912,590,0.1,379.85,65,187,737,35,123448
111,12,信用卡公司,台灣樂天信用卡股份有限公司,614190,199828,8112,5359,583,981,6,1.74,151.35,1,10,18,0,0
111,12,信用卡公司,台灣美國運通國際(股)公司,180760,109910,4330,2436,271,5083,1,0.33,484.81,1,3,107,0,96465
111,12,信用卡公司,香港商台灣環滙亞太信用卡,0,0,0,0,0,0,0,0.0,0.0,0,0,0,0,7215
111,12,信用卡公司,財團法人聯合信用卡處理中心,0,0,0,0,0,0,0,0.0,0.0,0,0,0,0,95309
112,1,本國銀行,臺灣銀行#,243679,121402,1315,1037,164,858,0,0.04,2017.92,0,2,21,0,1951
112,1,本國銀行,臺灣土地銀行,353190,149368,1018,4231,349,858,0,0.13,1141.99,2,4,10,0,6456
112,1,本國銀行,合作金庫商業銀行#,661807,395404,3660,5161,814,3622,2,0.2,422.65,4,9,19,0,41368
112,1,本國銀行,第一商業銀行#,1502082,913028,11323,9812,1571,5079,6,0.13,915.85,6,18,56,0,28334
112,1,本國銀行,華南商業銀行#,1044584,804831,7886,7481,969,4398,1,0.07,569.7,0,10,73,0,16975
112,1,本國銀行,彰化商業銀行,570822,274527,4527,3996,329,1764,1,0.27,635.85,0,4,27,0,12311
112,1,本國銀行,上海商業儲蓄銀行,456441,196064,3513,1828,585,1223,3,0.15,1693.93,1,7,23,0,944
112,1,本國銀行,台北富邦銀行#,4822013,3307283,46377,16726,6655,30801,64,0.08,1441.28,25,73,445,2,15751
112,1,本國銀行,國泰世華商業銀行#,9232795,5994465,502672,82413,17748,54289,168,0.11,1604.73,38,226,566,5,104342
112,1,本國銀行,高雄銀行,15276,4777,19,49,14,152,0,0.66,198.57,0,0,1,0,870
112,1,本國銀行,兆豐國際商業銀行#,1115312,652518,7669,5356,1857,4206,13,0.19,715.49,7,23,69,1,10231
112,1,本國銀行,花旗(台灣)商業銀行,2779666,2086700,11545,29790,10742,22390,107,0.36,581.53,70,124,303,3,23640
112,1,本國銀行,臺灣中小企業銀行,192717,99336,239,3073,289,870,1,0.02,308.93,1,5,11,0,1303
112,1,本國銀行,渣打國際商業銀行,314112,200828,584,5844,961,1854,4,0.22,905.29,4,12,27,0,30
112,1,本國銀行,台中商業銀行,169737,79646,1158,720,182,569,0,0.13,1944.59,1,3,6,0,580
112,1,本國銀行,滙豐(台灣)商業銀行,665769,445678,10621,4390,1789,6293,16,0.16,2079.62,4,24,89,1,0
112,1,本國銀行,華泰商業銀行,9032,4904,24,21,10,45,0,0.35,587.03,0,0,1,0,10
112,1,本國銀行,臺灣新光商業銀行#,1047653,606244,10026,8282,1557,4884,5,0.16,289.97,0,22,105,0,14524
112,1,本國銀行,陽信商業銀行,114565,55322,836,872,168,365,0,0.6,545.29,0,2,3,0,2898
112,1,本國銀行,三信商業銀行,18970,12331,196,71,30,124,0,0.04,4893.41,0,0,1,0,0
112,1,本國銀行,聯邦商業銀行,2465012,1410354,48812,15332,5505,11406,28,0.12,169.52,12,58,160,1,53353
112,1,本國銀行,遠東國際商業銀行,1566611,1012499,12280,10560,3743,4835,85,0.29,105.12,8,56,75,1,9335
112,1,本國銀行,元大商業銀行#,1188493,549638,4930,6593,1139,4474,14,0.08,768.82,5,15,66,0,219
112,1,本國銀行,永豐商業銀行#,2282610,1242575,19045,7832,3899,11446,56,0.11,763.51,11,57,173,2,15517
112,1,本國銀行,玉山商業銀行#,6906423,4680156,44613,29488,13086,43011,184,0.12,609.38,24,149,577,8,45494
112,1,本國銀行,凱基商業銀行#,385699,189971,1595,1716,1141,1118,4,0.61,172.7,7,15,5,0,8859
112,1,本國銀行,星展(台灣)商業銀行,657388,335106,4916,4126,1287,3897,17,0.44,491.28,10,32,69,1,24
112,1,本國銀行,台新國際商業銀行#,6305956,4288417,40573,34895,10410,33601,79,0.12,1050.59,23,109,443,7,166183
112,1,本國銀行,日盛國際商業銀行#,131895,76224,32,760,212,231,1,0.44,1160.31,1,2,3,0,120
112,1,本國銀行,安泰商業銀行,123014,54195,319,420,173,351,0,0.19,234.45,0,2,5,0,0
112,1,本國銀行,中國信託商業銀行#,8512764,5372346,92625,201512,15887,51128,421,0.12,384.45,67,187,667,29,125303
112,1,信用卡公司,台灣樂天信用卡股份有限公司,613952,204528,3277,5163,600,1015,4,1.77,145.62,1,11,20,0,0
112,1,信用卡公司,台灣美國運通國際(股)公司,178063,111603,2780,5477,286,5015,1,0.48,375.81,5,3,103,0,96245
112,1,信用卡公司,香港商台灣環滙亞太信用卡,0,0,0,0,0,0,0,0.0,0.0,0,0,0,0,7203
112,1,信用卡公司,財團法人聯合信用卡處理中心,0,0,0,0,0,0,0,0.0,0.0,0,0,0,0,95598
112,2,本國銀行,臺灣銀行#,244610,121470,1731,1080,167,676,1,0.09,1452.44,0,1,18,0,1951
112,2,本國銀行,臺灣土地銀行,350014,145897,1543,5033,347,690,0,0.2,1058.78,1,2,9,0,6459
112,2,本國銀行,合作金庫商業銀行#,662919,393578,5842,4983,808,3231,1,0.2,453.58,5,7,19,0,41525
112,2,本國銀行,第一商業銀行#,1507473,917426,16556,12655,1578,5765,6,0.14,927.96,6,16,34,0,28404
112,2,本國銀行,華南商業銀行#,1044990,802869,11907,10328,978,3862,1,0.12,480.1,0,10,73,0,17024
112,2,本國銀行,彰化商業銀行,579930,275435,13393,4806,323,1592,1,0.22,727.9,1,4,23,0,12361
112,2,本國銀行,上海商業儲蓄銀行,459681,195829,4329,1792,577,1692,4,0.15,1515.33,2,6,24,0,940
112,2,本國銀行,台北富邦銀行#,5179767,3401014,380374,22620,6451,26780,53,0.08,1545.41,26,66,373,1,15818
112,2,本國銀行,國泰世華商業銀行#,9839723,6150389,710953,104025,18357,45846,148,0.13,1511.4,44,209,298,4,106747
112,2,本國銀行,高雄銀行,15232,4709,16,60,14,127,0,0.81,196.82,0,0,0,0,870
112,2,本國銀行,兆豐國際商業銀行#,1116582,652350,7241,5971,1863,3838,10,0.21,656.48,8,23,75,0,10323
112,2,本國銀行,花旗(台灣)商業銀行,2774885,2075851,13699,30168,9552,18171,84,0.48,469.89,0,106,238,2,23397
112,2,本國銀行,臺灣中小企業銀行,178273,96370,268,14712,281,815,1,0.06,294.84,1,3,10,0,1309
112,2,本國銀行,渣打國際商業銀行,306742,197002,914,7225,948,1488,3,0.2,932.7,4,10,23,0,30
112,2,本國銀行,台中商業銀行,164552,80072,1764,7035,184,526,0,0.13,2142.44,2,2,5,0,577
112,2,本國銀行,滙豐(台灣)商業銀行,670311,448907,9970,5428,1789,5658,11,0.2,1875.38,5,24,81,0,0
112,2,本國銀行,華泰商業銀行,9056,4914,38,14,10,36,0,0.39,603.31,0,0,0,0,13
112,2,本國銀行,臺灣新光商業銀行#,1052051,615877,14062,9664,1609,3427,4,0.12,264.73,11,21,94,0,14514
112,2,本國銀行,陽信商業銀行,115122,54813,1328,896,171,348,0,0.64,435.63,0,2,2,0,3006
112,2,本國銀行,三信商業銀行,19127,12361,467,94,25,113,0,0.18,3896.72,0,0,1,0,0
112,2,本國銀行,聯邦商業銀行,2502271,1446152,53849,16590,5495,10767,30,0.12,168.65,12,55,145,1,55244
112,2,本國銀行,遠東國際商業銀行,1564007,1007515,11553,14189,3802,3594,82,0.27,105.63,10,59,44,0,9336
112,2,本國銀行,元大商業銀行#,1190871,548274,7308,7927,1146,3927,12,0.08,805.1,3,12,56,0,218
112,2,本國銀行,永豐商業銀行#,2297443,1236796,23907,9775,3876,9362,51,0.12,723.75,13,53,146,1,15602
112,2,本國銀行,玉山商業銀行#,6914105,4696644,49110,41428,12519,34307,180,0.18,525.27,45,95,411,6,45633
112,2,本國銀行,凱基商業銀行#,386179,188035,2578,2163,1150,1055,4,0.66,170.45,5,11,4,0,9010
112,2,本國銀行,星展(台灣)商業銀行,659742,335128,5154,3824,1329,3314,15,0.42,510.41,8,29,57,1,24
112,2,本國銀行,台新國際商業銀行#,6316953,4300347,48940,37943,10127,28467,55,0.12,1066.76,24,99,353,7,166710
112,2,本國銀行,日盛國際商業銀行#,130955,76512,365,1305,206,212,0,0.13,2124.24,1,2,3,0,117
112,2,本國銀行,安泰商業銀行,123064,53762,439,406,172,321,0,0.26,248.62,0,2,4,0,0
112,2,本國銀行,中國信託商業銀行#,8576911,5400174,106035,41888,15545,44285,379,0.12,397.44,73,170,533,28,125956
112,2,信用卡公司,台灣樂天信用卡股份有限公司,616737,205710,2934,4730,579,810,3,1.55,170.71,1,11,16,0,0
112,2,信用卡公司,台灣美國運通國際(股)公司,179300,112834,3437,2200,294,4497,1,0.38,476.07,8,2,92,0,96280
112,2,信用卡公司,香港商台灣環滙亞太信用卡,0,0,0,0,0,0,0,0.0,0.0,0,0,0,0,7206
112,2,信用卡公司,財團法人聯合信用卡處理中心,0,0,0,0,0,0,0,0.0,0.0,0,0,0,0,95755
112,3,本國銀行,臺灣銀行#,246117,121621,2504,1389,162,904,1,0.11,1072.38,1,2,22,0,1971
112,3,本國銀行,臺灣土地銀行,348876,145050,1657,2968,338,932,1,0.24,969.99,2,4,14,0,6497
112,3,本國銀行,合作金庫商業銀行#,665422,394899,7239,5022,781,3804,2,0.19,446.04,4,8,27,0,41747
112,3,本國銀行,第一商業銀行#,1517413,925554,20964,11588,1561,6555,10,0.15,1049.02,6,15,63,0,28517
112,3,本國銀行,華南商業銀行#,1046706,808597,12777,9495,1003,5173,2,0.05,609.1,11,11,82,0,17202
112,3,本國銀行,彰化商業銀行,594707,284864,18717,4894,313,2001,1,0.22,609.26,3,4,30,0,12586
112,3,本國銀行,上海商業儲蓄銀行,462896,198676,4641,2208,587,1816,6,0.15,1560.45,3,8,30,0,945
112,3,本國銀行,台北富邦銀行#,5536317,3650003,381268,24718,6400,36186,92,0.1,1377.32,26,70,544,2,15941
112,3,本國銀行,國泰世華商業銀行#,10319780,6380658,610363,130306,18419,64312,234,0.14,1524.36,44,210,546,5,108261
112,3,本國銀行,高雄銀行,15197,4686,23,58,14,176,0,0.38,239.16,1,0,1,0,859
112,3,本國銀行,兆豐國際商業銀行#,1122599,658551,11421,5404,1783,4455,12,0.23,651.38,8,22,71,1,10491
112,3,本國銀行,花旗(台灣)商業銀行,2777165,2088226,21253,29866,10152,21289,133,0.42,539.24,65,120,281,4,22946
112,3,本國銀行,臺灣中小企業銀行,176577,96908,469,2165,272,867,2,0.06,286.09,1,4,11,0,1298
112,3,本國銀行,渣打國際商業銀行,300348,194766,1117,5590,922,1858,5,0.22,972.41,3,6,29,0,30
112,3,本國銀行,台中商業銀行,165604,80608,1834,837,197,679,0,0.13,2056.31,1,3,7,0,579
112,3,本國銀行,滙豐(台灣)商業銀行,677698,452735,13016,5629,1804,7018,22,0.24,1667.15,6,24,94,0,0
112,3,本國銀行,華泰商業銀行,9023,4909,30,63,8,46,0,0.02,678.02,0,0,1,0,14
112,3,本國銀行,臺灣新光商業銀行#,1057148,623975,13649,8552,1555,4954,6,0.15,279.05,6,22,106,0,14533
112,3,本國銀行,陽信商業銀行,115803,55743,1879,1408,163,429,0,0.21,757.76,2,3,4,0,3069
112,3,本國銀行,三信商業銀行,19294,12569,396,79,23,120,0,0.17,3861.46,0,0,1,0,0
112,3,本國銀行,聯邦商業銀行,2543402,1478870,60860,19729,5579,12685,52,0.13,170.65,14,51,176,1,58906
112,3,本國銀行,遠東國際商業銀行,1432853,1016400,11998,143185,3524,4728,117,0.3,105.5,10,55,62,1,9337
112,3,本國銀行,元大商業銀行#,1197148,554554,11137,8255,1176,5056,19,0.08,805.33,6,16,74,0,220
112,3,本國銀行,永豐商業銀行#,2291349,1241034,16159,22941,3848,12136,80,0.14,696.4,15,52,165,2,15552
112,3,本國銀行,玉山商業銀行#,6990605,4700695,117205,40705,12697,41945,273,0.21,495.81,52,188,584,8,45661
112,3,本國銀行,凱基商業銀行#,381660,190076,2995,7600,1157,1320,7,0.74,162.47,6,15,9,0,9154
112,3,本國銀行,星展(台灣)商業銀行,661906,337786,7106,4808,1291,4354,26,0.47,495.49,9,34,77,1,24
112,3,本國銀行,台新國際商業銀行#,6358614,4331528,73221,31560,10015,36018,103,0.13,1017.38,22,108,468,7,167607
112,3,本國銀行,日盛國際商業銀行#,131122,77872,1288,1121,215,249,0,0.28,1101.75,0,2,3,0,0
112,3,本國銀行,安泰商業銀行,123470,53976,810,364,167,371,0,0.33,260.15,0,2,6,0,0
112,3,本國銀行,中國信託商業銀行#,8623199,5466530,126806,80518,15763,58077,625,0.13,385.25,77,187,805,35,126977
112,3,信用卡公司,台灣樂天信用卡股份有限公司,615650,289454,3783,6575,603,1001,6,2.02,140.83,1,10,20,0,0
112,3,信用卡公司,台灣美國運通國際(股)公司,180361,114758,4679,3618,279,5401,1,0.35,483.27,7,3,108,0,96854
112,3,信用卡公司,香港商台灣環滙亞太信用卡,0,0,0,0,0,0,0,0.0,0.0,0,0,0,0,7227
112,3,信用卡公司,財團法人聯合信用卡處理中心,0,0,0,0,0,0,0,0.0,0.0,0,0,0,0,96244
112,4,本國銀行,臺灣銀行#,247173,121669,1595,814,161,738,0,0.11,1112.27,0,1,18,0,1991
112,4,本國銀行,臺灣土地銀行,347339,144645,1450,3132,335,735,0,0.19,1031.55,2,3,11,0,6541
112,4,本國銀行,合作金庫商業銀行#,667704,394775,6164,4143,809,3347,1,0.21,461.25,5,8,21,0,42077
112,4,本國銀行,第一商業銀行#,1521755,929005,13764,9966,1551,5276,5,0.17,1028.11,6,16,49,0,28910
112,4,本國銀行,華南商業銀行#,1046052,807163,9562,8652,1019,4090,1,0.11,488.0,0,9,74,0,17223
112,4,本國銀行,彰化商業銀行,599573,289687,7561,3821,325,1617,1,0.18,737.31,2,4,24,0,12681
112,4,本國銀行,上海商業儲蓄銀行,464937,200198,3274,1943,592,1368,4,0.18,1352.25,3,7,23,0,942
112,4,本國銀行,台北富邦銀行#,5908703,3884748,260215,18951,6823,30015,68,0.11,1414.57,26,69,427,2,15972
112,4,本國銀行,國泰世華商業銀行#,10288846,6503877,62183,93117,19313,49984,168,0.16,1417.08,49,217,436,5,108470
112,4,本國銀行,高雄銀行,15145,4635,10,62,14,142,0,0.32,271.23,0,0,1,0,851
112,4,本國銀行,兆豐國際商業銀行#,1128197,659015,10049,4451,1812,3857,11,0.21,717.08,8,22,73,0,10628
112,4,本國銀行,花旗(台灣)商業銀行,2773177,2090343,10701,23095,10116,19409,102,0.45,529.48,38,115,263,2,23127
112,4,本國銀行,臺灣中小企業銀行,176099,96295,322,800,274,796,1,0.15,269.04,0,5,10,0,1319
112,4,本國銀行,渣打國際商業銀行,295785,191682,697,3708,909,1426,3,0.21,960.38,3,10,22,0,30
112,4,本國銀行,台中商業銀行,166133,80839,1171,703,196,526,0,0.09,2353.2,2,3,5,0,578
112,4,本國銀行,滙豐(台灣)商業銀行,680591,457985,8333,5440,1771,5832,12,0.25,1533.4,5,23,86,0,0
112,4,本國銀行,華泰商業銀行,8981,4921,13,55,8,41,0,0.41,592.62,0,0,1,0,14
112,4,本國銀行,臺灣新光商業銀行#,1057304,621445,9865,9709,1565,3629,5,0.16,282.79,6,21,91,0,14521
112,4,本國銀行,陽信商業銀行,115958,56263,1196,1201,163,346,0,0.41,724.64,0,2,3,0,3098
112,4,本國銀行,三信商業銀行,19465,12653,305,89,24,140,0,0.11,4660.05,0,0,1,0,0
112,4,本國銀行,聯邦商業銀行,2566875,1515979,39356,15883,5539,11950,35,0.13,174.6,14,57,170,1,59259
112,4,本國銀行,遠東國際商業銀行,1433355,1013139,10275,9820,3809,3798,83,0.3,104.83,11,56,51,1,9337
112,4,本國銀行,元大商業銀行#,1198659,556799,5562,7976,1154,3946,14,0.08,804.73,6,14,57,0,220
112,4,本國銀行,永豐商業銀行#,2287091,1239205,9740,14915,3778,9519,58,0.12,736.42,15,53,148,2,15623
112,4,本國銀行,玉山商業銀行#,7007847,4719597,58771,41529,12672,37424,194,0.22,489.3,49,133,478,7,45734
112,4,本國銀行,凱基商業銀行#,381292,189490,1480,1921,1159,1015,4,0.74,163.47,8,14,6,0,9284
112,4,本國銀行,星展(台灣)商業銀行,666421,341644,5942,4268,1295,3529,17,0.44,516.25,12,29,62,1,24
112,4,本國銀行,台新國際商業銀行#,6385442,4360140,51140,24312,9973,30283,73,0.14,972.92,21,104,394,6,168472
112,4,本國銀行,安泰商業銀行,123820,53965,682,351,167,335,0,0.36,269.49,0,2,4,0,0
112,4,本國銀行,中國信託商業銀行#,8681234,5498319,97345,39310,15494,47839,428,0.13,395.29,75,175,621,27,127696
112,4,信用卡公司,台灣樂天信用卡股份有限公司,618462,275373,2518,9827,580,689,4,1.75,192.59,1,11,14,0,0
112,4,信用卡公司,台灣美國運通國際(股)公司,181519,115890,4095,2937,288,5359,1,0.08,984.2,15,3,110,0,97216
112,4,信用卡公司,香港商台灣環滙亞太信用卡,0,0,0,0,0,0,0,0.0,0.0,0,0,0,0,7223
112,4,信用卡公司,財團法人聯合信用卡處理中心,0,0,0,0,0,0,0,0.0,0.0,0,0,0,0,96707
112,5,本國銀行,臺灣銀行#,248373,121186,2493,1616,162,1008,0,0.09,1163.87,1,2,23,0,2017
112,5,本國銀行,臺灣土地銀行,345313,144133,1988,4183,334,929,1,0.16,1212.84,2,4,13,0,6559
112,5,本國銀行,合作金庫商業銀行#,670059,395538,6688,4567,794,3864,2,0.18,481.88,5,8,26,0,42478
112,5,本國銀行,第一商業銀行#,1528314,932036,17953,11940,1582,6561,7,0.15,1020.23,6,17,60,0,29301
112,5,本國銀行,華南商業銀行#,1071036,830250,35173,8766,998,5272,2,0.17,368.01,0,10,83,0,17346
112,5,本國銀行,彰化商業銀行,604728,292809,7810,3727,316,2031,1,0.18,579.37,2,4,28,0,12861
112,5,本國銀行,上海商業儲蓄銀行,471748,202192,8366,2437,591,1680,5,0.15,1512.87,3,7,27,0,938
112,5,本國銀行,台北富邦銀行#,6284183,4090926,400172,24692,6841,38046,95,0.12,1286.28,26,76,532,2,16076
112,5,本國銀行,國泰世華商業銀行#,10274471,6572542,74774,89149,18824,62875,231,0.16,1460.86,51,215,647,5,109659
112,5,本國銀行,高雄銀行,15102,4628,18,61,14,188,0,0.28,291.28,0,0,1,0,848
112,5,本國銀行,兆豐國際商業銀行#,1138125,664736,14832,4904,1776,4533,12,0.23,673.76,8,24,78,1,10788
112,5,本國銀行,花旗(台灣)商業銀行,2761132,2082596,7573,28798,9947,20820,124,0.48,506.88,36,120,276,3,23310
112,5,本國銀行,臺灣中小企業銀行,175772,95859,419,746,269,899,2,0.06,310.1,2,5,11,0,1346
112,5,本國銀行,渣打國際商業銀行,291427,188691,1134,4889,899,1682,4,0.18,983.94,3,9,26,0,30
112,5,本國銀行,台中商業銀行,166807,81325,1503,893,200,657,0,0.07,2461.61,1,3,7,0,589
112,5,本國銀行,滙豐(台灣)商業銀行,684705,460303,10153,6039,1762,6908,19,0.24,1629.67,7,23,94,0,0
112,5,本國銀行,華泰商業銀行,8968,4932,21,34,8,46,0,0.39,608.19,0,0,1,0,15
112,5,本國銀行,臺灣新光商業銀行#,1057355,623638,10749,10698,1538,5025,6,0.16,287.47,6,21,108,0,14487
112,5,本國銀行,陽信商業銀行,116439,57039,1520,1202,160,419,0,0.52,540.7,0,3,4,0,3125
112,5,本國銀行,三信商業銀行,19558,12829,319,94,25,126,0,0.05,5561.9,0,0,1,0,0
112,5,本國銀行,聯邦商業銀行,2589725,1537647,40478,17628,5682,13712,49,0.13,175.68,13,57,189,1,59506
112,5,本國銀行,遠東國際商業銀行,1434023,1008779,10656,10030,3508,4684,97,0.34,102.34,11,56,67,1,9337
112,5,本國銀行,元大商業銀行#,1200149,558949,6321,9452,1137,4735,18,0.08,831.28,4,14,68,0,219
112,5,本國銀行,永豐商業銀行#,2293273,1241647,15156,9723,3768,11637,77,0.12,760.41,15,53,164,2,15751
112,5,本國銀行,玉山商業銀行#,7025336,4729932,62491,45002,12586,44189,261,0.19,504.28,54,154,575,8,45810
112,5,本國銀行,凱基商業銀行#,380873,188563,1637,2124,1166,1264,7,0.85,160.07,5,13,7,0,9365
112,5,本國銀行,星展(台灣)商業銀行,669337,345489,7279,4675,1281,4293,25,0.51,483.67,7,32,75,1,24
112,5,本國銀行,台新國際商業銀行#,6422062,4386060,63686,27066,9921,37865,109,0.14,921.21,22,109,464,7,168864
112,5,本國銀行,安泰商業銀行,124209,54504,718,344,165,381,0,0.12,348.38,4,2,5,0,0
112,5,本國銀行,中國信託商業銀行#,8733173,5542794,121263,69324,15643,58040,579,0.13,384.81,76,185,762,32,129610
112,5,信用卡公司,台灣樂天信用卡股份有限公司,614188,209054,2419,5070,603,814,5,2.23,151.97,1,11,15,0,0
112,5,信用卡公司,台灣美國運通國際(股)公司,182806,117130,3586,2299,275,5536,1,0.1,864.07,1,3,115,0,97874
112,5,信用卡公司,香港商台灣環滙亞太信用卡,0,0,0,0,0,0,0,0.0,0.0,0,0,0,0,7213
112,5,信用卡公司,財團法人聯合信用卡處理中心,0,0,0,0,0,0,0,0.0,0.0,0,0,0,0,96870
112,6,本國銀行,臺灣銀行#,249836,122471,2121,990,161,1602,0,0.05,2020.57,1,1,23,0,2027
112,6,本國銀行,臺灣土地銀行,341827,142401,1555,5240,334,1095,1,0.14,1147.23,2,3,13,0,6709
112,6,本國銀行,合作金庫商業銀行#,671348,394429,5651,4578,808,8667,2,0.07,518.06,5,8,21,0,42852
112,6,本國銀行,第一商業銀行#,1534262,933474,15986,10274,1591,7559,6,0.13,1047.91,6,16,54,0,29540
112,6,本國銀行,華南商業銀行#,1114333,866095,53216,8372,1040,7752,1,0.05,568.67,15,10,78,0,17596
112,6,本國銀行,彰化商業銀行,608717,294927,6367,3369,325,3596,1,0.14,550.13,1,4,27,0,13067
112,6,本國銀行,上海商業儲蓄銀行,473764,203715,3384,2242,593,2075,5,0.13,1515.9,3,7,26,0,941
112,6,本國銀行,台北富邦銀行#,6492947,4250871,276509,67745,7011,44407,96,0.12,1248.8,31,75,534,2,16150
112,6,本國銀行,國泰世華商業銀行#,10263176,6600001,61818,73113,19399,85481,213,0.12,1484.78,61,228,510,6,110808
112,6,本國銀行,高雄銀行,15051,4585,19,70,15,186,0,0.28,267.78,0,0,1,0,844
112,6,本國銀行,兆豐國際商業銀行#,1140951,665579,7268,4442,1780,7731,13,0.17,698.45,8,24,80,0,11163
112,6,本國銀行,花旗(台灣)商業銀行,2746596,2063381,5495,25639,10261,20431,108,0.58,413.08,0,119,245,3,22077
112,6,本國銀行,臺灣中小企業銀行,175467,96154,446,751,270,1063,1,0.06,296.19,1,4,12,0,1366
112,6,本國銀行,渣打國際商業銀行,287942,184971,936,3767,902,1912,4,0.22,881.79,3,11,24,0,30
112,6,本國銀行,台中商業銀行,167637,81205,1470,713,200,646,0,0.11,2035.75,2,3,8,0,588
112,6,本國銀行,滙豐(台灣)商業銀行,689149,463865,9616,5172,1762,7594,20,0.22,1419.78,7,23,95,0,0
112,6,本國銀行,華泰商業銀行,8953,4915,24,39,8,57,0,0.33,619.96,0,0,1,0,15
112,6,本國銀行,臺灣新光商業銀行#,1057813,613646,8220,7762,1551,6685,5,0.14,286.75,6,22,103,0,14499
112,6,本國銀行,陽信商業銀行,116632,57554,1177,1181,162,484,0,0.26,664.98,2,3,3,0,3187
112,6,本國銀行,三信商業銀行,19655,12897,254,71,25,153,0,0.04,5665.85,0,0,1,0,0
112,6,本國銀行,聯邦商業銀行,2613324,1558805,39886,16287,5789,15143,46,0.13,194.0,13,59,181,1,61140
112,6,本國銀行,遠東國際商業銀行,1435109,1000240,9646,8595,3533,4935,81,0.3,102.25,13,56,56,1,9337
112,6,本國銀行,元大商業銀行#,1203451,559597,7713,8407,1185,5643,14,0.08,780.31,4,14,65,0,218
112,6,本國銀行,永豐商業銀行#,2298947,1243426,14160,9484,3742,13821,68,0.11,731.82,14,55,160,2,15938
112,6,本國銀行,玉山商業銀行#,7041497,4731255,58112,41951,12748,83278,231,0.14,474.38,51,147,534,8,46015
112,6,本國銀行,凱基商業銀行#,380665,187042,1425,1727,1175,1444,7,0.84,157.46,6,14,7,0,9424
112,6,本國銀行,星展(台灣)商業銀行,673473,349446,6342,5038,1284,5326,20,0.41,495.13,11,31,72,1,28
112,6,本國銀行,台新國際商業銀行#,6443483,4399712,51693,30272,10031,61015,99,0.11,1088.59,24,106,444,7,168062
112,6,本國銀行,安泰商業銀行,124547,54781,567,259,164,358,0,0.12,384.73,0,2,5,0,0
112,6,本國銀行,中國信託商業銀行#,8794919,5576113,110919,49173,15619,121794,517,0.08,379.42,78,184,704,32,132391
112,6,信用卡公司,台灣樂天信用卡股份有限公司,491569,207323,2073,127237,596,799,5,2.3,144.84,1,11,15,0,0
112,6,信用卡公司,台灣美國運通國際(股)公司,183393,118244,3523,2936,274,5403,1,0.11,748.61,2,3,113,0,98014
112,6,信用卡公司,香港商台灣環滙亞太信用卡,0,0,0,0,0,0,0,0.0,0.0,0,0,0,0,7213
112,6,信用卡公司,財團法人聯合信用卡處理中心,0,0,0,0,0,0,0,0.0,0.0,0,0,0,0,96711
112,7,本國銀行,臺灣銀行#,251012,122949,1847,1067,168,966,0,0.09,1496.39,0,2,23,0,2164
112,7,本國銀行,臺灣土地銀行,336931,141671,2020,7223,337,816,0,0.18,1119.54,2,3,12,0,6751
112,7,本國銀行,合作金庫商業銀行#,673959,393430,5971,3504,827,3640,2,0.13,468.97,4,8,15,0,43214
112,7,本國銀行,第一商業銀行#,1533894,929878,14485,15115,1594,5922,6,0.16,1003.64,6,16,54,0,29633
112,7,本國銀行,華南商業銀行#,1109600,862348,8833,12026,1051,4446,1,0.12,417.67,0,10,81,0,17684
112,7,本國銀行,彰化商業銀行,612249,296580,6790,4266,329,1853,1,0.17,578.23,2,5,26,0,13205
112,7,本國銀行,上海商業儲蓄銀行,476186,206900,4101,2624,601,1589,4,0.17,1334.71,3,7,26,0,926
112,7,本國銀行,台北富邦銀行#,6796538,4432547,360977,57386,7268,35264,94,0.12,1304.58,34,80,497,2,16273
112,7,本國銀行,國泰世華商業銀行#,10408270,6604141,209595,64501,19631,55156,215,0.14,1436.82,56,222,543,5,112021
112,7,本國銀行,高雄銀行,14985,4569,29,95,15,234,0,0.41,194.31,0,0,1,0,840
112,7,本國銀行,兆豐國際商業銀行#,1143527,664467,7313,4737,1765,4316,14,0.22,657.23,8,25,81,1,11319
112,7,本國銀行,花旗(台灣)商業銀行,2724146,2040523,610,24767,10093,18105,89,0.53,470.93,75,124,245,3,21348
112,7,本國銀行,臺灣中小企業銀行,174913,96538,347,901,273,904,1,0.05,305.0,1,4,11,0,1376
112,7,本國銀行,渣打國際商業銀行,286866,182064,3539,4168,905,1611,4,0.23,878.53,3,9,24,0,30
112,7,本國銀行,台中商業銀行,161288,80778,1446,7893,207,586,0,0.1,2208.19,2,3,6,0,584
112,7,本國銀行,滙豐(台灣)商業銀行,693281,465393,9362,5230,1796,6638,18,0.24,1405.85,9,23,97,0,0
112,7,本國銀行,華泰商業銀行,8947,4911,17,23,8,46,0,0.44,597.64,0,0,1,0,16
112,7,本國銀行,臺灣新光商業銀行#,1059510,605105,10261,8564,1591,4433,4,0.14,289.51,8,21,107,0,14787
112,7,本國銀行,陽信商業銀行,116798,57571,1043,1056,162,394,0,0.35,660.3,0,3,3,0,3202
112,7,本國銀行,三信商業銀行,19779,12931,258,78,26,129,0,0.14,4749.0,0,0,1,0,0
112,7,本國銀行,聯邦商業銀行,2679668,1580798,83590,17246,5848,14385,42,0.14,200.15,14,59,200,1,67809
112,7,本國銀行,遠東國際商業銀行,1438072,987088,12088,9146,3554,4342,98,0.33,102.32,10,57,57,1,9337
112,7,本國銀行,元大商業銀行#,1204345,558744,6136,9915,1149,4461,18,0.08,782.95,6,14,65,0,218
112,7,本國銀行,永豐商業銀行#,2289131,1239017,17427,28015,3775,10650,71,0.12,716.44,14,56,165,2,15341
112,7,本國銀行,玉山商業銀行#,7069476,4745873,77963,49984,12922,43156,248,0.16,464.31,48,146,549,8,46094
112,7,本國銀行,凱基商業銀行#,380273,185418,1287,1740,1169,1123,6,0.96,152.88,6,14,7,0,9421
112,7,本國銀行,星展(台灣)商業銀行,674920,351929,8984,6369,1273,4105,20,0.44,515.21,9,30,72,1,34
112,7,本國銀行,台新國際商業銀行#,6467760,4419399,62726,38449,10175,35623,101,0.13,982.75,25,112,453,7,168017
112,7,本國銀行,安泰商業銀行,124816,54518,546,296,165,371,0,0.19,397.7,0,2,5,0,0
112,7,本國銀行,中國信託商業銀行#,8857022,5613050,112489,50386,15921,55971,540,0.08,391.63,77,192,719,30,133252
112,7,信用卡公司,台灣樂天信用卡股份有限公司,491788,203869,2011,4547,598,812,5,1.98,175.33,1,11,16,0,0
112,7,信用卡公司,台灣美國運通國際(股)公司,185146,120108,3681,1928,281,5563,1,0.13,718.74,1,3,116,0,98438
112,7,信用卡公司,香港商台灣環滙亞太信用卡,0,0,0,0,0,0,0,0.0,0.0,0,0,0,0,7244
112,7,信用卡公司,財團法人聯合信用卡處理中心,0,0,0,0,0,0,0,0.0,0.0,0,0,0,0,96901
112,8,本國銀行,臺灣銀行#,252561,123949,2335,1309,166,964,1,0.12,995.29,0,2,23,0,2221
112,8,本國銀行,臺灣土地銀行,333819,142661,2118,5554,334,893,1,0.21,905.81,2,4,13,0,6759
112,8,本國銀行,合作金庫商業銀行#,676350,393981,7328,5032,828,3954,1,0.12,490.81,4,8,29,0,43537
112,8,本國銀行,第一商業銀行#,1541350,933620,17159,9910,1621,6736,8,0.16,950.55,6,17,64,0,29800
112,8,本國銀行,華南商業銀行#,1106881,864169,9587,10186,1040,5067,2,0.17,359.95,0,10,90,0,17857
112,8,本國銀行,彰化商業銀行,616357,295353,7381,4497,330,1998,1,0.16,590.04,2,5,30,0,13346
112,8,本國銀行,上海商業儲蓄銀行,478292,208888,3735,3027,604,1818,5,0.18,1079.66,3,8,29,0,920
112,8,本國銀行,台北富邦銀行#,7011088,4950148,275787,61237,7367,46770,109,0.11,1356.07,36,82,566,3,16397
112,8,本國銀行,國泰世華商業銀行#,7193539,4424528,129302,3344037,18994,55998,228,0.15,1449.29,55,230,698,6,113116
112,8,本國銀行,高雄銀行,10169,4586,62,4878,15,187,0,0.44,209.28,0,0,1,0,842
112,8,本國銀行,兆豐國際商業銀行#,1146053,664070,7683,5157,1751,4461,14,0.24,647.96,8,25,82,1,11583
112,8,本國銀行,花旗(台灣)商業銀行,19546,11816,281,12031,0,5930,14,0.1,828.88,0,47,86,0,0
112,8,本國銀行,臺灣中小企業銀行,174330,96611,401,984,271,930,2,0.03,310.85,1,5,11,0,1382
112,8,本國銀行,渣打國際商業銀行,289991,185044,8490,4957,899,1731,4,0.2,919.49,6,9,26,0,30
112,8,本國銀行,台中商業銀行,162173,80959,1554,755,205,687,0,0.1,2149.33,1,3,7,0,584
112,8,本國銀行,滙豐(台灣)商業銀行,696780,466007,9203,5704,1807,7312,21,0.24,1401.7,6,23,97,1,0
112,8,本國銀行,華泰商業銀行,8954,4908,26,19,7,48,0,0.42,607.88,0,0,1,0,19
112,8,本國銀行,臺灣新光商業銀行#,1066543,609357,15057,8024,1579,4605,6,0.17,291.76,5,25,107,0,14864
112,8,本國銀行,陽信商業銀行,117030,57975,1138,1137,164,444,0,0.52,480.01,0,2,4,0,3257
112,8,本國銀行,三信商業銀行,19866,12959,243,92,26,132,0,0.2,4129.39,0,0,1,0,0
112,8,本國銀行,聯邦商業銀行,2738513,1634520,78297,19452,5937,15928,46,0.13,209.59,16,61,214,1,68367
112,8,本國銀行,遠東國際商業銀行,1439779,992207,12082,10425,3490,4595,109,0.31,102.42,11,57,61,1,9337
112,8,本國銀行,元大商業銀行#,1206042,559749,7595,11036,1135,4982,17,0.08,822.48,5,15,72,0,220
112,8,本國銀行,永豐商業銀行#,2299030,1249927,18250,8068,3763,11931,74,0.13,694.1,15,56,167,2,15702
112,8,本國銀行,玉山商業銀行#,7110303,4769596,97453,56626,12885,44235,266,0.17,435.85,48,148,574,9,45128
112,8,本國銀行,凱基商業銀行#,379961,184952,1404,1808,1187,1273,8,0.96,154.07,9,14,8,0,9452
112,8,本國銀行,星展(台灣)商業銀行,3359924,2410222,23432,46080,9214,13889,73,1.05,230.24,29,11,256,2,34
112,8,本國銀行,台新國際商業銀行#,6491107,4448555,67457,44110,10139,38792,115,0.14,998.72,25,113,486,7,167675
112,8,本國銀行,安泰商業銀行,125215,54750,666,306,163,390,0,0.24,400.12,0,2,5,0,0
112,8,本國銀行,中國信託商業銀行#,8913314,5672226,111593,55301,15992,60460,569,0.08,382.81,66,191,784,32,133691
112,8,信用卡公司,台灣樂天信用卡股份有限公司,493491,203690,3083,3933,605,945,5,2.08,163.34,1,11,20,0,0
112,8,信用卡公司,台灣美國運通國際(股)公司,186766,121962,3813,2193,286,5641,1,0.16,683.52,2,3,116,0,98912
112,8,信用卡公司,香港商台灣環滙亞太信用卡,0,0,0,0,0,0,0,0.0,0.0,0,0,0,0,7260
112,8,信用卡公司,財團法人聯合信用卡處理中心,0,0,0,0,0,0,0,0.0,0.0,0,0,0,0,96540
112,9,本國銀行,臺灣銀行#,254563,124872,2650,1027,167,846,0,0.08,1419.18,1,1,22,0,2274
112,9,本國銀行,臺灣土地銀行,330700,141433,2105,5417,336,755,1,0.14,1289.54,2,3,10,0,6773
112,9,本國銀行,合作金庫商業銀行#,679558,394291,7170,4091,840,3792,2,0.16,481.44,4,8,25,0,43856
112,9,本國銀行,第一商業銀行#,1546869,934918,15760,10378,1628,5897,10,0.17,924.66,6,17,51,0,30118
112,9,本國銀行,華南商業銀行#,1084218,839436,9247,30370,1077,4790,1,0.06,518.69,17,10,85,0,17924
112,9,本國銀行,彰化商業銀行,621784,291106,8357,4080,339,1831,1,0.11,772.49,2,4,26,0,13489
112,9,本國銀行,上海商業儲蓄銀行,480219,210083,3322,2240,618,1653,4,0.19,1044.27,4,7,26,0,922
112,9,本國銀行,台北富邦銀行#,7114866,5168476,135569,31791,7861,43801,96,0.11,1339.82,36,83,515,2,16557
112,9,本國銀行,國泰世華商業銀行#,7181064,4494980,58547,71022,19167,45151,210,0.16,1428.34,60,236,470,5,113876
112,9,本國銀行,高雄銀行,10104,4527,20,85,14,227,0,0.35,206.3,0,0,1,0,834
112,9,本國銀行,兆豐國際商業銀行#,1147539,662799,6221,4735,1781,4266,14,0.26,557.71,8,25,79,0,11813
112,9,本國銀行,花旗(台灣)商業銀行,19658,11891,578,583,0,425,0,0.06,351.8,0,0,3,0,0
112,9,本國銀行,臺灣中小企業銀行,174075,96257,460,715,276,907,1,0.03,307.64,1,5,11,0,1384
112,9,本國銀行,渣打國際商業銀行,291095,186740,6728,4720,903,1668,4,0.22,867.0,3,11,24,0,30
112,9,本國銀行,台中商業銀行,163006,80920,1450,675,208,599,0,0.14,1785.93,1,2,6,0,584
112,9,本國銀行,滙豐(台灣)商業銀行,700273,467317,8884,5391,1815,6726,19,0.23,1416.02,6,23,97,0,0
112,9,本國銀行,華泰商業銀行,8960,4927,22,16,8,45,0,0.44,611.42,0,0,1,0,20
112,9,本國銀行,臺灣新光商業銀行#,1069800,606257,10947,7690,1614,4035,5,0.17,287.86,7,23,103,0,14881
112,9,本國銀行,陽信商業銀行,117119,58056,884,931,164,392,0,0.28,675.17,3,3,3,0,3275
112,9,本國銀行,三信商業銀行,20000,12951,255,83,28,137,0,0.32,3472.71,0,0,1,0,0
112,9,本國銀行,聯邦商業銀行,2776618,1688037,54395,16290,5931,16189,38,0.14,216.22,16,61,228,1,71220
112,9,本國銀行,遠東國際商業銀行,1362893,979979,7722,84658,3818,4134,94,0.29,102.36,13,57,52,1,9337
112,9,本國銀行,元大商業銀行#,1207068,559829,6076,8163,1156,4356,16,0.08,826.27,6,15,62,0,218
112,9,本國銀行,永豐商業銀行#,2269014,1245824,16531,46296,3767,10670,63,0.13,683.13,14,57,163,2,15746
112,9,本國銀行,玉山商業銀行#,7140978,4789387,88999,58324,13055,40968,238,0.19,411.74,45,139,509,8,45184
112,9,本國銀行,凱基商業銀行#,379745,182038,1270,1569,1185,1123,7,1.06,149.92,6,14,7,0,9490
112,9,本國銀行,星展(台灣)商業銀行,3355321,2362915,14358,47783,9115,18271,90,0.84,372.47,8,151,290,3,34
112,9,本國銀行,台新國際商業銀行#,6502814,4478662,60994,49287,10231,35476,110,0.15,961.62,27,109,446,6,167954
112,9,本國銀行,安泰商業銀行,125589,55201,624,294,163,387,0,0.32,393.83,0,2,5,0,0
112,9,本國銀行,中國信託商業銀行#,8974881,5686619,98168,36601,15990,54208,505,0.1,384.87,66,188,690,31,133368
112,9,信用卡公司,台灣樂天信用卡股份有限公司,495488,198997,2969,2496,588,841,5,2.03,174.96,1,12,17,0,0
112,9,信用卡公司,台灣美國運通國際(股)公司,187954,122981,3392,2204,297,5781,1,0.16,672.69,3,3,120,0,98957
112,9,信用卡公司,香港商台灣環滙亞太信用卡,0,0,0,0,0,0,0,0.0,0.0,0,0,0,0,7232
112,9,信用卡公司,財團法人聯合信用卡處理中心,0,0,0,0,0,0,0,0.0,0.0,0,0,0,0,96154
112,10,本國銀行,臺灣銀行#,256112,125517,2224,1075,164,964,1,0.1,1283.72,1,2,23,0,2321
112,10,本國銀行,臺灣土地銀行,328035,141869,1708,4761,340,925,1,0.22,989.71,2,4,12,0,6783
112,10,本國銀行,合作金庫商業銀行#,681414,395525,6109,4358,841,3920,2,0.14,511.37,6,8,25,0,44121
112,10,本國銀行,第一商業銀行#,1551574,939323,13999,9596,1605,7076,8,0.18,917.77,7,17,70,0,30021
112,10,本國銀行,華南商業銀行#,1077414,837667,8857,13716,1075,5328,2,0.12,393.16,0,10,90,0,17990
112,10,本國銀行,彰化商業銀行,624581,289697,5908,4318,339,2069,1,0.18,597.42,2,5,31,0,13579
112,10,本國銀行,上海商業儲蓄銀行,476921,211582,3173,7356,619,1756,5,0.19,1012.96,3,7,30,0,914
112,10,本國銀行,台北富邦銀行#,7078688,5293318,117529,153707,8208,50789,113,0.12,1286.34,38,93,580,3,16775
112,10,本國銀行,國泰世華商業銀行#,7179282,4552124,53914,55696,19071,56037,244,0.17,1404.38,58,225,618,5,114554
112,10,本國銀行,高雄銀行,10048,4501,12,68,14,198,0,0.41,204.42,0,0,1,0,829
112,10,本國銀行,兆豐國際商業銀行#,1148937,661619,6094,4696,1750,4471,14,0.26,566.01,10,28,83,1,11945
112,10,本國銀行,花旗(台灣)商業銀行,19894,12242,433,154,0,404,0,0.01,229.67,0,0,7,0,0
112,10,本國銀行,臺灣中小企業銀行,173199,96652,317,1193,274,919,2,0.05,296.85,1,4,12,0,1392
112,10,本國銀行,渣打國際商業銀行,290552,188404,4261,4258,909,1874,4,0.22,874.5,3,8,28,0,30
112,10,本國銀行,台中商業銀行,163792,80933,1482,765,211,656,0,0.13,1678.52,1,3,7,0,583
112,10,本國銀行,滙豐(台灣)商業銀行,703248,467049,8216,5241,1849,7593,26,0.26,1296.75,9,23,106,1,0
112,10,本國銀行,華泰商業銀行,8964,4902,11,7,8,44,0,0.13,777.82,0,0,1,0,22
112,10,本國銀行,臺灣新光商業銀行#,1072537,606302,9905,7168,1617,5193,8,0.18,291.84,7,24,110,0,14897
112,10,本國銀行,陽信商業銀行,116912,57887,683,1284,167,428,0,0.23,880.06,0,3,3,0,3249
112,10,本國銀行,三信商業銀行,20063,12952,188,85,28,127,0,0.2,4360.77,0,0,1,0,0
112,10,本國銀行,聯邦商業銀行,2810122,1719939,50618,17114,6125,16406,37,0.14,220.6,18,61,234,1,72536
112,10,本國銀行,遠東國際商業銀行,1359375,978736,8441,12003,3486,4949,90,0.3,102.4,10,57,73,1,9336
112,10,本國銀行,元大商業銀行#,1205265,559535,4971,10887,1149,5014,21,0.08,835.72,5,14,74,0,218
112,10,本國銀行,永豐商業銀行#,2201759,1250898,13687,80775,3796,12076,77,0.14,652.1,14,57,175,2,15790
112,10,本國銀行,玉山商業銀行#,7194670,4784222,117351,63659,13021,44644,275,0.2,391.64,46,160,613,9,45174
112,10,本國銀行,凱基商業銀行#,379243,181098,1056,1653,1188,1241,8,1.14,151.17,9,14,9,0,9531
112,10,本國銀行,星展(台灣)商業銀行,3344604,2326603,11728,41425,8766,22802,114,0.7,420.75,140,118,376,4,34
112,10,本國銀行,台新國際商業銀行#,6494988,4500599,59703,67529,10312,42514,129,0.16,909.08,24,115,563,7,168000
112,10,本國銀行,安泰商業銀行,125915,55556,577,288,163,392,0,0.38,389.28,0,2,6,0,0
112,10,本國銀行,中國信託商業銀行#,9006349,5725300,97186,65718,16353,63733,577,0.11,379.81,86,199,899,32,133610
112,10,信用卡公司,台灣樂天信用卡股份有限公司,497267,198145,3316,2454,622,964,7,2.12,172.58,1,11,20,0,0
112,10,信用卡公司,台灣美國運通國際(股)公司,188237,123806,3202,2919,290,5926,1,0.16,647.29,2,3,133,0,98490
112,10,信用卡公司,香港商台灣環滙亞太信用卡,0,0,0,0,0,0,0,0.0,0.0,0,0,0,0,7006
112,10,信用卡公司,財團法人聯合信用卡處理中心,0,0,0,0,0,0,0,0.0,0.0,0,0,0,0,94124
112,11,本國銀行,臺灣銀行#,257196,125458,2339,3117,165,931,0,0.07,1871.55,1,1,24,0,2400
112,11,本國銀行,臺灣土地銀行,325312,145283,2147,5089,334,861,1,0.16,1369.93,2,3,14,0,6800
112,11,本國銀行,合作金庫商業銀行#,684850,397960,7590,4316,851,3967,2,0.17,472.11,5,8,33,0,44428
112,11,本國銀行,第一商業銀行#,1556110,943752,13639,9355,1563,6670,8,0.19,865.62,6,18,67,0,30171
112,11,本國銀行,華南商業銀行#,1072238,833031,6396,9792,1084,5030,2,0.18,344.88,0,10,91,0,18105
112,11,本國銀行,彰化商業銀行,625692,290765,4637,4767,353,2083,1,0.2,581.97,2,5,32,0,13663
112,11,本國銀行,上海商業儲蓄銀行,478169,213067,2826,2460,617,1828,6,0.19,975.81,4,8,29,0,926
112,11,本國銀行,台北富邦銀行#,7167873,5416399,115618,26433,8585,53375,110,0.13,1280.56,42,93,623,3,16824
112,11,本國銀行,國泰世華商業銀行#,7188709,4599971,52053,42626,18883,56872,249,0.19,1339.28,59,227,648,6,115315
112,11,本國銀行,高雄銀行,9985,4492,9,95,14,218,0,0.38,210.67,0,0,1,0,825
112,11,本國銀行,兆豐國際商業銀行#,1149739,661070,6006,5204,1749,4470,14,0.25,617.26,12,27,86,1,12085
112,11,本國銀行,花旗(台灣)商業銀行,19961,12558,254,222,0,446,0,0.05,196.22,0,0,7,0,0
112,11,本國銀行,臺灣中小企業銀行,172401,96943,380,1178,274,923,2,0.04,300.57,2,4,12,0,1399
112,11,本國銀行,渣打國際商業銀行,289327,188513,3206,3737,902,1795,4,0.2,878.76,4,10,27,0,30
112,11,本國銀行,台中商業銀行,164602,81269,1722,1019,211,649,0,0.13,1600.67,2,3,8,0,587
112,11,本國銀行,滙豐(台灣)商業銀行,706623,467810,8208,4833,1842,7497,22,0.26,1253.23,6,22,109,0,0
112,11,本國銀行,華泰商業銀行,8958,4889,18,24,7,44,0,0.21,784.75,0,0,1,0,22
112,11,本國銀行,臺灣新光商業銀行#,1072721,606358,7597,7413,1626,4596,5,0.18,297.92,7,26,107,0,14910
112,11,本國銀行,陽信商業銀行,116675,57711,723,1175,174,431,0,0.39,619.74,0,3,3,0,3272
112,11,本國銀行,三信商業銀行,20124,13038,228,131,29,137,0,0.24,3532.18,0,0,1,0,0
112,11,本國銀行,聯邦商業銀行,2842482,1749789,50263,17903,6214,16330,44,0.14,240.61,17,63,230,1,72792
112,11,本國銀行,遠東國際商業銀行,1355053,977431,8650,13009,3485,4554,99,0.33,102.44,12,57,76,1,9511
112,11,本國銀行,元大商業銀行#,1203661,561369,5172,10906,1149,4916,19,0.08,839.29,6,15,72,0,219
112,11,本國銀行,永豐商業銀行#,2204769,1257760,14100,11054,3772,11688,69,0.15,617.01,17,57,178,2,15810
112,11,本國銀行,玉山商業銀行#,7202986,4800532,88857,80541,13096,43297,269,0.22,378.29,47,151,580,9,45231
112,11,本國銀行,凱基商業銀行#,378701,180043,1097,1729,1188,1230,7,1.11,149.47,8,14,9,0,9648
112,11,本國銀行,星展(台灣)商業銀行,3327649,2277962,11584,44577,8518,21869,125,0.86,358.64,51,113,363,4,34
112,11,本國銀行,台新國際商業銀行#,6500524,4538190,58890,53354,10343,40811,127,0.17,868.3,28,111,540,7,168148
112,11,本國銀行,安泰商業銀行,126222,56011,568,286,160,392,0,0.18,494.49,5,2,6,0,0
112,11,本國銀行,中國信託商業銀行#,9043746,5755575,90561,53164,16292,61886,548,0.13,357.51,91,190,826,32,134293
112,11,信用卡公司,台灣樂天信用卡股份有限公司,499715,200259,3601,2522,625,948,6,2.23,164.59,1,12,20,0,0
112,11,信用卡公司,台灣美國運通國際(股)公司,188767,124343,2988,2458,291,5933,1,0.12,782.5,9,3,144,0,98161
112,11,信用卡公司,香港商台灣環滙亞太信用卡,0,0,0,0,0,0,0,0.0,0.0,0,0,0,0,7015
112,11,信用卡公司,財團法人聯合信用卡處理中心,0,0,0,0,0,0,0,0.0,0.0,0,0,0,0,93434
112,12,本國銀行,臺灣銀行#,257755,127999,1226,973,169,950,0,0.11,1216.4,0,2,24,0,2432
112,12,本國銀行,臺灣土地銀行,323193,146961,1666,3904,338,908,1,0.16,1252.13,2,3,15,0,6885
112,12,本國銀行,合作金庫商業銀行#,686446,399446,6172,4730,847,4104,2,0.18,469.28,5,8,28,0,44582
112,12,本國銀行,第一商業銀行#,1560245,945372,13362,9468,1524,6373,8,0.2,780.3,6,17,56,0,30022
112,12,本國銀行,華南商業銀行#,1065641,827085,4946,10077,1103,5112,2,0.06,522.85,18,11,89,0,18360
112,12,本國銀行,彰化商業銀行,624491,291323,2021,4277,351,1974,1,0.11,877.27,2,5,32,0,13760
112,12,本國銀行,上海商業儲蓄銀行,478714,213526,1836,2282,631,1665,5,0.17,982.29,4,8,27,0,941
112,12,本國銀行,台北富邦銀行#,7214481,5491815,67767,21159,9134,48807,112,0.12,1380.53,55,104,571,3,16930
112,12,本國銀行,國泰世華商業銀行#,7197714,4627948,44159,35154,19232,50461,238,0.21,1311.34,70,223,609,6,116329
112,12,本國銀行,高雄銀行,9929,4513,17,177,14,179,0,0.5,191.49,0,0,1,0,820
112,12,本國銀行,兆豐國際商業銀行#,1151100,656976,5923,4562,1768,4558,14,0.23,658.26,12,26,85,1,12207
112,12,本國銀行,花旗(台灣)商業銀行,20146,12679,317,207,0,432,0,0.04,591.21,0,0,7,0,0
112,12,本國銀行,臺灣中小企業銀行,171876,96384,332,857,277,934,1,0.05,299.57,1,5,11,0,1424
112,12,本國銀行,渣打國際商業銀行,287975,187961,2967,3959,916,1742,4,0.22,821.75,4,10,26,0,30
112,12,本國銀行,台中商業銀行,165119,81647,1169,732,213,616,0,0.14,1558.94,1,3,6,0,588
112,12,本國銀行,滙豐(台灣)商業銀行,708622,468143,6446,4447,1864,7201,19,0.28,1213.83,8,23,107,0,0
112,12,本國銀行,華泰商業銀行,8962,4848,14,10,7,48,0,0.35,751.23,0,0,1,0,19
112,12,本國銀行,臺灣新光商業銀行#,1071408,600640,5694,7007,1654,4086,6,0.18,311.08,9,27,115,0,14951
112,12,本國銀行,陽信商業銀行,116723,57097,983,1070,170,417,0,0.19,705.44,3,3,3,0,3335
112,12,本國銀行,三信商業銀行,19671,13057,193,115,30,140,0,0.13,4786.11,0,0,1,0,0
112,12,本國銀行,聯邦商業銀行,2866981,1775992,41593,17094,6172,16678,44,0.14,246.05,18,63,233,1,72818
112,12,本國銀行,遠東國際商業銀行,1352688,976323,6211,8698,3556,4293,101,0.32,102.46,14,58,69,1,9511
112,12,本國銀行,元大商業銀行#,1204740,561123,4993,7674,1170,4670,17,0.08,873.95,5,15,68,0,217
112,12,本國銀行,永豐商業銀行#,2208497,1259221,13235,9405,3794,11285,73,0.13,664.45,19,56,174,2,15938
112,12,本國銀行,玉山商業銀行#,7230723,4804427,94543,66806,13268,43031,261,0.22,358.1,48,150,553,9,39238
112,12,本國銀行,凱基商業銀行#,370587,178762,988,9205,1204,1219,7,1.1,148.01,8,14,7,0,9470
112,12,本國銀行,星展(台灣)商業銀行,3319120,2230905,9274,32281,8623,20414,116,1.01,335.2,63,129,331,4,34
112,12,本國銀行,台新國際商業銀行#,6500585,4557884,49320,49259,10514,36643,126,0.17,866.09,37,116,479,6,168390
112,12,本國銀行,安泰商業銀行,126562,56268,514,250,162,404,0,0.23,176.25,0,2,6,0,0
112,12,本國銀行,中國信託商業銀行#,9104306,5787166,97753,37193,16515,59474,548,0.15,342.14,108,203,814,32,136178
112,12,信用卡公司,台灣樂天信用卡股份有限公司,502268,201067,3230,2397,640,928,6,2.05,186.09,1,12,19,0,0
112,12,信用卡公司,台灣美國運通國際(股)公司,188753,124640,2904,2918,297,5921,1,0.11,134.47,4,3,131,0,98407
112,12,信用卡公司,香港商台灣環滙亞太信用卡,0,0,0,0,0,0,0,0.0,0.0,0,0,0,0,7011
112,12,信用卡公司,財團法人聯合信用卡處理中心,0,0,0,0,0,0,0,0.0,0.0,0,0,0,0,94345
113,1,本國銀行,臺灣銀行#,258586,127967,1692,1177,167,1041,0,0.13,991.11,1,2,25,0,2455
113,1,本國銀行,臺灣土地銀行,321226,147104,1319,3579,338,937,1,0.2,1062.62,2,4,11,0,7016
113,1,本國銀行,合作金庫商業銀行#,686947,400293,5082,5024,985,4031,2,0.15,484.48,6,8,24,0,44715
113,1,本國銀行,第一商業銀行#,1568718,945549,18592,10594,1480,7052,7,0.19,878.54,7,18,71,0,30209
113,1,本國銀行,華南商業銀行#,1071645,832947,16592,8993,1089,5386,2,0.11,411.2,0,11,96,0,18446
113,1,本國銀行,彰化商業銀行,621908,287216,5588,9430,348,2085,1,0.16,683.16,2,6,31,0,13786
113,1,本國銀行,上海商業儲蓄銀行,479418,213866,2412,2763,624,1820,5,0.14,1099.17,4,8,30,0,937
113,1,本國銀行,台北富邦銀行#,7272793,5563109,83366,25054,9295,54556,123,0.12,1457.69,54,108,623,4,17079
113,1,本國銀行,國泰世華商業銀行#,7210022,4658656,49827,37519,19190,60114,238,0.21,1396.91,75,232,694,6,117682
113,1,本國銀行,高雄銀行,9891,4477,15,80,15,185,0,0.5,189.98,0,0,1,0,819
113,1,本國銀行,兆豐國際商業銀行#,1154717,657160,8550,4933,1729,4701,14,0.22,672.21,11,31,89,1,12360
113,1,本國銀行,花旗(台灣)商業銀行,20293,12754,317,207,0,395,0,0.09,275.02,0,0,6,0,0
113,1,本國銀行,臺灣中小企業銀行,169946,96027,578,2508,276,941,1,0.19,244.19,0,4,12,0,1441
113,1,本國銀行,渣打國際商業銀行,286518,188085,3984,4679,915,1947,4,0.22,799.77,4,10,29,0,30
113,1,本國銀行,台中商業銀行,166208,81962,1907,852,215,690,0,0.12,1491.72,2,3,7,0,588
113,1,本國銀行,滙豐(台灣)商業銀行,718423,468302,16593,6792,1861,8018,21,0.27,1232.64,10,24,112,1,0
113,1,本國銀行,華泰商業銀行,9021,4867,69,10,7,51,0,0.35,756.84,0,0,1,0,17
113,1,本國銀行,臺灣新光商業銀行#,1073546,599785,9940,7802,1634,5131,6,0.18,320.95,8,29,117,0,15009
113,1,本國銀行,陽信商業銀行,117518,57169,1578,1202,173,459,0,0.37,629.95,0,2,4,0,3383
113,1,本國銀行,三信商業銀行,19894,13136,400,141,31,133,0,0.24,3798.13,0,0,1,0,0
113,1,本國銀行,聯邦商業銀行,2901641,1799609,52596,17936,6392,17425,43,0.13,257.61,17,65,244,1,73606
113,1,本國銀行,遠東國際商業銀行,1353549,974331,7661,6935,3455,4751,114,0.28,102.55,13,61,75,1,9580
113,1,本國銀行,元大商業銀行#,1205038,562150,5816,9170,1156,5192,18,0.08,888.39,6,15,75,0,215
113,1,本國銀行,永豐商業銀行#,2217155,1265625,19643,10769,3804,12451,75,0.14,645.46,16,68,176,2,16015
113,1,本國銀行,玉山商業銀行#,7227179,4826736,55987,59531,13297,47056,271,0.23,330.14,47,154,632,9,39373
113,1,本國銀行,凱基商業銀行#,370720,178326,1777,1738,1217,1289,8,1.08,167.38,10,14,9,0,9584
113,1,本國銀行,星展(台灣)商業銀行,3840305,2122428,658473,151057,8505,23506,123,1.01,330.11,73,128,385,4,34
113,1,本國銀行,台新國際商業銀行#,6500402,4596014,60384,60567,10525,42771,133,0.18,833.57,33,119,560,7,168754
113,1,本國銀行,安泰商業銀行,126851,56393,557,268,160,418,0,0.26,197.6,0,2,6,0,0
113,1,本國銀行,中國信託商業銀行#,9127645,5816858,88227,64888,16680,63740,595,0.18,329.54,102,203,831,33,136742
113,1,信用卡公司,台灣樂天信用卡股份有限公司,503056,203669,2803,2732,651,991,7,2.02,190.8,1,12,20,0,0
113,1,信用卡公司,台灣美國運通國際(股)公司,188685,124856,3170,3238,296,5936,1,0.15,696.35,1,3,124,0,98090
113,1,信用卡公司,香港商台灣環滙亞太信用卡,0,0,0,0,0,0,0,0.0,0.0,0,0,0,0,7030
113,1,信用卡公司,財團法人聯合信用卡處理中心,0,0,0,0,0,0,0,0.0,0.0,0,0,0,0,93332
113,2,本國銀行,臺灣銀行#,259117,127339,1117,829,164,823,0,0.1,1243.12,0,1,21,0,2474
113,2,本國銀行,臺灣土地銀行,319164,146703,1220,3569,331,771,0,0.24,1003.56,2,3,11,0,7028
113,2,本國銀行,合作金庫商業銀行#,687309,397510,4318,4635,980,3623,1,0.18,468.4,5,6,20,0,44781
113,2,本國銀行,第一商業銀行#,1574030,951249,16126,10888,1386,5888,5,0.19,779.86,7,18,51,0,30334
113,2,本國銀行,華南商業銀行#,1070687,827852,8297,6762,1053,4489,1,0.17,323.89,0,9,87,0,18521
113,2,本國銀行,彰化商業銀行,623628,285607,8760,8352,348,1817,1,0.19,663.53,2,5,26,0,13857
113,2,本國銀行,上海商業儲蓄銀行,479575,213231,1910,2432,644,1535,4,0.3,618.81,0,7,24,0,929
113,2,本國銀行,台北富邦銀行#,7311101,5580767,57859,19551,9311,42580,69,0.13,1421.33,51,100,519,2,17178
113,2,本國銀行,國泰世華商業銀行#,7222583,4663895,39698,27137,17347,50001,150,0.22,1295.88,77,235,956,5,118560
113,2,本國銀行,高雄銀行,9856,4390,19,60,15,139,0,0.87,180.16,0,0,0,0,817
113,2,本國銀行,兆豐國際商業銀行#,1155406,655549,5433,4744,1704,4013,13,0.24,637.7,8,29,79,0,12527
113,2,本國銀行,花旗(台灣)商業銀行,20418,12683,244,172,0,296,0,0.09,264.75,0,0,6,0,0
113,2,本國銀行,臺灣中小企業銀行,169229,95343,370,1087,280,852,1,0.34,232.14,0,4,10,0,1456
113,2,本國銀行,渣打國際商業銀行,284612,185856,3119,4162,899,1608,3,0.19,854.65,5,9,23,0,30
113,2,本國銀行,台中商業銀行,167145,82017,1481,619,211,562,0,0.17,1250.67,1,3,5,0,589
113,2,本國銀行,滙豐(台灣)商業銀行,722157,475203,10125,6391,1854,6885,11,0.3,1099.19,7,23,101,0,0
113,2,本國銀行,華泰商業銀行,9024,4855,15,12,8,44,0,0.39,765.06,0,0,1,0,17
113,2,本國銀行,臺灣新光商業銀行#,1076313,600903,7853,5086,1661,3926,3,0.2,338.71,8,26,102,0,15072
113,2,本國銀行,陽信商業銀行,117858,57119,1191,1006,174,393,0,0.55,330.86,0,3,3,0,3453
113,2,本國銀行,三信商業銀行,20100,13216,318,81,30,133,0,0.17,4407.05,0,0,1,0,0
113,2,本國銀行,聯邦商業銀行,2930343,1824889,44252,15550,6117,15251,27,0.12,267.02,17,63,212,0,74117
113,2,本國銀行,遠東國際商業銀行,1353010,968101,5557,6196,3510,4306,68,0.28,103.51,11,59,52,0,9653
113,2,本國銀行,元大商業銀行#,1205676,559391,4452,6707,1112,4153,11,0.08,932.48,6,15,60,0,212
113,2,本國銀行,永豐商業銀行#,2222178,1261613,11839,6653,3781,10210,48,0.13,641.33,15,65,161,2,16095
113,2,本國銀行,玉山商業銀行#,7231571,4814216,61083,56691,13146,40696,180,0.22,318.63,47,152,521,8,39405
113,2,本國銀行,凱基商業銀行#,370790,176740,1550,1580,1191,1058,4,1.18,166.45,8,15,5,0,9568
113,2,本國銀行,星展(台灣)商業銀行,3766185,2126704,178847,266862,8505,19114,83,0.88,350.8,108,117,315,2,34
113,2,本國銀行,台新國際商業銀行#,6504420,4602442,47873,43855,10490,36870,80,0.19,780.05,35,121,470,6,169056
113,2,本國銀行,安泰商業銀行,127086,56141,436,218,158,392,0,0.3,224.35,0,2,5,0,0
113,2,本國銀行,中國信託商業銀行#,9163099,5809849,72034,36580,16397,53370,384,0.2,328.69,129,189,697,28,136273
113,2,信用卡公司,台灣樂天信用卡股份有限公司,503892,202541,1964,2448,655,805,4,2.29,177.9,1,12,17,0,0
113,2,信用卡公司,台灣美國運通國際(股)公司,188936,124654,2422,2171,286,5231,1,0.19,608.96,3,3,104,0,98186
113,2,信用卡公司,香港商台灣環滙亞太信用卡,0,0,0,0,0,0,0,0.0,0.0,0,0,0,0,7044
113,2,信用卡公司,財團法人聯合信用卡處理中心,0,0,0,0,0,0,0,0.0,0.0,0,0,0,0,93272
113,3,本國銀行,臺灣銀行#,259957,127151,1624,1067,166,846,0,0.17,744.82,0,2,21,0,2508
113,3,本國銀行,臺灣土地銀行,317616,147260,1777,3647,326,793,1,0.38,724.53,2,3,12,0,7039
113,3,本國銀行,合作金庫商業銀行#,690593,398030,7014,6367,928,3844,2,0.19,467.66,5,9,33,0,44993
113,3,本國銀行,第一商業銀行#,1537657,962672,18133,54930,1314,6524,6,0.2,877.38,7,15,62,0,30328
113,3,本國銀行,華南商業銀行#,1074125,831731,14108,7786,1087,4972,1,0.08,434.33,17,11,86,0,18685
113,3,本國銀行,彰化商業銀行,635350,292145,17928,7965,343,1838,1,0.13,863.27,1,5,29,0,13923
113,3,本國銀行,上海商業儲蓄銀行,478309,213379,2481,4643,627,1705,5,0.28,620.92,7,7,28,0,934
113,3,本國銀行,台北富邦銀行#,7346864,5608654,58321,22558,9179,45910,101,0.16,1238.36,50,106,568,4,17213
113,3,本國銀行,國泰世華商業銀行#,7255505,4683326,62266,29344,18592,53335,216,0.26,1163.73,78,217,633,4,119462
113,3,本國銀行,高雄銀行,9822,4348,12,46,14,169,0,0.67,187.24,0,0,1,0,817
113,3,本國銀行,兆豐國際商業銀行#,1156779,654338,6908,5535,1672,4229,12,0.23,668.24,10,28,84,0,12827
113,3,本國銀行,花旗(台灣)商業銀行,20417,12861,366,435,0,513,0,0.07,175.08,0,0,7,0,0
113,3,本國銀行,臺灣中小企業銀行,168798,95619,675,1106,263,910,1,0.08,353.94,4,4,11,0,1463
113,3,本國銀行,渣打國際商業銀行,283879,185604,3993,4478,887,1708,4,0.23,799.76,4,10,26,0,30
113,3,本國銀行,台中商業銀行,168473,82370,1941,687,210,621,0,0.15,1298.49,1,3,7,0,596
113,3,本國銀行,滙豐(台灣)商業銀行,725382,478201,12296,9071,1837,7548,17,0.29,1118.87,10,22,109,0,0
113,3,本國銀行,華泰商業銀行,9022,4843,15,17,7,44,0,0.39,446.99,0,0,1,0,15
113,3,本國銀行,臺灣新光商業銀行#,1078687,600652,9108,6734,1614,3936,4,0.24,346.02,8,26,113,0,15127
113,3,本國銀行,陽信商業銀行,118582,57292,1704,1740,168,432,0,0.19,611.03,3,3,3,0,3512
113,3,本國銀行,三信商業銀行,20377,13314,419,107,31,135,0,0.32,3386.18,0,0,1,0,0
113,3,本國銀行,聯邦商業銀行,2878839,1842928,50343,101847,6165,15857,39,0.18,257.03,18,61,226,1,74451
113,3,本國銀行,遠東國際商業銀行,1352201,966829,6435,7298,3438,3982,92,0.26,102.59,14,56,55,0,9729
113,3,本國銀行,元大商業銀行#,1204361,557563,5990,11232,1138,4572,17,0.08,978.81,7,14,66,0,213
113,3,本國銀行,永豐商業銀行#,2231267,1268856,15923,6699,3708,10937,67,0.14,636.06,16,57,160,2,16218
113,3,本國銀行,玉山商業銀行#,7253031,4803284,73614,52154,16317,41779,247,0.29,277.47,46,140,534,7,39424
113,3,本國銀行,凱基商業銀行#,371462,176653,2350,1768,1195,1171,7,1.29,163.14,9,14,8,0,9617
113,3,本國銀行,星展(台灣)商業銀行,3730787,2030599,142622,167233,8423,21520,121,0.76,389.92,108,124,356,4,34
113,3,本國銀行,台新國際商業銀行#,6505711,4632600,59480,58189,10274,37211,116,0.23,660.06,32,121,484,6,168982
113,3,本國銀行,安泰商業銀行,127451,56233,608,272,155,419,0,0.37,229.19,0,2,6,0,0
113,3,本國銀行,中國信託商業銀行#,9206691,5840035,82732,39140,16250,56253,523,0.2,331.69,144,202,755,30,135754
113,3,信用卡公司,台灣樂天信用卡股份有限公司,505259,201680,2523,2580,654,761,5,2.37,184.78,1,12,15,0,0
113,3,信用卡公司,台灣美國運通國際(股)公司,189949,125585,3649,2636,287,6062,1,0.18,613.91,4,3,122,0,97833
113,3,信用卡公司,香港商台灣環滙亞太信用卡,0,0,0,0,0,0,0,0.0,0.0,0,0,0,0,7033
113,3,信用卡公司,財團法人聯合信用卡處理中心,0,0,0,0,0,0,0,0.0,0.0,0,0,0,0,93257
113,4,本國銀行,臺灣銀行#,261228,126731,2022,1071,164,931,0,0.15,859.38,1,2,23,0,2542
113,4,本國銀行,臺灣土地銀行,315515,146833,1516,3934,320,849,0,0.38,677.49,4,3,15,0,6991
113,4,本國銀行,合作金庫商業銀行#,691501,397022,6000,6710,935,3799,2,0.23,424.03,6,8,30,0,45184
113,4,本國銀行,第一商業銀行#,1510972,963162,15669,42819,1278,6774,6,0.23,771.8,7,17,69,0,30457
113,4,本國銀行,華南商業銀行#,1078859,838989,14836,7923,1072,5204,2,0.14,329.77,0,9,92,0,18843
113,4,本國銀行,彰化商業銀行,644302,299581,14494,6646,342,2001,1,0.18,678.03,2,5,30,0,14030
113,4,本國銀行,上海商業儲蓄銀行,477259,214303,2486,4427,629,1597,5,0.28,617.63,7,7,28,0,945
113,4,本國銀行,台北富邦銀行#,7393732,5625697,80656,33788,9289,47625,113,0.19,1118.87,60,104,577,4,17236
113,4,本國銀行,國泰世華商業銀行#,7266658,4712850,56940,45787,18736,59773,219,0.28,1094.55,84,227,688,5,119484
113,4,本國銀行,高雄銀行,9786,4316,13,49,14,144,0,0.82,181.1,0,0,1,0,816
113,4,本國銀行,兆豐國際商業銀行#,1159224,652763,7140,4695,1652,4222,14,0.24,642.86,10,29,81,0,12947
113,4,本國銀行,花旗(台灣)商業銀行,20469,12929,251,204,0,462,0,0.11,158.89,0,0,8,0,0
113,4,本國銀行,臺灣中小企業銀行,168683,95323,719,834,262,878,1,0.06,301.0,2,4,11,0,1480
113,4,本國銀行,渣打國際商業銀行,282023,184533,2648,3979,879,1766,3,0.26,760.11,4,9,26,0,30
113,4,本國銀行,台中商業銀行,169348,82388,1478,682,209,633,0,0.15,1280.17,2,4,7,0,594
113,4,本國銀行,滙豐(台灣)商業銀行,727331,483641,8070,6121,1840,7687,16,0.26,1223.75,9,14,105,1,0
113,4,本國銀行,華泰商業銀行,9031,4823,23,14,8,46,0,0.39,433.68,0,0,1,0,13
113,4,本國銀行,臺灣新光商業銀行#,1079612,605182,5729,4804,1623,4618,6,0.25,369.48,8,26,110,0,7998
113,4,本國銀行,陽信商業銀行,119031,57983,1651,1383,171,427,0,0.43,574.49,0,3,3,0,3557
113,4,本國銀行,三信商業銀行,20586,13465,340,96,30,131,0,0.27,3712.21,0,0,1,0,0
113,4,本國銀行,聯邦商業銀行,2892579,1866257,37551,23811,6340,15674,35,0.22,250.07,20,65,217,1,75372
113,4,本國銀行,遠東國際商業銀行,1351834,961162,6275,6679,3366,4249,92,0.28,102.58,12,59,58,1,9754
113,4,本國銀行,元大商業銀行#,1203085,556817,5572,9730,1129,4586,18,0.08,973.6,8,15,68,0,213
113,4,本國銀行,永豐商業銀行#,2242177,1261206,18145,6997,3940,11287,68,0.17,596.36,17,62,166,2,16280
113,4,本國銀行,玉山商業銀行#,7241304,4799838,68771,80498,18181,43647,246,0.3,266.63,45,149,586,8,39488
113,4,本國銀行,凱基商業銀行#,371968,176066,2003,1605,1192,1186,7,1.38,159.61,9,14,8,0,9663
113,4,本國銀行,星展(台灣)商業銀行,3688109,2079957,70650,151747,8342,22324,132,0.69,392.38,80,116,374,4,34
113,4,本國銀行,台新國際商業銀行#,6508790,4652145,60711,57632,10209,40311,121,0.27,568.97,40,115,524,6,169175
113,4,本國銀行,安泰商業銀行,127796,56230,596,264,152,415,0,0.48,259.48,0,1,6,0,0
113,4,本國銀行,中國信託商業銀行#,9238786,5860230,87935,55840,16219,59554,554,0.18,332.0,140,190,807,32,136061
113,4,信用卡公司,台灣樂天信用卡股份有限公司,503050,197962,2029,5038,657,721,6,2.39,188.59,1,12,14,0,0
113,4,信用卡公司,台灣美國運通國際(股)公司,190894,125962,3480,2535,282,6135,1,0.22,506.91,3,3,126,0,97759
113,4,信用卡公司,香港商台灣環滙亞太信用卡,0,0,0,0,0,0,0,0.0,0.0,0,0,0,0,7090
113,4,信用卡公司,財團法人聯合信用卡處理中心,0,0,0,0,0,0,0,0.0,0.0,0,0,0,0,93264
113,5,本國銀行,臺灣銀行#,262440,126486,2507,1618,164,1043,1,0.17,715.57,1,2,24,0,2577
113,5,本國銀行,臺灣土地銀行,313854,143815,2173,4036,318,905,1,0.32,668.75,4,4,13,0,6976
113,5,本國銀行,合作金庫商業銀行#,692985,394396,6807,7088,930,4109,2,0.28,354.89,6,7,30,0,45396
113,5,本國銀行,第一商業銀行#,1513450,967881,13805,11794,1299,7175,7,0.23,754.4,7,16,68,0,30579
113,5,本國銀行,華南商業銀行#,1078312,844342,10260,8810,1081,5693,2,0.21,264.44,0,9,93,0,18981
113,5,本國銀行,彰化商業銀行,652310,304331,15311,5352,340,2208,1,0.2,623.44,2,5,31,0,14221
113,5,本國銀行,上海商業儲蓄銀行,427067,216908,2225,53442,621,1862,5,0.29,538.16,5,8,30,0,948
113,5,本國銀行,台北富邦銀行#,7418460,5637874,61565,36837,9418,50572,117,0.21,1030.58,72,111,589,4,17326
113,5,本國銀行,國泰世華商業銀行#,7304437,4738121,66093,28313,18816,59824,223,0.3,1063.07,98,227,677,5,121927
113,5,本國銀行,高雄銀行,9764,4317,23,45,14,211,0,0.54,182.51,0,0,1,0,812
113,5,本國銀行,兆豐國際商業銀行#,1161627,650489,7861,5458,1638,4530,14,0.3,510.34,10,28,87,1,13103
113,5,本國銀行,花旗(台灣)商業銀行,20604,12864,337,247,0,484,0,0.09,214.46,0,0,8,0,0
113,5,本國銀行,臺灣中小企業銀行,168633,95304,679,729,260,1000,1,0.05,292.89,1,5,12,0,1501
113,5,本國銀行,渣打國際商業銀行,280873,183245,2983,3686,870,1765,3,0.32,724.61,5,9,27,0,30
113,5,本國銀行,台中商業銀行,170066,82251,1609,1021,211,678,0,0.18,1188.69,1,3,7,0,590
113,5,本國銀行,滙豐(台灣)商業銀行,732201,498009,7382,2512,1960,8099,3,0.27,1193.64,10,26,121,1,0
113,5,本國銀行,華泰商業銀行,9035,4803,25,21,7,47,0,0.55,420.97,0,0,1,0,13
113,5,本國銀行,臺灣新光商業銀行#,1078232,601227,4346,5726,1599,4528,7,0.28,390.98,8,23,112,0,8026
113,5,本國銀行,陽信商業銀行,119350,58834,1318,1183,167,471,0,0.63,330.8,0,3,3,0,3610
113,5,本國銀行,三信商業銀行,20725,13590,324,133,30,147,0,0.42,2819.49,0,0,1,0,0
113,5,本國銀行,聯邦商業銀行,2912389,1876977,42345,22535,6414,16416,40,0.23,275.18,24,64,223,1,74969
113,5,本國銀行,遠東國際商業銀行,1351660,954746,6482,6704,3317,4330,87,0.28,102.72,14,58,60,1,9822
113,5,本國銀行,元大商業銀行#,1202391,555092,6547,10420,1160,4809,18,0.08,952.6,7,13,68,0,214
113,5,本國銀行,永豐商業銀行#,2250886,1249908,16739,7763,3711,12062,69,0.17,582.26,22,57,174,2,16451
113,5,本國銀行,玉山商業銀行#,7259717,4799594,82386,63973,17038,45859,258,0.31,256.07,46,147,571,8,39664
113,5,本國銀行,凱基商業銀行#,372488,175745,2195,1791,1201,1268,7,1.46,158.1,9,14,9,0,9740
113,5,本國銀行,星展(台灣)商業銀行,3646355,1962848,449440,491091,8295,22652,141,0.67,395.62,64,122,372,4,34
113,5,本國銀行,台新國際商業銀行#,6510659,4654403,57333,55464,10257,41624,120,0.33,495.07,39,119,514,6,169233
113,5,本國銀行,安泰商業銀行,128382,56577,861,296,150,421,1,0.54,271.78,0,2,6,0,0
113,5,本國銀行,中國信託商業銀行#,9276341,5875216,86774,49219,16238,61196,551,0.18,328.8,117,201,790,32,137560
113,5,信用卡公司,台灣樂天信用卡股份有限公司,501582,194020,1791,4461,654,701,6,2.33,178.26,1,12,14,0,0
113,5,信用卡公司,台灣美國運通國際(股)公司,191823,126433,3822,2893,275,6081,1,0.19,532.08,5,3,123,0,97805
113,5,信用卡公司,香港商台灣環滙亞太信用卡,0,0,0,0,0,0,0,0.0,0.0,0,0,0,0,7077
113,5,信用卡公司,財團法人聯合信用卡處理中心,0,0,0,0,0,0,0,0.0,0.0,0,0,0,0,93387
113,6,本國銀行,臺灣銀行#,263875,128189,1994,896,165,1704,0,0.07,1570.95,1,1,24,0,2613
113,6,本國銀行,臺灣土地銀行,311935,141963,1889,4044,315,1135,1,0.27,667.43,3,3,0,0,6981
113,6,本國銀行,合作金庫商業銀行#,686937,388546,6599,14377,960,9242,2,0.16,350.09,8,8,27,0,45573
113,6,本國銀行,第一商業銀行#,1528844,964480,12391,9292,1236,9909,6,0.17,766.95,7,16,46,0,30677
113,6,本國銀行,華南商業銀行#,1075853,843943,6871,7382,1115,9063,1,0.08,378.35,22,8,86,0,19093
113,6,本國銀行,彰化商業銀行,573893,342909,10126,84263,348,6074,1,0.07,759.0,1,6,30,0,14410
113,6,本國銀行,上海商業儲蓄銀行,389789,217625,1779,40017,636,2072,4,0.2,645.82,7,8,25,0,967
113,6,本國銀行,台北富邦銀行#,7440549,5655202,57789,35700,9854,56776,106,0.19,1038.46,84,109,552,4,17408
113,6,本國銀行,國泰世華商業銀行#,7340148,4772811,59478,23769,19999,91763,202,0.22,1035.15,102,231,650,5,122760
113,6,本國銀行,高雄銀行,9729,4257,12,47,14,194,0,0.61,169.73,0,0,0,0,813
113,6,本國銀行,兆豐國際商業銀行#,1160597,647619,5848,6878,1689,6927,14,0.2,559.2,10,30,84,0,13239
113,6,本國銀行,花旗(台灣)商業銀行,20616,12748,191,247,0,435,0,0.13,131.23,0,0,7,0,0
113,6,本國銀行,臺灣中小企業銀行,168623,95128,565,575,267,1301,1,0.05,280.61,2,4,11,0,1502
113,6,本國銀行,渣打國際商業銀行,279790,181842,2512,3097,877,2115,3,0.32,320.23,6,10,24,0,30
113,6,本國銀行,台中商業銀行,170780,82430,1308,695,215,656,0,0.19,1166.51,2,3,8,0,592
113,6,本國銀行,滙豐(台灣)商業銀行,734963,490070,6872,4110,2005,9001,5,0.25,1195.08,9,24,116,0,0
113,6,本國銀行,華泰商業銀行,9060,4808,39,14,8,57,0,0.4,464.76,0,0,1,0,13
113,6,本國銀行,臺灣新光商業銀行#,1076470,597938,3125,4887,1634,5859,6,0.26,390.72,8,25,115,0,8032
113,6,本國銀行,陽信商業銀行,119380,59096,961,1627,168,526,0,0.4,472.62,3,3,3,0,3640
113,6,本國銀行,三信商業銀行,20835,13620,272,103,31,156,0,0.3,3543.43,1,0,1,0,0
113,6,本國銀行,聯邦商業銀行,2876100,1891236,27562,63851,6438,19047,37,0.22,271.67,26,67,220,1,74532
113,6,本國銀行,遠東國際商業銀行,1351008,949495,5505,6218,3712,4984,79,0.26,102.78,13,60,52,1,9911
113,6,本國銀行,元大商業銀行#,1203594,552598,5340,6875,1147,5782,17,0.09,990.19,9,12,62,0,214
113,6,本國銀行,永豐商業銀行#,2258591,1254241,14630,6598,3718,15608,64,0.13,600.91,22,60,166,2,16560
113,6,本國銀行,玉山商業銀行#,7263022,4817103,59641,56336,17020,102532,234,0.2,254.38,49,139,531,8,39698
113,6,本國銀行,凱基商業銀行#,372716,175765,1625,1491,1193,1587,7,1.29,159.72,11,14,6,0,9828
113,6,本國銀行,星展(台灣)商業銀行,3516949,2042306,42121,158038,8423,25885,116,0.61,364.46,61,119,344,3,34
113,6,本國銀行,台新國際商業銀行#,6512921,4653317,48163,45901,10316,56710,112,0.29,565.89,49,118,475,6,169914
113,6,本國銀行,安泰商業銀行,128850,57125,711,291,151,430,0,0.24,161.94,6,2,5,0,0
113,6,本國銀行,中國信託商業銀行#,9312533,5882600,68717,32525,16211,111234,509,0.11,336.51,102,193,743,29,138062
113,6,信用卡公司,台灣樂天信用卡股份有限公司,502411,191267,1731,2715,641,725,5,1.95,200.92,1,12,14,0,0
113,6,信用卡公司,台灣美國運通國際(股)公司,192674,127167,3441,2590,276,6031,1,0.15,564.17,3,3,126,0,97310
113,6,信用卡公司,香港商台灣環滙亞太信用卡,0,0,0,0,0,0,0,0.0,0.0,0,0,0,0,7084
113,6,信用卡公司,財團法人聯合信用卡處理中心,0,0,0,0,0,0,0,0.0,0.0,0,0,0,0,93842
113,7,本國銀行,臺灣銀行#,265045,128442,1825,1079,168,1071,0,0.11,1062.76,1,2,24,0,2691
113,7,本國銀行,臺灣土地銀行,310013,141081,1651,3741,318,898,1,0.3,721.14,3,4,12,0,6954
113,7,本國銀行,合作金庫商業銀行#,684963,388930,6296,10103,949,3924,2,0.29,319.54,7,7,24,0,45752
113,7,本國銀行,第一商業銀行#,1532797,958431,12881,9434,1241,7007,9,0.21,796.22,7,17,104,0,30732
113,7,本國銀行,華南商業銀行#,1073440,842084,7203,7559,1103,5538,2,0.15,290.22,0,9,95,0,19135
113,7,本國銀行,彰化商業銀行,572344,344902,7199,3403,349,2216,1,0.11,613.8,3,6,-4,0,14602
113,7,本國銀行,上海商業儲蓄銀行,390010,216422,1838,2760,647,1656,5,0.22,677.82,4,7,27,0,988
113,7,本國銀行,台北富邦銀行#,7283353,5671916,62072,219268,9862,52309,128,0.19,1128.12,95,116,628,5,17486
113,7,本國銀行,國泰世華商業銀行#,7367508,4801477,53532,26172,19748,65285,249,0.24,1034.54,109,230,752,6,130137
113,7,本國銀行,高雄銀行,9685,4202,31,75,14,234,0,0.54,172.01,0,0,1,0,810
113,7,本國銀行,兆豐國際商業銀行#,1159951,648661,6518,7164,1651,4595,14,0.26,512.12,13,28,86,1,13387
113,7,本國銀行,花旗(台灣)商業銀行,20713,12892,317,223,0,472,0,0.09,155.94,0,0,8,0,0
113,7,本國銀行,臺灣中小企業銀行,168566,94497,514,571,265,904,1,0.06,286.08,2,5,11,0,1512
113,7,本國銀行,渣打國際商業銀行,277463,180040,1962,3664,867,1930,4,0.27,357.01,6,9,28,0,30
113,7,本國銀行,台中商業銀行,171494,82339,1410,789,222,677,0,0.19,1185.24,2,3,7,0,589
113,7,本國銀行,滙豐(台灣)商業銀行,742774,492506,10988,3177,1982,8922,8,0.26,1249.03,11,23,127,0,0
113,7,本國銀行,華泰商業銀行,9088,4817,44,16,8,44,0,0.32,498.63,0,0,1,0,13
113,7,本國銀行,臺灣新光商業銀行#,1075341,593993,3845,4974,1637,4967,8,0.28,421.91,11,26,122,0,8082
113,7,本國銀行,陽信商業銀行,120048,59601,1039,1326,172,475,0,0.54,472.21,0,3,4,0,3646
113,7,本國銀行,三信商業銀行,20965,13667,295,88,32,130,0,0.21,4350.79,0,0,1,0,0
113,7,本國銀行,聯邦商業銀行,2862474,1894851,25108,38734,6769,16742,42,0.24,270.49,28,66,230,1,75918
113,7,本國銀行,遠東國際商業銀行,1351813,946707,6860,6098,3331,4583,102,0.27,102.76,16,59,62,1,9809
113,7,本國銀行,元大商業銀行#,1205618,552460,5732,6815,1145,5122,20,0.09,977.6,10,14,73,0,216
113,7,本國銀行,永豐商業銀行#,2246884,1263294,18324,29737,3770,12751,75,0.14,610.26,23,59,181,2,16715
113,7,本國銀行,玉山商業銀行#,7311205,4828965,112876,64693,16438,48430,281,0.26,241.39,47,162,634,9,39740
113,7,本國銀行,凱基商業銀行#,374468,175630,3344,1703,1214,1360,7,1.26,159.18,11,14,10,0,9936
113,7,本國銀行,星展(台灣)商業銀行,3268661,2026874,19367,345607,8398,24060,138,0.65,372.46,61,123,403,4,34
113,7,本國銀行,台新國際商業銀行#,6559094,4718346,135593,89420,10484,44355,139,0.31,527.47,64,123,569,6,170470
113,7,本國銀行,安泰商業銀行,129445,57556,851,269,149,418,0,0.3,191.26,0,2,6,0,0
113,7,本國銀行,中國信託商業銀行#,9320897,5897468,72801,64437,16518,68762,605,0.13,335.48,98,205,858,33,139385
113,7,信用卡公司,台灣樂天信用卡股份有限公司,502068,187936,1683,2867,675,814,7,2.47,161.07,1,12,17,0,0
113,7,信用卡公司,台灣美國運通國際(股)公司,193517,127936,3442,2599,275,6101,1,0.11,713.82,6,3,122,0,94849
113,7,信用卡公司,香港商台灣環滙亞太信用卡,0,0,0,0,0,0,0,0.0,0.0,0,0,0,0,7097
113,7,信用卡公司,財團法人聯合信用卡處理中心,0,0,0,0,0,0,0,0.0,0.0,0,0,0,0,93202
113,8,本國銀行,臺灣銀行#,266292,128926,1889,1133,168,935,1,0.11,1136.57,0,1,23,0,2768
113,8,本國銀行,臺灣土地銀行,308416,140801,1761,3523,322,853,1,0.29,793.57,3,3,12,0,6938
113,8,本國銀行,合作金庫商業銀行#,686497,391385,7073,7343,947,4119,2,0.3,308.65,6,8,23,0,45854
113,8,本國銀行,第一商業銀行#,1536134,948483,12825,9991,1242,6668,8,0.21,771.96,7,17,95,0,30648
113,8,本國銀行,華南商業銀行#,1073032,845230,9372,6931,1115,5110,2,0.22,255.95,0,8,86,0,19236
113,8,本國銀行,彰化商業銀行,571137,346520,6835,3224,355,2138,1,0.08,769.48,1,7,16,0,14688
113,8,本國銀行,上海商業儲蓄銀行,390315,215234,1759,2558,647,1572,5,0.27,573.54,3,7,24,0,1036
113,8,本國銀行,台北富邦銀行#,7302974,5690076,52283,32662,10047,47804,119,0.23,1015.58,88,121,564,4,17572
113,8,本國銀行,國泰世華商業銀行#,7388455,4832845,46709,25762,19520,60049,240,0.27,995.17,106,244,686,6,131650
113,8,本國銀行,高雄銀行,9647,4182,52,90,13,202,0,0.49,186.49,0,0,1,0,804
113,8,本國銀行,兆豐國際商業銀行#,1161814,647738,8084,6221,1651,4488,14,0.23,568.12,11,30,84,0,13497
113,8,本國銀行,花旗(台灣)商業銀行,20891,13162,304,191,0,498,0,0.09,158.61,0,0,8,0,0
113,8,本國銀行,臺灣中小企業銀行,168696,94346,678,548,264,959,1,0.09,260.8,2,4,11,0,1512
113,8,本國銀行,渣打國際商業銀行,274594,178394,1582,3847,864,1647,4,0.23,556.45,6,9,24,0,30
113,8,本國銀行,台中商業銀行,161511,82203,1410,11520,213,645,0,0.2,1196.23,2,3,6,0,586
113,8,本國銀行,滙豐(台灣)商業銀行,750847,495593,11733,3660,2034,8146,7,0.25,1247.22,8,25,119,0,0
113,8,本國銀行,華泰商業銀行,9112,4823,40,16,8,61,0,0.26,503.8,0,0,1,0,13
113,8,本國銀行,臺灣新光商業銀行#,1074966,590919,4172,4547,1635,4103,8,0.28,437.27,10,27,111,0,8045
113,8,本國銀行,陽信商業銀行,119514,59662,902,1626,174,445,0,0.61,326.28,0,3,3,0,3701
113,8,本國銀行,三信商業銀行,21047,13718,247,108,32,155,0,0.19,4366.54,0,0,1,0,0
113,8,本國銀行,聯邦商業銀行,2844795,1890247,24202,41881,6718,15378,49,0.25,267.52,32,73,205,1,76017
113,8,本國銀行,遠東國際商業銀行,1352996,942869,7416,6281,3315,4307,106,0.31,102.68,16,60,54,1,9808
113,8,本國銀行,元大商業銀行#,1207699,550780,5802,6518,1184,4710,19,0.09,954.41,10,14,66,0,214
113,8,本國銀行,永豐商業銀行#,2197531,1266309,18676,67783,3748,11908,71,0.15,598.5,22,62,173,2,16843
113,8,本國銀行,玉山商業銀行#,7367915,4844694,119908,63198,17953,45688,279,0.28,233.06,48,154,562,9,39831
113,8,本國銀行,凱基商業銀行#,376258,177556,3540,1844,1214,1279,7,1.38,156.3,11,15,8,0,9997
113,8,本國銀行,星展(台灣)商業銀行,3272018,2086368,16096,27839,8396,21914,138,0.65,379.38,58,125,357,4,34
113,8,本國銀行,台新國際商業銀行#,6587940,4758050,88451,59605,10441,41255,131,0.31,529.05,74,125,522,6,171172
113,8,本國銀行,安泰商業銀行,130138,57832,942,282,148,429,0,0.38,194.23,0,2,6,0,0
113,8,本國銀行,中國信託商業銀行#,9361130,5926606,75385,35152,16601,60730,583,0.13,337.03,93,206,769,32,138735
113,8,信用卡公司,台灣樂天信用卡股份有限公司,502363,184032,1265,2703,681,725,6,2.69,147.93,1,13,15,0,0
113,8,信用卡公司,台灣美國運通國際(股)公司,194022,129178,3509,3004,274,6266,1,0.1,771.88,3,3,127,0,93928
113,8,信用卡公司,香港商台灣環滙亞太信用卡,0,0,0,0,0,0,0,0.0,0.0,0,0,0,0,7097
113,8,信用卡公司,財團法人聯合信用卡處理中心,0,0,0,0,0,0,0,0.0,0.0,0,0,0,0,93457
113,9,本國銀行,臺灣銀行#,267390,129188,1774,1137,165,933,0,0.13,958.66,1,2,22,0,2878
113,9,本國銀行,臺灣土地銀行,307976,140506,1928,2620,319,848,1,0.32,756.89,3,4,11,0,6953
113,9,本國銀行,合作金庫商業銀行#,683951,391114,6073,10241,951,3943,2,0.26,337.41,5,8,24,0,45962
113,9,本國銀行,第一商業銀行#,1532848,945921,11756,15542,1263,6456,6,0.23,756.11,6,17,93,0,30660
113,9,本國銀行,華南商業銀行#,1072281,846798,8385,6542,1126,5396,2,0.09,354.55,26,9,87,0,19349
113,9,本國銀行,彰化商業銀行,566711,315651,5335,2840,362,2271,1,0.13,566.89,3,5,9,0,14805
113,9,本國銀行,上海商業儲蓄銀行,390251,214034,1455,2535,651,1560,5,0.29,519.96,4,8,25,0,1060
113,9,本國銀行,台北富邦銀行#,7261967,5698950,52934,93941,10286,47515,107,0.28,907.61,93,118,559,4,17591
113,9,本國銀行,國泰世華商業銀行#,7410095,4859031,51222,29582,19445,59101,222,0.3,944.5,112,242,704,6,141829
113,9,本國銀行,高雄銀行,9609,4121,17,55,14,241,0,0.45,179.6,0,0,1,0,802
113,9,本國銀行,兆豐國際商業銀行#,1161527,648430,5180,5467,1655,4420,14,0.24,536.5,10,28,85,0,13589
113,9,本國銀行,花旗(台灣)商業銀行,20771,13167,248,390,0,479,0,0.09,144.18,0,0,8,0,0
113,9,本國銀行,臺灣中小企業銀行,168825,93922,623,494,266,915,1,0.06,280.34,2,5,11,0,1514
113,9,本國銀行,渣打國際商業銀行,271251,176154,999,3873,864,1626,3,0.24,584.08,5,9,23,0,30
113,9,本國銀行,台中商業銀行,162240,82040,1279,699,219,628,0,0.21,1166.63,2,3,6,0,579
113,9,本國銀行,滙豐(台灣)商業銀行,758644,494235,10792,2995,2001,8129,6,0.26,1128.62,12,24,120,0,0
113,9,本國銀行,華泰商業銀行,9163,4819,62,11,8,45,0,0.36,459.54,0,0,0,0,13
113,9,本國銀行,臺灣新光商業銀行#,1075186,589363,4290,4070,1674,4652,7,0.27,448.95,11,26,111,0,7955
113,9,本國銀行,陽信商業銀行,119048,59612,674,1338,174,441,0,0.34,583.11,4,3,3,0,3687
113,9,本國銀行,三信商業銀行,21108,13760,212,86,34,132,0,0.26,3964.74,0,0,1,0,0
113,9,本國銀行,聯邦商業銀行,2843748,1884640,22065,23112,6715,14967,41,0.27,264.58,32,69,205,1,73566
113,9,本國銀行,遠東國際商業銀行,1354836,941044,8224,6433,3371,4449,89,0.29,102.86,17,61,54,1,9889
113,9,本國銀行,元大商業銀行#,1208578,548957,4246,6924,1152,4637,17,0.09,954.95,10,15,65,0,215
113,9,本國銀行,永豐商業銀行#,2152568,1266554,15074,59904,3835,11828,66,0.15,600.17,22,61,175,2,16995
113,9,本國銀行,玉山商業銀行#,7409972,4890091,107944,65887,18132,46140,253,0.3,247.82,47,155,587,9,39887
113,9,本國銀行,凱基商業銀行#,378000,178851,3610,1982,1205,1273,6,1.33,156.0,12,15,9,0,10046
113,9,本國銀行,星展(台灣)商業銀行,3275459,2088123,14207,24473,8437,22092,124,0.67,427.47,62,119,361,4,36
113,9,本國銀行,台新國際商業銀行#,6589066,4801572,68752,67626,10491,42608,124,0.31,532.1,68,127,552,6,171840
113,9,本國銀行,安泰商業銀行,130921,58429,1012,251,148,440,0,0.43,213.56,0,2,6,0,0
113,9,本國銀行,中國信託商業銀行#,9286107,5940711,73605,148628,16690,62705,540,0.13,336.67,90,201,807,31,145948
113,9,信用卡公司,台灣樂天信用卡股份有限公司,501767,180373,1314,2744,694,700,6,2.2,186.05,1,13,14,0,0
113,9,信用卡公司,台灣美國運通國際(股)公司,194415,129587,3169,2776,278,6085,1,0.12,714.83,1,3,129,0,93573
113,9,信用卡公司,香港商台灣環滙亞太信用卡,0,0,0,0,0,0,0,0.0,0.0,0,0,0,0,7123
113,9,信用卡公司,財團法人聯合信用卡處理中心,0,0,0,0,0,0,0,0.0,0.0,0,0,0,0,94307
113,10,本國銀行,臺灣銀行#,264862,129116,1892,5040,167,948,1,0.13,1013.08,1,2,22,0,2917
113,10,本國銀行,臺灣土地銀行,309687,140092,4503,2856,320,860,1,0.43,522.94,2,4,13,0,6955
113,10,本國銀行,合作金庫商業銀行#,681866,392016,5563,9503,958,4097,2,0.2,383.84,9,8,28,0,46067
113,10,本國銀行,第一商業銀行#,1531068,948818,10860,13164,1276,7057,7,0.24,723.57,6,19,105,0,30586
113,10,本國銀行,華南商業銀行#,1073343,847233,10028,6403,1124,5869,2,0.17,265.54,0,9,96,0,19343
113,10,本國銀行,彰化商業銀行,567767,316940,4613,2665,367,2234,1,0.17,496.41,2,5,14,0,14887
113,10,本國銀行,上海商業儲蓄銀行,389843,213145,1192,2585,671,1701,6,0.25,595.99,7,7,28,0,1070
113,10,本國銀行,台北富邦銀行#,7281679,5715395,47508,27796,10346,51738,125,0.28,923.44,116,123,595,4,17618
113,10,本國銀行,國泰世華商業銀行#,7432655,4889407,51628,29068,20324,67436,235,0.29,971.72,127,239,845,6,141911
113,10,本國銀行,高雄銀行,9582,4105,8,36,13,211,0,0.61,162.75,0,0,1,0,799
113,10,本國銀行,兆豐國際商業銀行#,1159467,647585,4549,6609,1652,4490,14,0.25,505.57,11,26,63,1,13629
113,10,本國銀行,花旗(台灣)商業銀行,20952,13333,312,165,0,494,0,0.08,162.54,0,0,8,0,0
113,10,本國銀行,臺灣中小企業銀行,168897,95902,823,751,265,968,2,0.04,287.93,2,3,15,0,1523
113,10,本國銀行,渣打國際商業銀行,267682,173564,735,3967,871,1629,3,0.29,547.32,4,9,25,0,30
113,10,本國銀行,台中商業銀行,162935,82382,1294,851,212,698,0,0.23,1110.94,2,4,7,0,575
113,10,本國銀行,滙豐(台灣)商業銀行,766543,486417,11423,3524,2071,9101,8,0.24,1146.75,9,24,125,1,0
113,10,本國銀行,華泰商業銀行,9184,4823,38,17,7,44,0,0.35,467.35,0,0,1,0,13
113,10,本國銀行,臺灣新光商業銀行#,1074720,579948,3563,4029,1685,4284,7,0.23,478.32,16,26,115,0,7979
113,10,本國銀行,陽信商業銀行,120894,59296,469,1698,174,467,0,0.58,554.32,0,3,4,0,3708
113,10,本國銀行,三信商業銀行,21099,13752,155,85,34,149,0,0.33,3292.31,0,0,1,0,0
113,10,本國銀行,聯邦商業銀行,2824040,1875259,21318,41026,6808,14568,40,0.27,266.89,34,69,202,1,73749
113,10,本國銀行,遠東國際商業銀行,1357124,940380,9736,7502,3302,4717,98,0.29,102.62,17,59,71,1,9763
113,10,本國銀行,元大商業銀行#,1209222,547159,3971,6616,1158,5011,18,0.09,951.46,8,15,70,0,215
113,10,本國銀行,永豐商業銀行#,2164599,1273605,14766,5277,3762,13113,74,0.17,544.4,21,62,185,2,17046
113,10,本國銀行,玉山商業銀行#,7461915,4920104,118028,66085,17308,53365,280,0.33,266.2,46,153,641,8,40353
113,10,本國銀行,凱基商業銀行#,378800,179516,2693,1996,1221,1426,8,1.35,153.36,11,15,12,0,10240
113,10,本國銀行,星展(台灣)商業銀行,3277680,2083698,13601,24072,8439,25494,136,0.65,421.71,61,124,435,4,36
113,10,本國銀行,台新國際商業銀行#,6587924,4821765,77287,78429,10612,47004,133,0.3,540.89,66,127,632,6,172546
113,10,本國銀行,安泰商業銀行,131355,59178,670,268,147,419,0,0.5,222.45,0,2,6,0,0
113,10,本國銀行,中國信託商業銀行#,9252139,5955216,90072,124040,17036,68019,538,0.14,326.59,86,212,946,32,145730
113,10,信用卡公司,台灣樂天信用卡股份有限公司,501501,178585,1378,2854,703,752,6,2.24,175.33,1,13,15,0,0
113,10,信用卡公司,台灣美國運通國際(股)公司,194861,129802,3340,2894,286,6481,1,0.13,620.33,3,3,143,0,93101
113,10,信用卡公司,香港商台灣環滙亞太信用卡,0,0,0,0,0,0,0,0.0,0.0,0,0,0,0,7121
113,10,信用卡公司,財團法人聯合信用卡處理中心,0,0,0,0,0,0,0,0.0,0.0,0,0,0,0,94542
113,11,本國銀行,臺灣銀行#,264316,128392,2902,4097,166,921,0,0.1,1314.99,1,1,23,0,2942
113,11,本國銀行,臺灣土地銀行,320066,145990,13422,3027,322,847,1,0.28,724.45,4,3,13,0,6934
113,11,本國銀行,合作金庫商業銀行#,683732,392491,8764,8620,960,4087,2,0.24,348.83,6,8,25,0,46212
113,11,本國銀行,第一商業銀行#,1478103,944936,10265,63749,1280,6464,6,0.26,723.97,6,18,97,0,30658
113,11,本國銀行,華南商業銀行#,1070749,843893,7382,7375,1154,5238,2,0.25,225.39,0,10,91,0,19462
113,11,本國銀行,彰化商業銀行,568637,317941,3572,2757,374,2170,1,0.1,732.14,3,6,18,0,14904
113,11,本國銀行,上海商業儲蓄銀行,389179,210301,1001,2695,678,1572,5,0.28,541.65,5,8,26,0,1108
113,11,本國銀行,台北富邦銀行#,7295643,5737700,46825,32861,10602,53061,120,0.24,1030.22,141,120,632,4,17510
113,11,本國銀行,國泰世華商業銀行#,7457454,4928376,50994,26195,20669,64166,230,0.3,943.94,126,250,733,6,146400
113,11,本國銀行,高雄銀行,9567,4077,16,31,13,231,0,0.55,159.96,0,0,1,0,796
113,11,本國銀行,兆豐國際商業銀行#,1157518,649248,4181,6130,1679,4506,15,0.22,509.73,11,29,80,0,13688
113,11,本國銀行,花旗(台灣)商業銀行,21167,13568,320,181,0,529,0,0.09,155.16,0,0,8,0,0
113,11,本國銀行,臺灣中小企業銀行,169615,96503,1211,493,272,951,1,0.06,252.91,1,7,9,0,1535
113,11,本國銀行,渣打國際商業銀行,264299,171218,443,3159,869,1515,3,0.32,544.32,5,10,23,0,30
113,11,本國銀行,台中商業銀行,163389,82368,1281,989,219,626,0,0.25,1078.61,2,3,6,0,578
113,11,本國銀行,滙豐(台灣)商業銀行,773760,499656,10544,3327,2144,8824,8,0.27,1134.75,8,25,140,0,0
113,11,本國銀行,華泰商業銀行,9203,4821,34,15,8,47,0,1.01,410.07,0,0,1,0,15
113,11,本國銀行,臺灣新光商業銀行#,1073050,578389,2631,4301,1690,4486,8,0.21,492.35,11,26,116,0,7997
113,11,本國銀行,陽信商業銀行,120363,59089,663,1418,176,437,0,0.8,348.41,0,3,3,0,3733
113,11,本國銀行,三信商業銀行,21130,13763,167,97,38,146,0,0.25,3691.16,0,0,1,0,0
113,11,本國銀行,聯邦商業銀行,2804559,1873468,21191,40672,6745,14566,41,0.26,269.97,32,70,203,1,73885
113,11,本國銀行,遠東國際商業銀行,1358281,943013,9663,8548,3364,4572,103,0.27,102.84,13,59,76,1,9915
113,11,本國銀行,元大商業銀行#,1209303,545368,3769,6738,1167,4661,20,0.09,965.68,8,16,70,0,215
113,11,本國銀行,永豐商業銀行#,2165796,1296046,67262,63567,3900,12169,70,0.17,546.53,19,62,190,2,17188
113,11,本國銀行,玉山商業銀行#,7485063,4953725,101734,78586,17157,46418,257,0.34,289.77,48,155,595,8,40255
113,11,本國銀行,凱基商業銀行#,379458,178112,2536,1973,1217,1314,6,1.41,151.75,9,15,8,0,10326
113,11,本國銀行,星展(台灣)商業銀行,3279595,2084422,13175,22659,8513,22853,126,0.65,426.65,66,117,382,4,36
113,11,本國銀行,台新國際商業銀行#,6589465,4844613,56274,54733,10750,42809,128,0.3,524.04,57,129,567,6,173240
113,11,本國銀行,安泰商業銀行,119018,59700,676,13040,149,441,0,0.18,343.67,7,2,6,0,0
113,11,本國銀行,中國信託商業銀行#,9222934,5996912,74459,103664,17008,67632,547,0.14,331.27,85,201,864,32,146972
113,11,信用卡公司,台灣樂天信用卡股份有限公司,497051,177020,1147,7154,717,712,6,2.18,181.98,1,13,14,0,0
113,11,信用卡公司,台灣美國運通國際(股)公司,195656,130280,3470,2675,291,6506,1,0.16,596.31,2,3,142,0,92461
113,11,信用卡公司,香港商台灣環滙亞太信用卡,0,0,0,0,0,0,0,0.0,0.0,0,0,0,0,7133
113,11,信用卡公司,財團法人聯合信用卡處理中心,0,0,0,0,0,0,0,0.0,0.0,0,0,0,0,94703
113,12,本國銀行,臺灣銀行#,264588,131869,2383,2733,166,1144,1,0.14,927.48,0,2,26,0,2986
113,12,本國銀行,臺灣土地銀行,323505,155620,5841,2509,326,1072,1,0.33,637.98,2,4,18,0,6921
113,12,本國銀行,合作金庫商業銀行#,683831,396996,5901,7589,967,4454,2,0.17,367.26,6,8,28,0,46554
113,12,本國銀行,第一商業銀行#,1474945,942221,8958,12553,1287,7203,6,0.26,767.65,10,19,104,0,30811
113,12,本國銀行,華南商業銀行#,1065890,842005,4170,7033,1149,6022,2,0.07,392.08,29,10,94,0,19540
113,12,本國銀行,彰化商業銀行,566940,320805,2032,3944,368,2320,1,0.13,597.55,3,5,12,0,14935
113,12,本國銀行,上海商業儲蓄銀行,388209,208247,798,2884,677,1662,6,0.25,572.26,6,8,28,0,1127
113,12,本國銀行,台北富邦銀行#,7286011,5754738,45668,55300,10805,57022,130,0.23,1090.19,115,129,649,5,17521
113,12,本國銀行,國泰世華商業銀行#,7487552,4980797,57807,27709,20737,72208,246,0.27,991.23,123,244,885,6,147340
113,12,本國銀行,高雄銀行,9527,4058,9,49,12,174,0,0.54,165.11,0,0,1,0,795
113,12,本國銀行,兆豐國際商業銀行#,1155784,647621,3796,5530,1667,5091,16,0.24,522.2,5,27,75,1,13749
113,12,本國銀行,花旗(台灣)商業銀行,21318,13703,344,198,0,541,0,0.11,108.77,0,0,9,0,0
113,12,本國銀行,臺灣中小企業銀行,170427,97421,1545,733,278,1057,1,0.06,256.11,2,6,12,0,1586
113,12,本國銀行,渣打國際商業銀行,260955,169388,348,3472,880,1704,4,0.28,624.68,6,9,25,0,30
113,12,本國銀行,台中商業銀行,152823,81997,1122,11813,221,673,0,0.24,1063.98,2,4,7,0,584
113,12,本國銀行,滙豐(台灣)商業銀行,776948,529635,6340,3152,2146,9404,10,0.24,847.14,13,33,139,1,0
113,12,本國銀行,華泰商業銀行,9215,4803,32,20,8,52,0,0.67,458.79,0,0,1,0,13
113,12,本國銀行,臺灣新光商業銀行#,1071398,577269,2456,4108,1693,5298,9,0.17,517.26,11,26,132,0,8039
113,12,本國銀行,陽信商業銀行,116191,56869,969,5470,175,519,0,0.29,599.99,5,3,4,0,3781
113,12,本國銀行,三信商業銀行,21048,13749,100,101,36,140,0,0.26,3695.48,0,0,1,0,0
113,12,本國銀行,聯邦商業銀行,2764467,1868354,19572,59664,6403,15580,41,0.25,273.35,34,69,213,1,73898
113,12,本國銀行,遠東國際商業銀行,1356177,948035,7078,9226,3310,4738,108,0.27,102.88,15,59,72,1,9980
113,12,本國銀行,元大商業銀行#,1210216,544121,3839,6401,1169,5204,19,0.09,967.99,8,15,75,0,215
113,12,本國銀行,永豐商業銀行#,2238632,1345701,78852,5431,3821,14360,75,0.17,535.49,15,61,206,2,17421
113,12,本國銀行,玉山商業銀行#,7476231,4965433,57027,65859,18629,51215,282,0.42,295.56,47,153,670,9,40297
113,12,本國銀行,凱基商業銀行#,380343,176887,2590,1804,1240,1563,8,1.13,158.67,22,14,10,0,8803
113,12,本國銀行,星展(台灣)商業銀行,3281643,2071611,11611,20975,8567,25273,152,0.61,437.42,63,125,425,4,36
113,12,本國銀行,台新國際商業銀行#,6577948,4845736,39421,50938,10951,44333,139,0.27,572.48,68,133,585,6,173995
113,12,本國銀行,安泰商業銀行,119470,60168,670,247,148,476,1,0.2,176.89,0,2,7,0,0
113,12,本國銀行,中國信託商業銀行#,9179910,6020685,69206,112230,17409,72118,601,0.14,316.89,89,219,966,33,143070
113,12,信用卡公司,台灣樂天信用卡股份有限公司,496604,176599,1253,2412,729,833,6,2.0,156.54,1,13,17,0,0
113,12,信用卡公司,台灣美國運通國際(股)公司,196225,131066,3505,2936,296,6722,1,0.22,555.29,3,3,144,0,92362
113,12,信用卡公司,香港商台灣環滙亞太信用卡,0,0,0,0,0,0,0,0.0,0.0,0,0,0,0,7089
113,12,信用卡公司,財團法人聯合信用卡處理中心,0,0,0,0,0,0,0,0.0,0.0,0,0,0,0,94965
114,1,本國銀行,臺灣銀行#,264426,132000,1144,1657,166,814,0,0.13,1086.91,1,1,20,0,3010
114,1,本國銀行,臺灣土地銀行,323387,154517,1646,1869,321,737,1,0.26,806.18,3,3,10,0,6900
114,1,本國銀行,合作金庫商業銀行#,682042,397138,3922,6954,973,4216,2,0.18,372.35,5,8,26,0,46716
114,1,本國銀行,第一商業銀行#,1475586,934445,7488,7277,1310,5585,5,0.26,684.29,9,19,84,0,30677
114,1,本國銀行,華南商業銀行#,1061552,835546,4862,7827,1126,4568,1,0.15,286.61,0,9,93,0,19621
114,1,本國銀行,彰化商業銀行,563897,310017,2914,6542,372,1854,1,0.09,811.63,2,6,27,0,14932
114,1,本國銀行,上海商業儲蓄銀行,388051,207375,1070,1801,682,1452,4,0.22,663.87,5,7,23,0,1141
114,1,本國銀行,台北富邦銀行#,7301427,5747006,39879,24463,10712,45728,88,0.19,1298.77,119,131,500,3,17557
114,1,本國銀行,國泰世華商業銀行#,7500304,4998723,38114,25362,20217,53155,167,0.26,1013.2,130,258,846,5,148841
114,1,本國銀行,高雄銀行,9506,4049,21,42,13,174,0,0.75,162.33,0,0,0,0,793
114,1,本國銀行,兆豐國際商業銀行#,1153764,641358,4288,6308,1710,4436,15,0.19,568.64,11,17,79,0,13798
114,1,本國銀行,花旗(台灣)商業銀行,21419,13662,276,214,0,395,0,0.07,125.62,0,0,6,0,0
114,1,本國銀行,臺灣中小企業銀行,170998,98557,1380,809,274,994,1,0.13,244.07,2,4,11,0,1578
114,1,本國銀行,渣打國際商業銀行,257542,166206,287,2969,871,1362,2,0.26,650.39,5,13,20,0,30
114,1,本國銀行,台中商業銀行,153417,81917,1157,672,198,543,0,0.36,919.24,3,3,5,0,589
114,1,本國銀行,滙豐(台灣)商業銀行,785181,543532,11604,3371,2202,8280,6,0.23,829.71,6,21,138,0,0
114,1,本國銀行,華泰商業銀行,9224,4810,35,26,10,47,0,0.83,462.84,0,0,0,0,15
114,1,本國銀行,臺灣新光商業銀行#,1070736,568570,3927,5755,1737,3572,6,0.18,538.3,7,27,126,0,8049
114,1,本國銀行,陽信商業銀行,116471,56773,1074,983,180,404,0,0.54,606.72,0,3,2,0,3844
114,1,本國銀行,三信商業銀行,21043,13685,157,99,37,150,0,0.43,2645.3,0,0,1,0,0
114,1,本國銀行,聯邦商業銀行,2760230,1866378,17534,21771,6282,14598,32,0.21,294.0,26,74,209,1,43901
114,1,本國銀行,遠東國際商業銀行,1356785,947191,7830,7275,3990,3775,86,0.26,101.94,14,61,59,1,10111
114,1,本國銀行,元大商業銀行#,1209683,540587,3412,6050,1143,4333,14,0.09,944.37,7,12,63,0,214
114,1,本國銀行,永豐商業銀行#,2297171,1407108,63038,4740,3838,12190,54,0.16,501.5,18,68,213,2,17625
114,1,本國銀行,玉山商業銀行#,7477350,4967720,54309,53190,15668,45663,215,0.45,272.97,49,100,527,7,40316
114,1,本國銀行,凱基商業銀行#,381062,176445,2310,1659,1221,1194,5,1.05,165.17,9,13,9,0,8809
114,1,本國銀行,星展(台灣)商業銀行,3283230,2054973,9373,16176,8711,19991,107,0.62,448.81,62,129,334,3,36
114,1,本國銀行,台新國際商業銀行#,6579770,4841935,33988,32166,11099,35422,96,0.26,591.17,63,135,457,5,174205
114,1,本國銀行,安泰商業銀行,119855,59554,604,278,149,411,0,0.23,215.64,0,2,5,0,0
114,1,本國銀行,中國信託商業銀行#,9164277,5996175,63424,79057,17336,55509,433,0.15,321.52,95,213,679,28,142203
114,1,信用卡公司,台灣樂天信用卡股份有限公司,498189,173034,2953,3044,713,565,3,1.88,193.2,1,13,11,0,0
114,1,信用卡公司,台灣美國運通國際(股)公司,197170,131564,3446,2501,301,6447,1,0.22,540.05,3,3,132,0,92462
114,1,信用卡公司,香港商台灣環滙亞太信用卡,0,0,0,0,0,0,0,0.0,0.0,0,0,0,0,7122
114,1,信用卡公司,財團法人聯合信用卡處理中心,0,0,0,0,0,0,0,0.0,0.0,0,0,0,0,95046
114,2,本國銀行,臺灣銀行#,264528,131172,1136,1452,164,969,0,0.18,967.64,1,2,24,0,3023
114,2,本國銀行,臺灣土地銀行,322837,154060,1344,2028,315,913,1,0.35,652.48,2,4,13,0,6873
114,2,本國銀行,合作金庫商業銀行#,682422,396304,5439,6623,953,3737,2,0.24,355.05,5,7,17,0,46868
114,2,本國銀行,第一商業銀行#,1480907,940183,11314,6354,1261,7043,5,0.24,737.4,9,18,102,0,30674
114,2,本國銀行,華南商業銀行#,1058503,837704,5304,7243,1091,5442,1,0.27,224.9,0,12,92,0,19716
114,2,本國銀行,彰化商業銀行,563241,303040,4608,6356,351,2331,1,0.16,622.48,2,5,33,0,14882
114,2,本國銀行,上海商業儲蓄銀行,387499,205996,1229,2684,671,1720,5,0.26,604.44,5,9,27,0,1144
114,2,本國銀行,台北富邦銀行#,7326844,5764644,46045,20628,10798,52266,91,0.22,1209.32,101,118,640,3,17582
114,2,本國銀行,國泰世華商業銀行#,7510445,5016580,46909,36768,21244,69749,178,0.28,1002.04,108,256,894,4,151364
114,2,本國銀行,高雄銀行,9493,4067,29,42,12,155,0,0.92,157.43,0,0,1,0,789
114,2,本國銀行,兆豐國際商業銀行#,1153355,640241,5656,6065,1626,4136,11,0.19,573.8,11,18,59,1,13881
114,2,本國銀行,花旗(台灣)商業銀行,21703,13761,450,215,0,451,0,0.13,100.15,0,0,8,0,0
114,2,本國銀行,臺灣中小企業銀行,171634,99115,1547,911,269,880,1,0.1,253.9,2,5,12,0,1581
114,2,本國銀行,渣打國際商業銀行,253986,164013,424,3162,855,1540,2,0.3,650.27,5,5,23,0,30
114,2,本國銀行,台中商業銀行,154257,81482,1398,666,218,671,0,0.34,978.36,3,3,7,0,590
114,2,本國銀行,滙豐(台灣)商業銀行,791243,559349,9582,3520,2106,9220,5,0.23,896.51,13,27,122,0,0
114,2,本國銀行,華泰商業銀行,9256,4803,59,27,8,44,0,0.77,472.11,0,0,1,0,16
114,2,本國銀行,臺灣新光商業銀行#,1073694,571157,7010,4052,1688,4479,6,0.2,519.86,8,27,97,0,8080
114,2,本國銀行,陽信商業銀行,117016,57131,1194,874,168,494,0,0.91,361.68,0,3,4,0,3893
114,2,本國銀行,三信商業銀行,21116,13691,254,98,36,134,0,0.45,2577.65,0,0,1,0,0
114,2,本國銀行,聯邦商業銀行,2761225,1862595,21987,20992,6275,13373,31,0.22,292.18,31,66,175,1,42227
114,2,本國銀行,遠東國際商業銀行,1357538,947720,8005,7310,3238,4549,62,0.29,102.88,15,59,59,0,10118
114,2,本國銀行,元大商業銀行#,1211202,539089,4362,5644,1111,5112,15,0.1,936.99,8,17,72,0,212
114,2,本國銀行,永豐商業銀行#,2331423,1461659,41153,5951,3856,15756,53,0.16,519.73,19,65,210,1,17781
114,2,本國銀行,玉山商業銀行#,7495399,4980846,56782,38733,15691,44618,196,0.49,264.29,49,196,637,8,40332
114,2,本國銀行,凱基商業銀行#,381479,176414,2305,1974,1227,1525,6,1.13,158.94,9,17,12,0,8228
114,2,本國銀行,星展(台灣)商業銀行,3292723,2041452,18226,18618,8646,23758,115,0.6,459.54,66,118,403,4,36
114,2,本國銀行,台新國際商業銀行#,6585997,4847223,38757,32530,10835,42846,93,0.27,571.71,48,124,557,6,174446
114,2,本國銀行,安泰商業銀行,120336,59529,798,336,146,417,0,0.32,229.3,0,2,6,0,0
114,2,本國銀行,中國信託商業銀行#,9139260,6011148,74221,99238,16935,70550,443,0.15,323.16,86,201,964,30,145277
114,2,信用卡公司,台灣樂天信用卡股份有限公司,499543,173316,2957,2800,721,731,4,1.97,209.14,1,13,16,0,0
114,2,信用卡公司,台灣美國運通國際(股)公司,197458,130786,3120,2832,293,5686,1,0.44,378.27,5,3,115,0,92358
114,2,信用卡公司,香港商台灣環滙亞太信用卡,0,0,0,0,0,0,0,0.0,0.0,0,0,0,0,7141
114,2,信用卡公司,財團法人聯合信用卡處理中心,0,0,0,0,0,0,0,0.0,0.0,0,0,0,0,95182
114,3,本國銀行,臺灣銀行#,265126,130908,1475,1266,162,938,0,0.17,739.57,0,2,22,0,3058
114,3,本國銀行,臺灣土地銀行,322570,153304,1357,1824,310,853,1,0.33,785.72,3,4,12,0,6892
114,3,本國銀行,合作金庫商業銀行#,683356,395542,5882,6646,951,4009,2,0.19,396.32,8,8,26,0,47182
114,3,本國銀行,第一商業銀行#,1487876,944254,12378,5875,1253,6326,5,0.24,774.69,9,17,93,0,31033
114,3,本國銀行,華南商業銀行#,1055664,835585,5362,6692,1137,5015,1,0.08,386.74,30,11,83,0,19835
114,3,本國銀行,彰化商業銀行,564733,296491,5432,4972,362,2165,1,0.22,522.84,4,6,30,0,14922
114,3,本國銀行,上海商業儲蓄銀行,387441,205691,1314,2309,654,1586,5,0.25,628.81,5,7,25,0,1161
114,3,本國銀行,台北富邦銀行#,7407708,5780699,101393,20529,10573,48022,109,0.22,1229.57,93,127,592,4,17590
114,3,本國銀行,國泰世華商業銀行#,7405873,5039187,51941,156513,20424,65888,215,0.3,949.13,114,236,760,5,151764
114,3,本國銀行,高雄銀行,9530,4162,98,61,12,183,0,0.65,160.06,0,0,1,0,787
114,3,本國銀行,兆豐國際商業銀行#,1151672,639718,7163,8846,1589,4431,13,0.18,579.43,12,15,70,0,13985
114,3,本國銀行,花旗(台灣)商業銀行,22160,13927,607,263,0,560,0,0.05,216.81,0,0,9,0,0
114,3,本國銀行,臺灣中小企業銀行,172432,99940,1369,571,265,936,1,0.09,256.79,1,5,11,0,1580
114,3,本國銀行,渣打國際商業銀行,250819,161743,403,2955,838,1446,3,0.33,660.83,3,8,21,0,30
114,3,本國銀行,台中商業銀行,155222,80745,1532,699,209,628,0,0.28,989.03,3,3,6,0,591
114,3,本國銀行,滙豐(台灣)商業銀行,798416,568267,10643,3470,2041,8917,7,0.28,794.86,9,24,133,0,0
114,3,本國銀行,華泰商業銀行,9300,4802,82,38,7,52,0,0.67,476.2,0,0,1,0,16
114,3,本國銀行,臺灣新光商業銀行#,1077871,572408,8681,4504,1667,4553,8,0.19,584.44,9,26,113,0,8113
114,3,本國銀行,陽信商業銀行,117192,57449,1245,1288,167,482,0,0.41,642.67,4,3,3,0,3939
114,3,本國銀行,三信商業銀行,21132,13633,236,104,35,128,0,0.53,2410.96,0,0,1,0,0
114,3,本國銀行,聯邦商業銀行,2758499,1857339,21824,24550,6277,14086,39,0.24,289.9,31,64,191,1,42878
114,3,本國銀行,遠東國際商業銀行,1358146,947008,8162,7604,3222,4189,98,0.26,102.95,15,60,53,0,10278
114,3,本國銀行,元大商業銀行#,1211123,540501,4353,7836,1143,4738,20,0.09,934.42,8,14,68,0,211
114,3,本國銀行,永豐商業銀行#,2353934,1484281,29069,6096,3668,14092,72,0.16,532.07,19,60,209,2,17940
114,3,本國銀行,玉山商業銀行#,7730479,4967111,274931,39851,17145,45519,266,0.51,259.53,50,151,588,7,40427
114,3,本國銀行,凱基商業銀行#,382250,176524,2688,2016,1217,1432,7,1.09,161.16,10,14,9,0,8378
114,3,本國銀行,星展(台灣)商業銀行,3298447,2040784,15856,21177,8610,21652,131,0.65,471.18,52,130,366,4,36
114,3,本國銀行,台新國際商業銀行#,6588915,4846808,40354,37436,10824,39655,123,0.29,527.84,49,132,515,6,174810
114,3,本國銀行,安泰商業銀行,120960,59678,962,353,144,434,0,0.37,257.56,0,1,6,0,0
114,3,本國銀行,中國信託商業銀行#,9117163,6022702,98917,121014,17185,66880,567,0.15,309.64,92,219,903,29,146170
114,3,信用卡公司,台灣樂天信用卡股份有限公司,510048,177666,13030,3230,744,670,6,2.43,151.04,1,12,14,0,0
114,3,信用卡公司,台灣美國運通國際(股)公司,198205,131337,3672,2925,282,6708,1,0.44,410.86,7,3,165,0,92580
114,3,信用卡公司,香港商台灣環滙亞太信用卡,0,0,0,0,0,0,0,0.0,0.0,0,0,0,0,7154
114,3,信用卡公司,財團法人聯合信用卡處理中心,0,0,0,0,0,0,0,0.0,0.0,0,0,0,0,95497
114,4,本國銀行,臺灣銀行#,265862,130580,1590,1248,159,890,0,0.06,1256.96,1,1,22,0,3111
114,4,本國銀行,臺灣土地銀行,322212,152532,1520,2009,311,853,1,0.38,714.65,2,4,12,0,6901
114,4,本國銀行,合作金庫商業銀行#,684002,396247,5726,6706,956,3868,2,0.18,407.19,8,8,22,0,47533
114,4,本國銀行,第一商業銀行#,1493448,946416,10965,5831,1242,6469,6,0.23,815.63,8,19,98,0,31211
114,4,本國銀行,華南商業銀行#,1052396,831731,4946,6047,1134,5140,2,0.16,334.99,0,10,85,0,19959
114,4,本國銀行,彰化商業銀行,566111,291767,4617,4243,370,1989,1,0.21,565.68,3,6,31,0,15026
114,4,本國銀行,上海商業儲蓄銀行,387407,204764,1215,2113,645,1566,5,0.25,671.69,4,8,26,0,1188
114,4,本國銀行,台北富邦銀行#,7431849,5799244,42784,18643,10628,49485,133,0.2,1362.37,105,122,566,5,17646
114,4,本國銀行,國泰世華商業銀行#,7235185,5064708,44580,215268,20546,66828,238,0.26,1007.54,114,252,880,5,153405
114,4,本國銀行,高雄銀行,9541,4198,49,38,13,151,0,0.84,154.27,0,0,1,0,789
114,4,本國銀行,兆豐國際商業銀行#,1150067,639027,4715,6320,1589,4164,15,0.19,559.68,9,17,65,0,14105
114,4,本國銀行,花旗(台灣)商業銀行,22909,13999,925,211,0,545,0,0.08,177.84,0,0,9,0,0
114,4,本國銀行,臺灣中小企業銀行,172623,99683,795,604,268,921,1,0.33,181.81,0,5,12,0,1590
114,4,本國銀行,渣打國際商業銀行,247734,159448,285,2451,832,1340,3,0.25,722.89,6,9,21,0,30
114,4,本國銀行,台中商業銀行,155959,80545,1217,629,210,614,0,0.24,1056.92,2,3,6,0,594
114,4,本國銀行,滙豐(台灣)商業銀行,805729,575559,10748,3435,1939,9021,7,0.28,756.96,8,24,132,0,0
114,4,本國銀行,華泰商業銀行,9282,4806,53,71,8,46,0,0.71,479.67,0,0,1,0,16
114,4,本國銀行,臺灣新光商業銀行#,1078070,572814,4476,4277,1654,4018,8,0.2,585.26,8,26,107,0,8124
114,4,本國銀行,陽信商業銀行,117244,57997,1006,1178,171,458,0,0.63,525.62,0,3,3,0,3996
114,4,本國銀行,三信商業銀行,21177,13701,189,110,35,135,0,0.28,3148.51,1,0,1,0,0
114,4,本國銀行,聯邦商業銀行,2754764,1856013,18920,22655,6325,13284,47,0.21,293.72,29,71,182,1,43009
114,4,本國銀行,遠東國際商業銀行,1359511,944728,8163,6837,3185,3974,94,0.24,102.86,13,58,57,1,10445
114,4,本國銀行,元大商業銀行#,1212089,539987,4085,5890,1144,4736,20,0.09,955.51,6,14,68,0,209
114,4,本國銀行,永豐商業銀行#,2370703,1495106,22734,5707,3770,14156,73,0.16,531.45,17,66,207,2,18098
114,4,本國銀行,玉山商業銀行#,8227438,5058516,552679,55720,18082,43902,285,0.51,254.83,60,149,588,8,40435
114,4,本國銀行,凱基商業銀行#,384700,177043,4217,1872,1214,1468,8,0.99,164.65,10,15,10,0,8701
114,4,本國銀行,星展(台灣)商業銀行,3302616,2037265,12174,16390,8532,21563,156,0.6,481.18,60,123,375,4,40
114,4,本國銀行,台新國際商業銀行#,6615066,4853069,43028,16877,10787,40295,148,0.28,525.02,43,129,525,6,175584
114,4,本國銀行,安泰商業銀行,121428,59794,865,425,144,445,0,0.44,268.44,0,2,6,0,0
114,4,本國銀行,中國信託商業銀行#,9102686,6046652,89584,104061,17065,64105,609,0.14,308.62,91,204,858,33,161141
114,4,信用卡公司,台灣樂天信用卡股份有限公司,509932,176532,2877,3935,748,659,5,2.48,145.95,1,13,14,0,0
114,4,信用卡公司,台灣美國運通國際(股)公司,198927,131471,3420,2698,280,6257,1,0.44,413.54,5,3,126,0,92373
114,4,信用卡公司,香港商台灣環滙亞太信用卡,0,0,0,0,0,0,0,0.0,0.0,0,0,0,0,7139
114,4,信用卡公司,財團法人聯合信用卡處理中心,0,0,0,0,0,0,0,0.0,0.0,0,0,0,0,95673
114,5,本國銀行,臺灣銀行#,266175,129597,1823,1814,161,1000,0,0.1,1135.42,0,2,23,0,3148
114,5,本國銀行,臺灣土地銀行,321767,150460,1752,2188,311,860,1,0.3,920.61,2,4,13,0,6881
114,5,本國銀行,合作金庫商業銀行#,684861,395325,6516,7043,956,4232,2,0.15,467.28,6,8,22,0,47876
114,5,本國銀行,第一商業銀行#,1498099,945445,9891,5663,1253,6437,5,0.21,864.26,7,18,92,0,31407
114,5,本國銀行,華南商業銀行#,1048890,829544,5251,6034,1154,5038,1,0.24,303.23,0,11,82,0,20091
114,5,本國銀行,彰化商業銀行,566950,285947,4071,4144,369,2092,1,0.14,735.31,2,6,30,0,15144
114,5,本國銀行,上海商業儲蓄銀行,387540,203480,1564,2173,660,1566,4,0.24,697.54,4,8,25,0,1231
114,5,本國銀行,台北富邦銀行#,7457469,5796439,58606,32986,10740,48542,94,0.2,1305.7,92,131,557,3,17681
114,5,本國銀行,國泰世華商業銀行#,7256330,5081876,46817,25672,20808,63076,194,0.26,987.59,104,254,764,5,155023
114,5,本國銀行,高雄銀行,9710,4422,209,39,12,209,0,0.35,215.98,1,0,1,0,789
114,5,本國銀行,兆豐國際商業銀行#,1140792,634664,4747,14022,1598,4548,14,0.22,503.96,3,16,71,0,14222
114,5,本國銀行,花旗(台灣)商業銀行,23419,14110,686,223,0,523,0,0.05,269.43,0,0,8,0,0
114,5,本國銀行,臺灣中小企業銀行,173012,100728,801,412,263,1031,1,0.07,303.65,4,4,11,0,1619
114,5,本國銀行,渣打國際商業銀行,245135,157094,320,2681,833,1334,2,0.21,764.63,5,10,19,0,30
114,5,本國銀行,台中商業銀行,156496,80043,1168,786,209,596,0,0.23,1060.77,2,3,6,0,587
114,5,本國銀行,滙豐(台灣)商業銀行,810550,576082,8843,4022,1855,9330,7,0.24,844.81,11,24,140,0,0
114,5,本國銀行,華泰商業銀行,9279,4808,39,42,8,46,0,0.3,565.46,0,0,1,0,20
114,5,本國銀行,臺灣新光商業銀行#,1075731,568030,3499,5838,1652,4017,7,0.22,577.0,8,26,107,0,8148
114,5,本國銀行,陽信商業銀行,117494,58465,1044,946,169,505,0,0.7,429.61,0,3,4,0,4021
114,5,本國銀行,三信商業銀行,21173,13687,136,93,35,148,0,0.37,2858.17,0,0,1,0,0
114,5,本國銀行,聯邦商業銀行,2753407,1849537,20762,22119,6311,13894,35,0.21,293.8,24,70,186,1,43155
114,5,本國銀行,遠東國際商業銀行,1360965,942748,8816,7413,3248,4074,85,0.23,102.4,12,61,54,0,10559
114,5,本國銀行,元大商業銀行#,1213452,538878,4456,5567,1154,4640,18,0.09,990.75,5,14,65,0,213
114,5,本國銀行,永豐商業銀行#,2385042,1502193,19925,5267,3871,13912,66,0.15,535.73,18,62,214,2,18319
114,5,本國銀行,玉山商業銀行#,8578082,5176214,409399,58755,16799,46983,227,0.53,244.4,62,148,573,8,40520
114,5,本國銀行,凱基商業銀行#,388200,178325,5039,1632,1218,1486,6,1.0,168.69,9,14,9,0,8776
114,5,本國銀行,星展(台灣)商業銀行,3305397,2035932,10763,16785,8611,20489,127,0.58,496.26,64,129,342,3,40
114,5,本國銀行,台新國際商業銀行#,6619863,4858371,47946,43149,10862,40658,112,0.28,517.38,44,133,513,6,177164
114,5,本國銀行,安泰商業銀行,121968,60294,996,504,144,468,0,0.23,373.59,5,2,6,0,0
114,5,本國銀行,中國信託商業銀行#,9089172,6063559,78812,92326,17121,62936,479,0.14,309.53,90,217,819,30,161708
114,5,信用卡公司,台灣樂天信用卡股份有限公司,510138,174934,2356,3197,754,707,5,2.02,169.4,1,13,15,0,0
114,5,信用卡公司,台灣美國運通國際(股)公司,199349,131713,3127,2705,285,6405,1,0.34,483.3,16,3,130,0,92904
114,5,信用卡公司,香港商台灣環滙亞太信用卡,0,0,0,0,0,0,0,0.0,0.0,0,0,0,0,7073
114,5,信用卡公司,財團法人聯合信用卡處理中心,0,0,0,0,0,0,0,0.0,0.0,0,0,0,0,93132
114,6,本國銀行,臺灣銀行#,267369,129622,1840,1043,164,1168,0,0.16,807.65,0,2,25,0,3183
114,6,本國銀行,臺灣土地銀行,321420,143338,1314,1742,306,931,1,0.35,1155.96,2,4,13,0,6897
114,6,本國銀行,合作金庫商業銀行#,682622,395731,4934,8406,970,4203,2,0.14,488.87,5,8,20,0,48267
114,6,本國銀行,第一商業銀行#,1502440,946717,9308,5395,1254,6620,4,0.21,887.57,7,19,95,0,31644
114,6,本國銀行,華南商業銀行#,1043817,822364,4373,6658,1164,5193,1,0.09,384.27,26,11,88,0,20225
114,6,本國銀行,彰化商業銀行,568128,282635,3968,3729,365,2288,1,0.23,538.93,3,6,31,0,15200
114,6,本國銀行,上海商業儲蓄銀行,387497,202083,1452,2280,646,1603,4,0.23,712.61,4,8,26,0,1269
114,6,本國銀行,台北富邦銀行#,7416412,5766030,40026,81083,10893,50976,101,0.19,1366.58,89,127,587,4,17698
114,6,本國銀行,國泰世華商業銀行#,7278354,5097934,47029,25005,21355,68536,207,0.26,975.32,88,260,790,5,155718
114,6,本國銀行,高雄銀行,9862,4575,197,50,12,193,0,0.17,397.35,0,0,0,0,784
114,6,本國銀行,兆豐國際商業銀行#,1137555,630746,4746,7983,1590,4712,14,0.23,494.43,9,17,70,0,14316
114,6,本國銀行,花旗(台灣)商業銀行,23710,14164,585,314,0,521,0,0.03,379.32,0,0,9,0,0
114,6,本國銀行,臺灣中小企業銀行,173054,100356,662,620,265,981,1,0.07,250.47,2,5,12,0,1625
114,6,本國銀行,渣打國際商業銀行,242779,154683,386,2566,832,1401,3,0.25,761.76,4,8,20,0,30
114,6,本國銀行,台中商業銀行,156898,79462,1083,771,214,600,0,0.29,969.67,2,3,9,0,592
114,6,本國銀行,滙豐(台灣)商業銀行,815013,576608,7931,3468,1795,9752,8,0.22,866.81,11,34,143,0,0
114,6,本國銀行,華泰商業銀行,9272,4802,41,48,8,51,0,0.56,515.05,0,0,1,0,22
114,6,本國銀行,臺灣新光商業銀行#,1075433,568875,3609,3907,1665,4927,6,0.2,580.79,8,26,116,0,8180
114,6,本國銀行,陽信商業銀行,117733,58508,1018,970,170,518,0,0.32,802.94,3,3,3,0,4069
114,6,本國銀行,三信商業銀行,21230,13633,206,101,37,141,0,0.14,4095.83,0,0,1,0,0
114,6,本國銀行,聯邦商業銀行,2752496,1846699,20754,21665,6396,14276,35,0.2,296.63,22,70,189,1,42988
114,6,本國銀行,遠東國際商業銀行,1360053,935241,7187,8122,3218,4190,83,0.26,103.07,10,60,53,0,10710
114,6,本國銀行,元大商業銀行#,1214558,537598,4271,5915,1157,4810,17,0.09,962.67,8,13,68,0,216
114,6,本國銀行,永豐商業銀行#,2398255,1503827,18675,5046,3869,14413,65,0.15,529.49,20,65,217,2,18516
114,6,本國銀行,玉山商業銀行#,8704463,5294461,187426,61045,18065,49495,240,0.58,237.91,75,151,623,7,40508
114,6,本國銀行,凱基商業銀行#,389466,179505,2870,1685,1221,1640,7,0.95,169.37,9,15,11,0,8811
114,6,本國銀行,星展(台灣)商業銀行,3309685,2031513,12045,17226,8607,21065,133,0.58,497.28,58,127,355,3,40
114,6,本國銀行,台新國際商業銀行#,6623906,4874392,42672,38629,10906,43849,121,0.27,535.11,51,129,549,6,179580
114,6,本國銀行,安泰商業銀行,122427,60835,999,556,144,448,1,0.25,162.41,0,2,6,0,0
114,6,本國銀行,中國信託商業銀行#,9032991,6062309,83021,139202,17115,67106,520,0.13,311.59,96,208,905,31,163248
114,6,信用卡公司,台灣樂天信用卡股份有限公司,510389,171327,2194,2490,764,816,6,2.06,167.69,1,13,18,0,0
114,6,信用卡公司,台灣美國運通國際(股)公司,199968,131871,3279,2660,283,6290,1,0.3,536.56,6,3,130,0,93804
114,6,信用卡公司,香港商台灣環滙亞太信用卡,0,0,0,0,0,0,0,0.0,0.0,0,0,0,0,7000
114,6,信用卡公司,財團法人聯合信用卡處理中心,0,0,0,0,0,0,0,0.0,0.0,0,0,0,0,93591
114,7,本國銀行,臺灣銀行#,268363,131102,1687,1066,163,1822,0,0.13,983.49,1,2,24,0,3202
114,7,本國銀行,臺灣土地銀行,320572,143302,1429,2384,310,1217,1,0.27,1146.69,2,4,12,0,6874
114,7,本國銀行,合作金庫商業銀行#,683061,396744,6368,7395,988,10235,2,0.06,485.32,5,8,27,0,48500
114,7,本國銀行,第一商業銀行#,1508990,952237,12130,6051,1256,10410,6,0.15,971.54,8,19,106,0,31879
114,7,本國銀行,華南商業銀行#,1038657,813945,4330,7202,1164,11584,2,0.1,380.9,0,12,92,0,20390
114,7,本國銀行,彰化商業銀行,570449,290775,4548,3258,373,4017,1,0.17,504.21,3,6,33,0,15315
114,7,本國銀行,上海商業儲蓄銀行,387307,202159,1306,2420,658,2856,5,0.15,799.9,3,8,28,0,1283
114,7,本國銀行,台北富邦銀行#,7441214,5796909,41160,16358,10919,70997,113,0.16,1428.04,89,134,624,4,17744
114,7,本國銀行,國泰世華商業銀行#,7300676,5127114,46299,23977,21499,101706,218,0.21,976.76,93,256,958,5,156370
114,7,本國銀行,高雄銀行,9899,4643,108,73,12,263,0,0.19,297.59,0,0,1,0,784
114,7,本國銀行,兆豐國際商業銀行#,1129611,629656,5174,13118,1586,7142,13,0.19,485.42,10,16,71,0,14362
114,7,本國銀行,花旗(台灣)商業銀行,23922,14352,533,367,0,562,0,0.06,311.7,0,0,9,0,0
114,7,本國銀行,臺灣中小企業銀行,173896,100576,1386,544,265,1230,1,0.04,249.03,1,5,12,0,1640
114,7,本國銀行,渣打國際商業銀行,240386,153032,347,2671,833,2044,2,0.24,782.57,3,10,22,0,30
114,7,本國銀行,台中商業銀行,157583,79756,1251,643,217,688,0,0.21,1134.16,2,4,7,0,593
114,7,本國銀行,滙豐(台灣)商業銀行,822763,575355,10876,3126,1719,12011,9,0.2,876.46,12,24,153,0,0
114,7,本國銀行,華泰商業銀行,9277,4867,55,50,7,49,0,0.3,548.99,0,0,1,0,21
114,7,本國銀行,臺灣新光商業銀行#,1075113,563922,3834,4154,1646,6250,7,0.21,568.02,8,26,116,0,8181
114,7,本國銀行,陽信商業銀行,118126,59030,1112,913,174,702,0,0.45,720.77,0,3,3,0,4085
114,7,本國銀行,三信商業銀行,21234,13616,147,114,37,150,0,0.22,3192.17,0,0,1,0,0
114,7,本國銀行,聯邦商業銀行,2759560,1842667,30833,23769,6462,23142,36,0.16,283.51,24,70,196,1,42848
114,7,本國銀行,遠東國際商業銀行,1361053,934831,8711,7739,3153,5171,81,0.24,102.98,14,60,58,0,10882
114,7,本國銀行,元大商業銀行#,1215660,538154,4828,6900,1159,6516,18,0.09,955.6,6,16,74,0,217
114,7,本國銀行,永豐商業銀行#,2417555,1522570,25593,5971,3798,21084,68,0.14,500.98,15,65,217,2,18759
114,7,本國銀行,玉山商業銀行#,8735888,5403271,110939,79514,16742,121151,243,0.39,244.0,87,150,652,8,40516
114,7,本國銀行,凱基商業銀行#,395899,183717,8100,1761,1243,2274,7,0.83,174.28,8,15,13,0,8837
114,7,本國銀行,星展(台灣)商業銀行,3314136,2035831,14597,18348,8605,31221,140,0.5,496.04,50,131,395,4,40
114,7,本國銀行,台新國際商業銀行#,6625635,4873151,50054,48325,10977,63004,123,0.21,664.6,46,135,582,7,182080
114,7,本國銀行,安泰商業銀行,120347,61030,850,639,143,579,1,0.29,193.48,0,2,7,0,0
114,7,本國銀行,中國信託商業銀行#,8989403,6108991,82553,126141,17294,125977,534,0.08,299.49,89,217,916,31,163572
114,7,信用卡公司,台灣樂天信用卡股份有限公司,510639,171671,2311,2941,772,860,5,2.05,163.31,1,13,18,0,0
114,7,信用卡公司,台灣美國運通國際(股)公司,200345,132219,3366,2989,284,6348,1,0.36,513.57,9,3,128,0,94065
114,7,信用卡公司,香港商台灣環滙亞太信用卡,0,0,0,0,0,0,0,0.0,0.0,0,0,0,0,7007
114,7,信用卡公司,財團法人聯合信用卡處理中心,0,0,0,0,0,0,0,0.0,0.0,0,0,0,0,93676
114,8,本國銀行,臺灣銀行#,269830,131617,2235,1178,164,954,0,0.17,817.81,1,1,21,0,3231
114,8,本國銀行,臺灣土地銀行,319174,142040,1166,2729,312,814,1,0.28,863.18,2,3,14,0,6864
114,8,本國銀行,合作金庫商業銀行#,682494,398556,5666,7631,988,4260,2,0.12,460.28,5,9,21,0,48809
114,8,本國銀行,第一商業銀行#,1515684,950546,11461,5222,1264,6451,5,0.17,939.08,7,19,96,0,32055
114,8,本國銀行,華南商業銀行#,1034499,804386,4239,6491,1206,4856,1,0.18,328.54,0,12,84,0,20472
114,8,本國銀行,彰化商業銀行,572031,295801,3607,2919,386,2098,1,0.17,654.98,2,6,30,0,15412
114,8,本國銀行,上海商業儲蓄銀行,388710,201140,2883,2261,672,1552,4,0.17,812.73,3,8,25,0,1316
114,8,本國銀行,台北富邦銀行#,7466246,5799168,38579,13547,11137,47356,96,0.2,1282.26,80,135,547,3,17807
114,8,本國銀行,國泰世華商業銀行#,7315782,5140127,43658,28552,21732,65056,196,0.23,968.06,92,271,773,5,156186
114,8,本國銀行,高雄銀行,9929,4658,125,99,12,201,0,0.28,271.42,0,0,0,0,780
114,8,本國銀行,兆豐國際商業銀行#,1128915,625785,8099,8795,1606,4398,12,0.19,546.23,7,18,70,0,14438
114,8,本國銀行,花旗(台灣)商業銀行,24076,14420,575,532,0,531,0,0.04,463.91,0,0,9,0,0
114,8,本國銀行,臺灣中小企業銀行,174309,100748,982,569,267,1009,1,0.05,248.02,2,4,11,0,1674
114,8,本國銀行,渣打國際商業銀行,237677,150862,354,2828,834,1298,2,0.29,778.21,4,9,19,0,30
114,8,本國銀行,台中商業銀行,158149,79670,1113,611,214,585,0,0.25,1099.4,2,4,6,0,597
114,8,本國銀行,滙豐(台灣)商業銀行,832115,581418,12865,3513,1685,9820,9,0.24,785.23,8,26,149,0,0
114,8,本國銀行,華泰商業銀行,9292,4914,76,61,7,53,0,0.01,657.52,0,0,1,0,21
114,8,本國銀行,臺灣新光商業銀行#,1074206,561728,3175,4082,1663,3936,6,0.25,555.83,8,26,110,0,8227
114,8,本國銀行,陽信商業銀行,118150,58987,709,851,174,510,0,0.58,407.28,0,3,3,0,4104
114,8,本國銀行,三信商業銀行,21232,13530,152,86,37,152,0,0.25,3143.54,0,0,1,0,0
114,8,本國銀行,聯邦商業銀行,2759352,1846922,23065,23273,6473,14376,34,0.18,281.08,23,74,189,1,43009
114,8,本國銀行,遠東國際商業銀行,1294859,926739,7637,73883,3250,3934,79,0.26,103.14,14,60,49,0,11056
114,8,本國銀行,元大商業銀行#,1216680,537465,4576,6297,1179,4652,14,0.09,964.97,8,15,65,0,218
114,8,本國銀行,永豐商業銀行#,2432150,1525417,20756,5769,3950,13856,58,0.15,537.75,21,65,216,2,19031
114,8,本國銀行,玉山商業銀行#,8804641,5429148,133762,65009,16199,47848,232,0.39,260.0,88,154,590,7,40448
114,8,本國銀行,凱基商業銀行#,402185,187620,7899,1716,1244,1641,6,0.87,173.28,9,15,11,0,8854
114,8,本國銀行,星展(台灣)商業銀行,3319504,2047205,14733,19156,8726,20454,120,0.53,515.72,48,131,345,3,40
114,8,本國銀行,台新國際商業銀行#,6628129,4875411,38737,36243,11059,39022,113,0.24,579.17,44,135,503,7,183531
114,8,本國銀行,安泰商業銀行,120569,61737,799,637,144,469,0,0.34,220.15,0,2,6,0,0
114,8,本國銀行,中國信託商業銀行#,9106827,6131466,225162,107738,17382,66950,469,0.11,314.24,86,217,840,30,164113
114,8,信用卡公司,台灣樂天信用卡股份有限公司,511390,168778,2268,2788,789,720,5,2.22,155.61,1,14,16,0,0
114,8,信用卡公司,台灣美國運通國際(股)公司,200498,133092,2994,2841,285,6439,1,0.27,617.69,8,3,139,0,94736
114,8,信用卡公司,香港商台灣環滙亞太信用卡,0,0,0,0,0,0,0,0.0,0.0,0,0,0,0,6836
114,8,信用卡公司,財團法人聯合信用卡處理中心,0,0,0,0,0,0,0,0.0,0.0,0,0,0,0,94235
114,9,本國銀行,臺灣銀行#,278299,136649,9480,1446,166,1035,0,0.2,713.21,0,2,23,0,3242
114,9,本國銀行,臺灣土地銀行,317482,141441,1026,2969,313,868,1,0.25,825.14,2,4,12,0,6849
114,9,本國銀行,合作金庫商業銀行#,680869,398445,4637,7579,992,4114,2,0.17,408.87,5,8,21,0,48354
114,9,本國銀行,第一商業銀行#,1521089,948177,11293,6273,1294,6574,5,0.17,941.83,7,20,96,0,32328
114,9,本國銀行,華南商業銀行#,1030510,799773,4411,6768,1206,5286,1,0.07,431.23,24,12,87,0,20582
114,9,本國銀行,彰化商業銀行,573747,299575,3652,2855,380,2330,1,0.19,577.26,4,5,31,0,15505
114,9,本國銀行,上海商業儲蓄銀行,388221,199417,1100,2323,664,1590,5,0.22,693.6,3,8,25,0,1324
114,9,本國銀行,台北富邦銀行#,7488656,5803191,38593,16183,11389,48349,103,0.2,1325.25,90,132,551,4,17877
114,9,本國銀行,國泰世華商業銀行#,7333465,5169904,49438,31750,21006,71463,213,0.22,946.82,96,275,809,5,156209
114,9,本國銀行,高雄銀行,9893,4632,59,104,12,243,0,0.26,255.48,0,0,1,0,776
114,9,本國銀行,兆豐國際商業銀行#,1124956,621917,4094,8053,1615,4526,14,0.19,540.83,6,18,68,0,14505
114,9,本國銀行,花旗(台灣)商業銀行,24944,14515,1142,261,0,556,0,0.03,460.2,0,0,8,0,0
114,9,本國銀行,臺灣中小企業銀行,174561,100529,756,504,266,984,1,0.06,248.18,2,4,12,0,1704
114,9,本國銀行,渣打國際商業銀行,234174,148572,272,3343,829,1401,2,0.3,722.04,5,9,19,0,30
114,9,本國銀行,台中商業銀行,152947,79206,1088,6334,221,601,0,0.28,1071.5,3,3,6,0,598
114,9,本國銀行,滙豐(台灣)商業銀行,841252,586100,12365,3228,1644,10195,9,0.24,787.09,9,32,153,1,0
114,9,本國銀行,華泰商業銀行,9299,4943,56,49,8,58,0,0.01,666.21,0,0,1,0,22
114,9,本國銀行,臺灣新光商業銀行#,1073284,560224,2746,3668,1687,4779,6,0.24,540.71,10,24,111,0,8193
114,9,本國銀行,陽信商業銀行,118202,58667,706,820,176,516,0,0.28,722.42,4,3,3,0,4061
114,9,本國銀行,三信商業銀行,21247,13584,151,76,38,134,0,0.35,2884.09,0,0,1,0,0
114,9,本國銀行,聯邦商業銀行,2756495,1850898,21314,24171,6530,14540,35,0.18,281.78,25,73,192,1,43012
114,9,本國銀行,遠東國際商業銀行,1294614,919975,7476,7754,3254,4252,76,0.26,102.93,12,60,51,0,11129
114,9,本國銀行,元大商業銀行#,1217425,538634,4319,6229,1174,4660,18,0.09,992.31,7,16,65,0,216
114,9,本國銀行,永豐商業銀行#,2446109,1528884,20809,6392,4046,14140,64,0.15,525.95,18,66,222,2,19229
114,9,本國銀行,玉山商業銀行#,8752377,5437724,64162,116426,18455,51252,248,0.37,278.0,86,155,655,8,40201
114,9,本國銀行,凱基商業銀行#,408356,191403,7849,1779,1263,1801,7,0.83,179.13,10,15,9,0,8887
114,9,本國銀行,星展(台灣)商業銀行,3316008,2046800,11701,25670,8781,21395,119,0.5,502.0,62,128,358,4,40
114,9,本國銀行,台新國際商業銀行#,6629102,4844510,65893,64920,11121,43936,134,0.23,613.38,48,132,570,7,183583
114,9,本國銀行,安泰商業銀行,120676,61723,744,2514,144,496,1,0.2,281.77,3,2,6,0,0
114,9,本國銀行,中國信託商業銀行#,9305508,6375464,330062,131381,17442,73734,514,0.11,306.53,87,212,1000,31,162908
114,9,信用卡公司,台灣樂天信用卡股份有限公司,510332,166654,1818,3521,802,781,5,2.34,152.39,1,14,18,0,0
114,9,信用卡公司,台灣美國運通國際(股)公司,200398,132917,2792,2892,258,6585,1,0.23,575.74,4,2,162,0,95005
114,9,信用卡公司,香港商台灣環滙亞太信用卡,0,0,0,0,0,0,0,0.0,0.0,0,0,0,0,6872
114,9,信用卡公司,財團法人聯合信用卡處理中心,0,0,0,0,0,0,0,0.0,0.0,0,0,0,0,94630
114,10,本國銀行,臺灣銀行#,286987,141818,9578,1299,162,1066,0,0.23,557.58,0,2,25,0,3243
114,10,本國銀行,臺灣土地銀行,315389,140349,1032,3323,315,867,1,0.33,721.39,1,4,14,0,6862
114,10,本國銀行,合作金庫商業銀行#,679597,397795,3699,6528,987,4303,2,0.19,381.75,8,8,23,0,48424
114,10,本國銀行,第一商業銀行#,1525439,946353,9415,5517,1299,7618,7,0.16,969.16,7,20,117,0,32552
114,10,本國銀行,華南商業銀行#,1026188,797084,3606,6499,1215,5896,2,0.15,328.29,0,13,98,0,20641
114,10,本國銀行,彰化商業銀行,574187,300725,2119,2572,386,2237,1,0.23,525.64,2,6,35,0,15543
114,10,本國銀行,上海商業儲蓄銀行,385840,198229,1106,4327,666,1795,6,0.23,666.8,3,8,29,0,1322
114,10,本國銀行,台北富邦銀行#,7491291,5807168,37104,34469,11229,56554,118,0.2,1349.33,99,139,643,4,17941
114,10,本國銀行,國泰世華商業銀行#,7347244,5186971,42223,28449,22203,79077,217,0.22,927.66,100,276,1010,5,156254
114,10,本國銀行,高雄銀行,9896,4624,45,42,14,219,0,0.3,255.26,0,0,1,0,775
114,10,本國銀行,兆豐國際商業銀行#,1115663,617795,7529,16822,1577,4616,14,0.2,514.51,11,17,75,1,14599
114,10,本國銀行,花旗(台灣)商業銀行,25554,14963,807,225,0,607,0,0.08,242.03,0,0,11,0,0
114,10,本國銀行,臺灣中小企業銀行,174527,100765,607,641,262,1059,1,0.05,261.87,3,5,14,0,1763
114,10,本國銀行,渣打國際商業銀行,230894,146016,235,3069,824,1393,2,0.26,776.59,5,8,22,0,30
114,10,本國銀行,台中商業銀行,153608,79251,1151,640,217,673,0,0.23,1105.43,2,3,7,0,602
114,10,本國銀行,滙豐(台灣)商業銀行,846231,588373,8476,3497,1703,11634,10,0.24,833.08,12,26,171,1,0
114,10,本國銀行,華泰商業銀行,9301,4988,43,41,8,52,0,0.08,639.51,0,0,1,0,25
114,10,本國銀行,臺灣新光商業銀行#,1070374,558158,1694,4604,1659,4631,7,0.25,546.81,9,24,118,0,8200
114,10,本國銀行,陽信商業銀行,118210,58544,684,843,179,562,0,0.53,608.64,0,3,4,0,4046
114,10,本國銀行,三信商業銀行,21220,13596,90,86,37,143,0,0.45,2512.9,0,0,1,0,0
114,10,本國銀行,聯邦商業銀行,2752053,1849732,19370,23812,6566,14413,34,0.19,272.83,28,72,201,1,43323
114,10,本國銀行,遠東國際商業銀行,1293778,915673,7184,8078,3178,4598,85,0.28,102.88,12,62,71,0,11129
114,10,本國銀行,元大商業銀行#,1216352,538424,3683,7275,1219,5379,20,0.09,969.0,8,16,78,0,213
114,10,本國銀行,永豐商業銀行#,2458266,1538563,18894,6341,3866,16091,70,0.16,537.07,24,64,239,2,19413
114,10,本國銀行,玉山商業銀行#,8732871,5420952,62591,82097,17839,63827,261,0.4,290.94,85,152,681,9,40211
114,10,本國銀行,凱基商業銀行#,414024,196845,7437,1888,1286,2099,8,0.84,178.2,9,15,17,0,8918
114,10,本國銀行,星展(台灣)商業銀行,3345537,2066047,38079,17745,8829,25239,143,0.5,497.15,47,129,440,4,40
114,10,本國銀行,台新國際商業銀行#,6631624,4861994,51185,48663,11208,48769,131,0.22,626.58,45,137,649,7,184844
114,10,本國銀行,安泰商業銀行,120812,62082,705,600,145,462,0,0.17,321.22,2,2,7,0,0
114,10,本國銀行,中國信託商業銀行#,9362580,6521624,168834,111762,17767,80097,528,0.11,298.28,89,224,1128,32,162761
114,10,信用卡公司,台灣樂天信用卡股份有限公司,543906,168998,35783,3664,808,792,5,1.98,175.93,1,14,18,0,0
114,10,信用卡公司,台灣美國運通國際(股)公司,199763,132444,2488,3123,259,6646,1,0.17,565.57,13,3,159,0,95578
114,10,信用卡公司,香港商台灣環滙亞太信用卡,0,0,0,0,0,0,0,0.0,0.0,0,0,0,0,6903
114,10,信用卡公司,財團法人聯合信用卡處理中心,0,0,0,0,0,0,0,0.0,0.0,0,0,0,0,95069
114,11,本國銀行,臺灣銀行#,286372,143458,6419,7504,166,968,0,0.1,1000.62,2,1,22,0,3271
114,11,本國銀行,臺灣土地銀行,311480,139767,1107,5223,313,802,1,0.34,599.02,2,3,13,0,6859
114,11,本國銀行,合作金庫商業銀行#,677357,395450,3615,7498,993,4265,2,0.19,1036.27,9,8,26,0,48315
114,11,本國銀行,第一商業銀行#,1528910,948639,8451,5404,1297,6556,5,0.15,1056.76,7,19,100,0,32796
114,11,本國銀行,華南商業銀行#,1021238,792523,3035,6127,1217,4949,1,0.24,278.96,0,12,89,0,20697
114,11,本國銀行,彰化商業銀行,575229,300086,2716,2599,391,2096,1,0.15,678.03,3,6,32,0,15592
114,11,本國銀行,上海商業儲蓄銀行,385387,196774,884,1953,669,1556,5,0.22,655.92,4,8,26,0,1331
114,11,本國銀行,台北富邦銀行#,7368864,5827933,36148,158575,11518,51146,89,0.19,1365.13,88,134,595,3,17978
114,11,本國銀行,國泰世華商業銀行#,7378552,5207744,59075,27766,22403,69310,186,0.23,953.47,96,282,848,5,156646
114,11,本國銀行,高雄銀行,9876,4533,33,53,13,246,0,0.31,227.33,0,0,1,0,775
114,11,本國銀行,兆豐國際商業銀行#,1111237,615547,4681,9107,1592,4401,13,0.2,526.43,5,18,85,0,14647
114,11,本國銀行,花旗(台灣)商業銀行,26333,16130,891,223,0,603,0,0.1,134.89,0,0,9,0,0
114,11,本國銀行,臺灣中小企業銀行,174533,100203,534,528,265,1055,1,0.04,259.21,1,4,12,0,1813
114,11,本國銀行,渣打國際商業銀行,228523,143771,220,2459,824,1247,2,0.28,722.39,4,9,18,0,30
114,11,本國銀行,台中商業銀行,153778,78949,993,909,220,583,0,0.28,1079.48,2,3,6,0,595
114,11,本國銀行,滙豐(台灣)商業銀行,849981,589927,7270,3520,1694,10416,7,0.22,869.54,10,27,159,0,0
114,11,本國銀行,華泰商業銀行,9253,4964,28,76,7,49,0,0.09,653.83,0,0,1,0,26
114,11,本國銀行,臺灣新光商業銀行#,1073192,553366,7404,4586,1672,3940,5,0.18,587.5,12,24,119,0,8193
114,11,本國銀行,陽信商業銀行,112496,58608,593,6469,180,490,0,0.72,356.54,0,3,3,0,4019
114,11,本國銀行,三信商業銀行,21218,13526,123,100,38,137,0,0.25,3183.7,1,0,1,0,0
114,11,本國銀行,聯邦商業銀行,2724426,1851382,17400,45027,6537,13968,31,0.18,280.13,28,73,194,1,42702
114,11,本國銀行,遠東國際商業銀行,1292552,913893,6552,7808,3520,4234,65,0.25,103.0,12,62,65,0,11300
114,11,本國銀行,元大商業銀行#,1215996,537590,3559,5975,1185,4632,13,0.09,940.79,8,16,67,0,212
114,11,本國銀行,永豐商業銀行#,2468090,1541989,16239,5940,3856,13791,55,0.15,539.22,19,64,218,2,19652
114,11,本國銀行,玉山商業銀行#,8706607,5387478,52421,78685,16968,48431,219,0.38,334.64,85,143,623,8,40260
114,11,本國銀行,凱基商業銀行#,418692,200111,6227,1655,1283,1819,6,0.89,176.27,9,16,6,0,8958
114,11,本國銀行,星展(台灣)商業銀行,3356156,2069869,17786,15750,8899,21162,112,0.53,489.08,47,130,364,3,40
114,11,本國銀行,台新國際商業銀行#,6633053,4861181,43518,42089,11257,43360,90,0.22,617.55,47,133,572,6,186004
114,11,本國銀行,安泰商業銀行,120750,62185,553,638,145,476,0,0.2,360.05,1,2,6,0,0
114,11,本國銀行,中國信託商業銀行#,9403362,6601383,132555,91773,17602,72454,423,0.11,299.67,96,216,963,27,163047
114,11,信用卡公司,台灣樂天信用卡股份有限公司,581785,175899,41717,5644,787,735,4,1.67,191.13,1,14,16,0,0
114,11,信用卡公司,台灣美國運通國際(股)公司,199243,132077,2366,2886,264,6828,1,0.15,596.67,3,3,148,0,95824
114,11,信用卡公司,香港商台灣環滙亞太信用卡,0,0,0,0,0,0,0,0.0,0.0,0,0,0,0,6932
114,11,信用卡公司,財團法人聯合信用卡處理中心,0,0,0,0,0,0,0,0.0,0.0,0,0,0,0,95368
114,12,本國銀行,臺灣銀行#,289455,148176,4746,2137,162,1201,1,0.11,996.7,1,2,26,0,3272
114,12,本國銀行,臺灣土地銀行,306978,140249,590,5147,312,1011,1,0.33,658.89,2,4,15,0,6849
114,12,本國銀行,合作金庫商業銀行#,672680,395942,3319,9742,990,4595,2,0.13,1146.28,7,8,27,0,48083
114,12,本國銀行,第一商業銀行#,1531235,952857,8277,6433,1297,7583,6,0.15,1034.41,7,20,113,0,33068
114,12,本國銀行,華南商業銀行#,1014753,788586,2605,7115,1200,5771,1,0.09,359.58,30,13,101,0,20813
114,12,本國銀行,彰化商業銀行,575263,302736,2126,3124,383,2415,1,0.21,519.01,3,6,39,0,15636
114,12,本國銀行,上海商業儲蓄銀行,384715,195583,909,2476,666,1786,5,0.23,678.43,4,8,30,0,1319
114,12,本國銀行,台北富邦銀行#,7391132,5849375,36440,14172,11468,58874,114,0.18,1461.64,95,140,653,4,18024
114,12,本國銀行,國泰世華商業銀行#,7337214,5209203,46441,87779,22171,81878,226,0.23,975.83,95,281,1092,5,157168
114,12,本國銀行,高雄銀行,9825,4435,8,35,14,168,0,0.31,257.68,0,0,1,0,766
114,12,本國銀行,兆豐國際商業銀行#,1106955,613344,3733,8015,1562,4921,12,0.2,508.18,7,17,74,0,14687
114,12,本國銀行,花旗(台灣)商業銀行,26662,16921,535,180,0,667,0,0.15,121.28,0,0,12,0,0
114,12,本國銀行,臺灣中小企業銀行,174504,100320,584,613,265,1127,1,0.04,255.8,1,5,13,0,1809
114,12,本國銀行,渣打國際商業銀行,225917,141822,267,2604,822,1408,2,0.29,659.15,3,8,21,0,30
114,12,本國銀行,台中商業銀行,154419,78769,1124,555,221,668,0,0.24,1138.71,2,4,7,0,592
114,12,本國銀行,滙豐(台灣)商業銀行,852459,590428,6001,3523,1711,11715,10,0.24,840.16,12,32,175,1,0
114,12,本國銀行,華泰商業銀行,9224,4935,17,46,7,51,0,0.13,650.89,0,0,1,0,26
114,12,本國銀行,臺灣新光商業銀行#,1062582,547522,1175,11785,1659,5184,7,0.21,581.78,10,24,127,0,8209
114,12,本國銀行,陽信商業銀行,112998,58937,1223,924,176,637,0,0.36,575.91,4,3,4,0,4043
114,12,本國銀行,三信商業銀行,21049,13524,75,110,37,141,0,0.41,2379.79,0,0,1,0,0
114,12,本國銀行,聯邦商業銀行,2731780,1849324,31298,23944,6592,15001,32,0.18,278.51,28,73,204,1,42202
114,12,本國銀行,遠東國際商業銀行,1290052,910122,5702,8259,3186,4517,80,0.28,102.98,11,62,67,0,11650
114,12,本國銀行,元大商業銀行#,1216355,538589,4046,6149,1178,5455,18,0.09,938.79,8,16,78,0,210
114,12,本國銀行,永豐商業銀行#,2478579,1545721,17921,6985,3898,15838,67,0.15,548.83,18,64,233,2,19898
114,12,本國銀行,玉山商業銀行#,8748065,5340523,128776,87318,17958,54300,259,0.37,372.09,84,164,719,9,40435
114,12,本國銀行,凱基商業銀行#,423651,203805,6788,1912,1283,2202,7,0.75,179.43,14,16,12,0,9078
114,12,本國銀行,星展(台灣)商業銀行,3324547,2087494,20983,61543,8915,23991,141,0.5,507.79,58,137,413,4,40
114,12,本國銀行,台新國際商業銀行#,6632949,4852939,44324,44428,11315,48400,108,0.22,629.07,43,138,645,6,187086
114,12,本國銀行,安泰商業銀行,120826,62645,575,528,144,513,1,0.19,184.32,2,2,7,0,0
114,12,本國銀行,中國信託商業銀行#,9458117,6685860,148745,93990,17912,83918,539,0.12,299.62,92,228,1192,31,163655
114,12,信用卡公司,台灣樂天信用卡股份有限公司,602725,192537,38723,18387,827,876,6,2.02,116.19,1,14,20,0,0
114,12,信用卡公司,台灣美國運通國際(股)公司,198246,131230,2477,3474,259,6852,1,0.15,632.71,2,3,151,0,95510
114,12,信用卡公司,香港商台灣環滙亞太信用卡,0,0,0,0,0,0,0,0.0,0.0,0,0,0,0,6934
114,12,信用卡公司,財團法人聯合信用卡處理中心,0,0,0,0,0,0,0,0.0,0.0,0,0,0,0,95499
115,1,本國銀行,臺灣銀行#,288210,150827,3183,4865,164,1092,0,0.11,1123.08,1,2,26,0,3285
115,1,本國銀行,臺灣土地銀行,304290,138753,1173,4082,313,851,1,0.31,774.76,2,3,11,0,6827
115,1,本國銀行,合作金庫商業銀行#,669805,394415,3865,8431,995,4443,2,0.15,419.64,6,8,28,0,48003
115,1,本國銀行,第一商業銀行#,1536932,949239,13875,8597,1293,7017,5,0.14,1183.88,7,20,103,0,33729
115,1,本國銀行,華南商業銀行#,1009069,780122,2784,7069,1200,5400,2,0.17,303.61,0,12,95,0,20916
115,1,本國銀行,彰化商業銀行,574866,297678,2606,3663,390,2242,1,0.13,736.97,2,6,33,0,15710
115,1,本國銀行,上海商業儲蓄銀行,385291,195135,1962,2040,665,1684,4,0.27,632.44,4,9,27,0,1340
115,1,本國銀行,台北富邦銀行#,7413468,5850943,37090,14754,11543,53783,105,0.18,1512.59,84,139,599,4,17917
115,1,本國銀行,國泰世華商業銀行#,7361854,5227282,53061,28420,22236,73109,214,0.23,953.49,98,302,-142,5,157388
115,1,本國銀行,高雄銀行,9798,4365,16,42,13,195,0,0.3,272.22,0,0,1,0,760
115,1,本國銀行,兆豐國際商業銀行#,1103756,608880,4178,7377,1554,4616,14,0.2,479.45,7,17,74,0,14805
115,1,本國銀行,花旗(台灣)商業銀行,26967,17514,497,250,0,591,0,0.07,202.47,0,0,8,0,0
115,1,本國銀行,臺灣中小企業銀行,174499,99988,707,712,269,1067,1,0.08,236.19,1,4,13,0,1830
115,1,本國銀行,渣打國際商業銀行,223410,139270,236,2318,815,1296,2,0.22,717.72,5,10,19,0,30
115,1,本國銀行,台中商業銀行,155499,78792,1636,600,216,618,0,0.18,1216.34,1,4,6,0,588
115,1,本國銀行,滙豐(台灣)商業銀行,859925,594282,11736,4270,1698,11472,8,0.22,833.16,11,27,172,0,0
115,1,本國銀行,華泰商業銀行,9210,4929,24,38,7,51,0,0.05,689.01,0,0,1,0,26
115,1,本國銀行,臺灣新光商業銀行#,1058761,540089,1030,4851,1651,4377,6,0.21,605.46,7,24,124,0,8170
115,1,本國銀行,陽信商業銀行,114071,59689,1825,909,175,647,0,0.44,643.03,0,3,4,0,4081
115,1,本國銀行,三信商業銀行,21071,13419,168,107,36,153,0,0.57,2056.19,0,0,1,0,0
115,1,本國銀行,聯邦商業銀行,2738614,1854462,28093,21259,6625,14788,35,0.17,283.92,25,75,201,1,42453
115,1,本國銀行,遠東國際商業銀行,1287861,905892,5554,7785,3190,4210,76,0.25,103.07,11,65,64,0,11650
115,1,本國銀行,元大商業銀行#,1215623,538004,4159,7166,1220,5207,17,0.09,931.9,7,16,74,0,207
115,1,本國銀行,永豐商業銀行#,2499751,1534910,29782,8177,3910,15116,60,0.15,540.22,16,69,240,2,20154
115,1,本國銀行,玉山商業銀行#,7580168,4841229,63242,1231139,18447,51766,234,0.36,380.91,84,155,657,8,40422
115,1,本國銀行,凱基商業銀行#,428371,205621,6605,1970,1317,1877,7,0.81,189.15,8,16,5,0,9128
115,1,本國銀行,星展(台灣)商業銀行,3330717,2090994,13076,16430,8910,22244,131,0.51,499.5,51,138,383,4,40
115,1,本國銀行,台新國際商業銀行#,6644173,4838948,51727,40503,11358,47415,111,0.2,660.85,44,140,619,6,187738
115,1,本國銀行,安泰商業銀行,120888,62573,608,586,144,492,1,0.19,244.66,1,2,7,0,0
115,1,本國銀行,中國信託商業銀行#,9550356,6762185,154390,62151,17828,82497,509,0.11,297.15,90,227,1082,30,163834
115,1,信用卡公司,台灣樂天信用卡股份有限公司,599586,194188,2067,19879,829,807,5,2.06,112.12,1,14,18,0,0
115,1,信用卡公司,台灣美國運通國際(股)公司,198177,130961,3092,3161,264,6941,1,0.15,644.87,6,3,173,0,95860
115,1,信用卡公司,香港商台灣環滙亞太信用卡,0,0,0,0,0,0,0,0.0,0.0,0,0,0,0,6924
115,1,信用卡公司,財團法人聯合信用卡處理中心,0,0,0,0,0,0,0,0.0,0.0,0,0,0,0,95696
115,2,本國銀行,臺灣銀行#,288487,151186,1326,1424,163,927,0,0.08,1287.76,1,2,22,0,3292
115,2,本國銀行,臺灣土地銀行,302868,137557,707,2315,311,738,0,0.46,499.55,0,4,9,0,6819
115,2,本國銀行,合作金庫商業銀行#,668568,392822,2343,4751,984,3946,1,0.2,407.55,6,8,20,0,48058
115,2,本國銀行,第一商業銀行#,1540487,950771,9597,6416,1296,6248,4,0.14,1063.28,8,19,93,0,34390
115,2,本國銀行,華南商業銀行#,1005549,774554,1828,4302,1113,4616,1,0.26,265.47,0,11,89,0,20998
115,2,本國銀行,彰化商業銀行,574559,292705,2521,2492,398,1890,1,0.13,775.15,2,6,28,0,15773
115,2,本國銀行,上海商業儲蓄銀行,385603,195077,1341,1584,696,1417,3,0.2,672.74,4,7,24,0,1338
115,2,本國銀行,台北富邦銀行#,7430543,5847762,26727,9652,11408,45813,65,0.17,1639.92,86,127,588,3,17898
115,2,本國銀行,國泰世華商業銀行#,7377610,5243241,34466,18711,21095,63970,148,0.21,978.23,98,305,733,4,157523
115,2,本國銀行,高雄銀行,9784,4316,12,21,13,135,0,0.21,292.56,0,0,0,0,760
115,2,本國銀行,兆豐國際商業銀行#,1102565,604159,2543,3734,1592,3955,12,0.2,504.57,5,17,79,0,14910
115,2,本國銀行,花旗(台灣)商業銀行,27083,17642,302,216,0,483,0,0.11,122.16,0,0,8,0,0
115,2,本國銀行,臺灣中小企業銀行,174530,99736,590,559,279,945,1,0.07,242.76,1,3,11,0,1845
115,2,本國銀行,渣打國際商業銀行,221463,136387,127,1837,813,1071,2,0.23,719.55,3,9,15,0,30
115,2,本國銀行,台中商業銀行,155849,79019,747,448,194,516,0,0.24,1136.33,1,3,5,0,584
115,2,本國銀行,滙豐(台灣)商業銀行,863847,595531,7205,3283,1791,10133,6,0.21,847.7,6,25,155,0,0
115,2,本國銀行,華泰商業銀行,9187,4884,24,47,9,47,0,0.07,687.87,0,0,1,0,26
115,2,本國銀行,臺灣新光商業銀行#,1054635,534459,620,4746,1716,3575,5,0.22,607.42,12,26,97,0,8156
115,2,本國銀行,陽信商業銀行,114581,59783,1125,728,185,466,0,0.69,416.5,0,2,-1,0,4090
115,2,本國銀行,三信商業銀行,21029,13376,79,72,40,126,0,0.59,2212.18,0,0,1,0,0
115,2,本國銀行,聯邦商業銀行,2740859,1856322,20081,17836,6476,13204,24,0.15,290.6,18,73,182,0,42503
115,2,本國銀行,遠東國際商業銀行,1286543,900785,3823,5189,3214,3685,50,0.25,102.07,12,61,47,0,11980
115,2,本國銀行,元大商業銀行#,1215168,535445,2560,4777,1096,4446,11,0.09,963.39,8,16,64,0,207
115,2,本國銀行,永豐商業銀行#,2510318,1535218,15966,5012,3761,13210,41,0.14,522.4,16,68,217,1,20336
115,2,本國銀行,玉山商業銀行#,7565429,4837463,40826,55565,16440,45453,167,0.3,427.3,84,118,593,6,40388
115,2,本國銀行,凱基商業銀行#,431007,207376,4086,1510,1301,1546,5,0.84,184.45,8,16,4,0,9146
115,2,本國銀行,星展(台灣)商業銀行,3331190,2075177,5793,12902,9064,19358,92,0.52,483.89,50,120,338,3,40
115,2,本國銀行,台新國際商業銀行#,6647405,4805993,34357,31125,11327,40724,87,0.19,721.47,36,127,535,5,188168
115,2,本國銀行,安泰商業銀行,120823,61542,426,510,146,429,0,0.17,291.37,1,2,5,0,0
115,2,本國銀行,中國信託商業銀行#,9581320,6797018,94749,63785,17781,71834,360,0.11,309.52,85,203,954,25,163681
115,2,信用卡公司,台灣樂天信用卡股份有限公司,597720,196697,3099,6775,805,744,2,1.8,140.83,1,14,17,0,0
115,2,信用卡公司,台灣美國運通國際(股)公司,197423,129659,1595,2349,275,6057,1,0.2,535.14,3,2,126,0,96044
115,2,信用卡公司,香港商台灣環滙亞太信用卡,0,0,0,0,0,0,0,0.0,0.0,0,0,0,0,6924
115,2,信用卡公司,財團法人聯合信用卡處理中心,0,0,0,0,0,0,0,0.0,0.0,0,0,0,0,95611
115,3,本國銀行,臺灣銀行#,289293,150736,2216,1992,160,1127,1,0.06,1550.57,0,2,27,0,3288
115,3,本國銀行,臺灣土地銀行,300934,137146,1238,3309,309,895,1,0.46,518.69,4,5,15,0,6821
115,3,本國銀行,合作金庫商業銀行#,668563,390568,4299,5729,958,4415,2,0.17,413.76,6,8,26,0,48397
115,3,本國銀行,第一商業銀行#,1549398,953236,16462,8038,1256,7529,4,0.15,1173.32,7,18,114,0,35051
115,3,本國銀行,華南商業銀行#,1001342,770115,2806,5811,1155,5681,2,0.11,336.26,32,13,102,0,21106
115,3,本國銀行,彰化商業銀行,576063,288586,4683,3321,376,2335,2,0.23,532.96,2,6,35,0,15828
115,3,本國銀行,上海商業儲蓄銀行,385622,195661,1673,2598,648,1720,4,0.2,740.43,5,9,29,0,1336
115,3,本國銀行,台北富邦銀行#,7458641,5868372,42391,14293,11097,56568,98,0.17,1584.42,80,133,680,4,17926
115,3,本國銀行,國泰世華商業銀行#,7410001,5267362,58926,26536,21181,83103,225,0.21,966.65,92,274,1006,4,174129
115,3,本國銀行,高雄銀行,9764,4286,26,46,12,212,0,0.42,216.03,0,0,1,0,759
115,3,本國銀行,兆豐國際商業銀行#,1103737,600745,4450,3278,1485,4654,10,0.21,513.72,7,15,77,0,15024
115,3,本國銀行,花旗(台灣)商業銀行,27237,18122,429,339,0,770,0,0.08,133.44,0,0,13,0,0
115,3,本國銀行,臺灣中小企業銀行,175127,99769,1209,612,266,1025,1,0.08,230.3,2,4,13,0,1855
115,3,本國銀行,渣打國際商業銀行,219080,133424,263,2650,784,1341,3,0.31,668.18,3,7,20,0,30
115,3,本國銀行,台中商業銀行,156275,79064,1051,692,211,673,0,0.19,1189.83,2,3,8,0,598
115,3,本國銀行,滙豐(台灣)商業銀行,869230,597298,10143,4760,1707,12442,9,0.22,921.72,16,32,179,1,0
115,3,本國銀行,華泰商業銀行,9168,4859,22,41,7,57,0,0.05,670.14,0,0,1,0,25
115,3,本國銀行,臺灣新光商業銀行#,1059331,530501,11967,7271,1613,4830,7,0.25,597.97,14,26,123,0,8144
115,3,本國銀行,陽信商業銀行,115328,60368,1745,1212,171,632,0,0.23,853.37,5,3,4,0,4088
115,3,本國銀行,三信商業銀行,21067,13332,205,80,35,134,0,0.67,1957.95,0,0,1,0,0
115,3,本國銀行,聯邦商業銀行,2746362,1852157,24620,19117,6458,14607,33,0.19,263.38,27,63,199,1,42260
115,3,本國銀行,遠東國際商業銀行,1285527,896722,5461,6521,3108,4324,62,0.28,103.06,11,60,57,0,12159
115,3,本國銀行,元大商業銀行#,1215887,534973,4250,5980,1136,5402,14,0.09,977.33,7,15,77,0,209
115,3,本國銀行,永豐商業銀行#,2522879,1539122,20201,7205,3799,15639,66,0.15,549.19,18,59,245,1,20635
115,3,本國銀行,玉山商業銀行#,7462748,4789020,59700,162381,16204,52742,261,0.34,419.82,87,174,712,8,40427
115,3,本國銀行,凱基商業銀行#,436151,209791,7168,2116,1316,1995,8,0.82,186.8,9,14,11,0,9138
115,3,本國銀行,星展(台灣)商業銀行,3184507,2064336,9086,182614,8884,23186,133,0.5,523.92,50,137,403,4,41
115,3,本國銀行,台新國際商業銀行#,6651536,4797151,45854,41723,11065,51267,127,0.2,676.34,44,136,670,6,188848
115,3,本國銀行,安泰商業銀行,120900,61547,703,633,144,496,0,0.16,356.31,2,2,7,0,0
115,3,本國銀行,中國信託商業銀行#,9615426,6830525,109803,75697,17523,84604,561,0.12,300.43,82,222,1182,29,163182
115,3,信用卡公司,台灣樂天信用卡股份有限公司,593717,199824,5455,9907,831,934,5,2.05,118.26,1,13,21,0,0
115,3,信用卡公司,台灣美國運通國際(股)公司,196926,129081,2704,3201,261,7064,1,0.38,414.52,2,3,138,0,96096
115,3,信用卡公司,香港商台灣環滙亞太信用卡,0,0,0,0,0,0,0,0.0,0.0,0,0,0,0,6986
115,3,信用卡公司,財團法人聯合信用卡處理中心,0,0,0,0,0,0,0,0.0,0.0,0,0,0,0,95852
